timestamp,latitude,longitude,altitude,data source
2020-12-26T15:31:58Z,48.811057,9.250370,340.2,Charge 4
2020-12-26T15:31:59Z,48.811045,9.250352,340.2,Charge 4
2020-12-26T15:32:00Z,48.811037,9.250348,340.2,Charge 4
2020-12-26T15:32:01Z,48.811027,9.250328,340.2,Fitbit App
2020-12-26T15:32:02Z,48.811028,9.250347,340.2,Charge 4
2020-12-26T15:32:03Z,48.811020,9.250338,340.2,Charge 4
2020-12-26T15:32:04Z,48.811013,9.250320,340.2,Charge 4
2020-12-26T15:32:05Z,48.811007,9.250302,340.2,Charge 4
2020-12-26T15:32:06Z,48.811000,9.250265,340.2,Charge 4
2020-12-26T15:32:07Z,48.810993,9.250228,340.2,Charge 4
2020-12-26T15:32:08Z,48.810995,9.250220,340.2,Charge 4
2020-12-26T15:32:09Z,48.810995,9.250207,340.2,Charge 4
2020-12-26T15:32:10Z,48.810995,9.250197,340.2,Charge 4
2020-12-26T15:32:11Z,48.810993,9.250187,340.2,Charge 4
2020-12-26T15:32:12Z,48.810993,9.250173,340.2,Charge 4
2020-12-26T15:32:13Z,48.810995,9.250150,340.2,Charge 4
2020-12-26T15:32:14Z,48.810992,9.250122,340.2,Charge 4
2020-12-26T15:32:15Z,48.810990,9.250107,340.2,Charge 4
2020-12-26T15:32:16Z,48.810975,9.250093,340.2,Charge 4
2020-12-26T15:32:17Z,48.810970,9.250082,340.2,Charge 4
2020-12-26T15:32:18Z,48.810967,9.250073,340.2,Charge 4
2020-12-26T15:32:19Z,48.810970,9.250058,340.2,Charge 4
2020-12-26T15:32:20Z,48.810970,9.250033,340.2,Charge 4
2020-12-26T15:32:21Z,48.810970,9.250023,340.2,Charge 4
2020-12-26T15:32:22Z,48.810973,9.250005,340.2,Charge 4
2020-12-26T15:32:23Z,48.810975,9.249993,340.2,Charge 4
2020-12-26T15:32:24Z,48.810980,9.249972,340.2,Charge 4
2020-12-26T15:32:25Z,48.810985,9.249948,340.2,Charge 4
2020-12-26T15:32:26Z,48.810987,9.249942,340.2,Charge 4
2020-12-26T15:32:27Z,48.810988,9.249930,340.2,Charge 4
2020-12-26T15:32:28Z,48.810985,9.249913,340.2,Charge 4
2020-12-26T15:32:29Z,48.810970,9.249888,340.2,Charge 4
2020-12-26T15:32:30Z,48.810965,9.249863,340.2,Charge 4
2020-12-26T15:32:31Z,48.810960,9.249840,340.2,Charge 4
2020-12-26T15:32:32Z,48.810957,9.249823,340.2,Charge 4
2020-12-26T15:32:33Z,48.810955,9.249803,340.2,Charge 4
2020-12-26T15:32:34Z,48.810953,9.249780,340.2,Charge 4
2020-12-26T15:32:35Z,48.810948,9.249752,340.2,Charge 4
2020-12-26T15:32:36Z,48.810945,9.249738,340.2,Charge 4
2020-12-26T15:32:37Z,48.810940,9.249712,340.2,Charge 4
2020-12-26T15:32:38Z,48.810938,9.249702,340.2,Charge 4
2020-12-26T15:32:39Z,48.810933,9.249680,340.2,Charge 4
2020-12-26T15:32:40Z,48.810932,9.249657,340.2,Charge 4
2020-12-26T15:32:41Z,48.810928,9.249635,340.2,Charge 4
2020-12-26T15:32:42Z,48.810922,9.249613,340.2,Charge 4
2020-12-26T15:32:43Z,48.810917,9.249592,340.2,Charge 4
2020-12-26T15:32:44Z,48.810912,9.249577,340.2,Charge 4
2020-12-26T15:32:45Z,48.810910,9.249565,340.2,Charge 4
2020-12-26T15:32:46Z,48.810905,9.249540,340.2,Charge 4
2020-12-26T15:32:47Z,48.810902,9.249518,340.2,Charge 4
2020-12-26T15:32:48Z,48.810897,9.249493,340.2,Charge 4
2020-12-26T15:32:49Z,48.810893,9.249470,340.2,Charge 4
2020-12-26T15:32:50Z,48.810892,9.249448,340.2,Charge 4
2020-12-26T15:32:51Z,48.810887,9.249420,340.2,Charge 4
2020-12-26T15:32:52Z,48.810885,9.249403,340.2,Charge 4
2020-12-26T15:32:53Z,48.810882,9.249390,340.2,Charge 4
2020-12-26T15:32:54Z,48.810878,9.249367,340.2,Charge 4
2020-12-26T15:32:55Z,48.810875,9.249343,340.2,Charge 4
2020-12-26T15:32:56Z,48.810873,9.249325,340.2,Charge 4
2020-12-26T15:32:57Z,48.810872,9.249307,340.2,Charge 4
2020-12-26T15:32:58Z,48.810870,9.249295,340.2,Charge 4
2020-12-26T15:32:59Z,48.810868,9.249270,340.2,Charge 4
2020-12-26T15:33:00Z,48.810867,9.249248,340.2,Charge 4
2020-12-26T15:33:01Z,48.810867,9.249227,340.2,Charge 4
2020-12-26T15:33:02Z,48.810865,9.249213,340.2,Charge 4
2020-12-26T15:33:03Z,48.810862,9.249192,340.2,Charge 4
2020-12-26T15:33:04Z,48.810860,9.249182,340.2,Charge 4
2020-12-26T15:33:05Z,48.810857,9.249153,340.2,Charge 4
2020-12-26T15:33:06Z,48.810857,9.249143,340.2,Charge 4
2020-12-26T15:33:07Z,48.810855,9.249123,340.2,Charge 4
2020-12-26T15:33:08Z,48.810855,9.249112,340.2,Charge 4
2020-12-26T15:33:09Z,48.810850,9.249085,340.2,Charge 4
2020-12-26T15:33:10Z,48.810850,9.249075,340.2,Charge 4
2020-12-26T15:33:11Z,48.810848,9.249065,340.2,Charge 4
2020-12-26T15:33:12Z,48.810843,9.249045,340.2,Charge 4
2020-12-26T15:33:13Z,48.810843,9.249033,340.2,Charge 4
2020-12-26T15:33:14Z,48.810842,9.249010,340.2,Charge 4
2020-12-26T15:33:15Z,48.810838,9.248987,340.2,Charge 4
2020-12-26T15:33:16Z,48.810837,9.248975,340.2,Charge 4
2020-12-26T15:33:17Z,48.810833,9.248953,340.2,Charge 4
2020-12-26T15:33:18Z,48.810832,9.248940,340.2,Charge 4
2020-12-26T15:33:19Z,48.810830,9.248923,340.2,Charge 4
2020-12-26T15:33:20Z,48.810828,9.248910,340.2,Charge 4
2020-12-26T15:33:21Z,48.810827,9.248910,340.0,Charge 4
2020-12-26T15:33:22Z,48.810823,9.248898,340.0,Charge 4
2020-12-26T15:33:23Z,48.810820,9.248877,340.0,Charge 4
2020-12-26T15:33:24Z,48.810818,9.248862,340.0,Charge 4
2020-12-26T15:33:25Z,48.810815,9.248835,340.0,Charge 4
2020-12-26T15:33:26Z,48.810812,9.248812,340.0,Charge 4
2020-12-26T15:33:27Z,48.810810,9.248798,340.0,Charge 4
2020-12-26T15:33:28Z,48.810810,9.248775,340.0,Charge 4
2020-12-26T15:33:29Z,48.810815,9.248757,340.0,Charge 4
2020-12-26T15:33:30Z,48.810828,9.248770,340.0,Charge 4
2020-12-26T15:33:31Z,48.810838,9.248762,340.0,Charge 4
2020-12-26T15:33:32Z,48.810847,9.248757,340.0,Charge 4
2020-12-26T15:33:33Z,48.810860,9.248752,340.0,Charge 4
2020-12-26T15:33:34Z,48.810875,9.248747,340.0,Charge 4
2020-12-26T15:33:35Z,48.810887,9.248742,340.0,Charge 4
2020-12-26T15:33:36Z,48.810897,9.248738,340.5,Charge 4
2020-12-26T15:33:37Z,48.810900,9.248738,340.5,Charge 4
2020-12-26T15:33:38Z,48.810910,9.248735,340.5,Charge 4
2020-12-26T15:33:39Z,48.810920,9.248732,340.5,Charge 4
2020-12-26T15:33:40Z,48.810925,9.248730,340.5,Charge 4
2020-12-26T15:33:41Z,48.810933,9.248728,340.5,Charge 4
2020-12-26T15:33:42Z,48.810940,9.248728,340.5,Charge 4
2020-12-26T15:33:43Z,48.810945,9.248725,340.5,Charge 4
2020-12-26T15:33:44Z,48.810948,9.248723,340.5,Charge 4
2020-12-26T15:33:45Z,48.810958,9.248717,340.5,Charge 4
2020-12-26T15:33:46Z,48.810972,9.248710,340.5,Charge 4
2020-12-26T15:33:47Z,48.810978,9.248707,340.5,Charge 4
2020-12-26T15:33:48Z,48.810988,9.248697,340.5,Charge 4
2020-12-26T15:33:49Z,48.810995,9.248683,340.5,Charge 4
2020-12-26T15:33:50Z,48.810997,9.248668,340.5,Charge 4
2020-12-26T15:33:51Z,48.811003,9.248657,340.5,Charge 4
2020-12-26T15:33:52Z,48.811013,9.248650,340.5,Charge 4
2020-12-26T15:33:53Z,48.811027,9.248652,340.5,Charge 4
2020-12-26T15:33:54Z,48.811042,9.248657,340.5,Charge 4
2020-12-26T15:33:55Z,48.811052,9.248657,340.5,Charge 4
2020-12-26T15:33:56Z,48.811055,9.248657,340.5,Charge 4
2020-12-26T15:33:57Z,48.811057,9.248655,340.5,Charge 4
2020-12-26T15:33:58Z,48.811067,9.248650,340.5,Charge 4
2020-12-26T15:33:59Z,48.811077,9.248647,340.5,Charge 4
2020-12-26T15:34:00Z,48.811087,9.248642,340.5,Charge 4
2020-12-26T15:34:01Z,48.811095,9.248637,340.5,Charge 4
2020-12-26T15:34:02Z,48.811104,9.248635,340.5,Fitbit App
2020-12-26T15:34:03Z,48.811113,9.248632,340.5,Charge 4
2020-12-26T15:34:04Z,48.811120,9.248630,340.5,Charge 4
2020-12-26T15:34:05Z,48.811133,9.248627,340.0,Charge 4
2020-12-26T15:34:06Z,48.811137,9.248627,340.0,Charge 4
2020-12-26T15:34:07Z,48.811148,9.248622,340.0,Charge 4
2020-12-26T15:34:08Z,48.811160,9.248618,340.0,Charge 4
2020-12-26T15:34:09Z,48.811167,9.248613,340.0,Charge 4
2020-12-26T15:34:10Z,48.811175,9.248605,340.0,Charge 4
2020-12-26T15:34:11Z,48.811180,9.248602,340.0,Charge 4
2020-12-26T15:34:12Z,48.811192,9.248597,340.0,Charge 4
2020-12-26T15:34:13Z,48.811207,9.248592,340.0,Charge 4
2020-12-26T15:34:14Z,48.811223,9.248585,340.0,Charge 4
2020-12-26T15:34:15Z,48.811238,9.248578,340.0,Charge 4
2020-12-26T15:34:16Z,48.811247,9.248573,339.7,Charge 4
2020-12-26T15:34:17Z,48.811257,9.248568,339.7,Charge 4
2020-12-26T15:34:18Z,48.811262,9.248567,339.7,Charge 4
2020-12-26T15:34:19Z,48.811273,9.248560,339.7,Charge 4
2020-12-26T15:34:20Z,48.811288,9.248555,339.7,Charge 4
2020-12-26T15:34:21Z,48.811298,9.248552,339.7,Charge 4
2020-12-26T15:34:22Z,48.811312,9.248547,339.7,Charge 4
2020-12-26T15:34:23Z,48.811321,9.248543,339.7,Fitbit App
2020-12-26T15:34:24Z,48.811332,9.248540,339.7,Charge 4
2020-12-26T15:34:25Z,48.811345,9.248535,339.7,Charge 4
2020-12-26T15:34:26Z,48.811350,9.248530,338.5,Charge 4
2020-12-26T15:34:27Z,48.811363,9.248527,338.5,Charge 4
2020-12-26T15:34:28Z,48.811372,9.248523,338.5,Charge 4
2020-12-26T15:34:29Z,48.811385,9.248522,338.5,Charge 4
2020-12-26T15:34:30Z,48.811398,9.248515,338.5,Charge 4
2020-12-26T15:34:31Z,48.811405,9.248512,338.5,Charge 4
2020-12-26T15:34:32Z,48.811415,9.248508,338.5,Charge 4
2020-12-26T15:34:33Z,48.811423,9.248505,338.5,Charge 4
2020-12-26T15:34:34Z,48.811433,9.248502,338.5,Charge 4
2020-12-26T15:34:35Z,48.811442,9.248500,338.5,Charge 4
2020-12-26T15:34:36Z,48.811460,9.248497,338.5,Charge 4
2020-12-26T15:34:37Z,48.811480,9.248493,338.5,Charge 4
2020-12-26T15:34:38Z,48.811492,9.248488,338.5,Charge 4
2020-12-26T15:34:39Z,48.811502,9.248482,338.5,Charge 4
2020-12-26T15:34:40Z,48.811507,9.248480,338.5,Charge 4
2020-12-26T15:34:41Z,48.811518,9.248475,338.5,Charge 4
2020-12-26T15:34:42Z,48.811530,9.248470,338.5,Charge 4
2020-12-26T15:34:43Z,48.811535,9.248467,338.5,Charge 4
2020-12-26T15:34:44Z,48.811547,9.248462,338.5,Charge 4
2020-12-26T15:34:45Z,48.811557,9.248455,338.5,Charge 4
2020-12-26T15:34:46Z,48.811562,9.248448,338.5,Charge 4
2020-12-26T15:34:47Z,48.811563,9.248443,339.1,Charge 4
2020-12-26T15:34:48Z,48.811567,9.248440,339.1,Charge 4
2020-12-26T15:34:49Z,48.811577,9.248433,339.1,Charge 4
2020-12-26T15:34:50Z,48.811590,9.248428,339.1,Charge 4
2020-12-26T15:34:51Z,48.811597,9.248425,339.1,Charge 4
2020-12-26T15:34:52Z,48.811610,9.248420,339.1,Charge 4
2020-12-26T15:34:53Z,48.811622,9.248415,339.1,Charge 4
2020-12-26T15:34:54Z,48.811628,9.248412,339.1,Charge 4
2020-12-26T15:34:55Z,48.811643,9.248407,339.1,Charge 4
2020-12-26T15:34:56Z,48.811657,9.248402,339.1,Charge 4
2020-12-26T15:34:57Z,48.811670,9.248395,339.1,Charge 4
2020-12-26T15:34:58Z,48.811678,9.248388,339.1,Charge 4
2020-12-26T15:34:59Z,48.811687,9.248383,339.1,Charge 4
2020-12-26T15:35:00Z,48.811690,9.248382,339.1,Charge 4
2020-12-26T15:35:01Z,48.811698,9.248375,339.1,Charge 4
2020-12-26T15:35:02Z,48.811703,9.248370,339.1,Charge 4
2020-12-26T15:35:03Z,48.811713,9.248362,339.1,Charge 4
2020-12-26T15:35:04Z,48.811718,9.248358,339.1,Charge 4
2020-12-26T15:35:05Z,48.811730,9.248357,339.1,Charge 4
2020-12-26T15:35:06Z,48.811742,9.248355,339.1,Charge 4
2020-12-26T15:35:07Z,48.811750,9.248355,339.1,Charge 4
2020-12-26T15:35:08Z,48.811765,9.248350,339.1,Charge 4
2020-12-26T15:35:09Z,48.811778,9.248345,339.1,Charge 4
2020-12-26T15:35:10Z,48.811792,9.248338,339.1,Charge 4
2020-12-26T15:35:11Z,48.811805,9.248332,339.1,Charge 4
2020-12-26T15:35:12Z,48.811818,9.248325,339.1,Charge 4
2020-12-26T15:35:13Z,48.811832,9.248315,339.1,Charge 4
2020-12-26T15:35:14Z,48.811840,9.248310,339.1,Charge 4
2020-12-26T15:35:15Z,48.811848,9.248303,339.1,Charge 4
2020-12-26T15:35:16Z,48.811855,9.248300,339.1,Charge 4
2020-12-26T15:35:17Z,48.811870,9.248293,339.1,Charge 4
2020-12-26T15:35:18Z,48.811885,9.248283,339.1,Charge 4
2020-12-26T15:35:19Z,48.811897,9.248268,339.1,Charge 4
2020-12-26T15:35:20Z,48.811908,9.248255,339.1,Charge 4
2020-12-26T15:35:21Z,48.811922,9.248247,339.1,Charge 4
2020-12-26T15:35:22Z,48.811933,9.248242,339.1,Charge 4
2020-12-26T15:35:23Z,48.811943,9.248242,339.1,Charge 4
2020-12-26T15:35:24Z,48.811948,9.248243,339.1,Charge 4
2020-12-26T15:35:25Z,48.811963,9.248245,339.1,Charge 4
2020-12-26T15:35:26Z,48.811980,9.248243,339.1,Charge 4
2020-12-26T15:35:27Z,48.811992,9.248242,339.1,Charge 4
2020-12-26T15:35:28Z,48.812003,9.248240,339.1,Charge 4
2020-12-26T15:35:29Z,48.812013,9.248237,339.1,Charge 4
2020-12-26T15:35:30Z,48.812023,9.248230,339.1,Charge 4
2020-12-26T15:35:31Z,48.812030,9.248223,339.1,Charge 4
2020-12-26T15:35:32Z,48.812035,9.248212,339.1,Charge 4
2020-12-26T15:35:33Z,48.812045,9.248208,339.1,Charge 4
2020-12-26T15:35:34Z,48.812048,9.248208,339.1,Charge 4
2020-12-26T15:35:35Z,48.812058,9.248212,339.1,Charge 4
2020-12-26T15:35:36Z,48.812068,9.248212,339.1,Charge 4
2020-12-26T15:35:37Z,48.812085,9.248210,339.1,Charge 4
2020-12-26T15:35:38Z,48.812090,9.248210,339.1,Charge 4
2020-12-26T15:35:39Z,48.812095,9.248208,339.1,Charge 4
2020-12-26T15:35:40Z,48.812108,9.248205,339.1,Charge 4
2020-12-26T15:35:41Z,48.812118,9.248200,339.1,Charge 4
2020-12-26T15:35:42Z,48.812125,9.248193,339.1,Charge 4
2020-12-26T15:35:43Z,48.812137,9.248182,339.1,Charge 4
2020-12-26T15:35:44Z,48.812152,9.248177,339.1,Charge 4
2020-12-26T15:35:45Z,48.812165,9.248172,339.1,Charge 4
2020-12-26T15:35:46Z,48.812175,9.248165,339.1,Charge 4
2020-12-26T15:35:47Z,48.812187,9.248158,335.0,Charge 4
2020-12-26T15:35:48Z,48.812198,9.248155,335.0,Charge 4
2020-12-26T15:35:49Z,48.812207,9.248152,335.0,Charge 4
2020-12-26T15:35:50Z,48.812215,9.248150,333.0,Charge 4
2020-12-26T15:35:51Z,48.812230,9.248147,333.0,Charge 4
2020-12-26T15:35:52Z,48.812243,9.248145,334.0,Charge 4
2020-12-26T15:35:53Z,48.812258,9.248145,334.0,Charge 4
2020-12-26T15:35:54Z,48.812272,9.248143,334.0,Charge 4
2020-12-26T15:35:55Z,48.812283,9.248142,334.0,Charge 4
2020-12-26T15:35:56Z,48.812293,9.248137,335.0,Charge 4
2020-12-26T15:35:57Z,48.812303,9.248128,335.0,Charge 4
2020-12-26T15:35:58Z,48.812317,9.248122,334.0,Charge 4
2020-12-26T15:35:59Z,48.812328,9.248117,334.0,Charge 4
2020-12-26T15:36:00Z,48.812340,9.248113,334.0,Charge 4
2020-12-26T15:36:01Z,48.812348,9.248112,334.0,Charge 4
2020-12-26T15:36:02Z,48.812353,9.248110,334.0,Charge 4
2020-12-26T15:36:03Z,48.812367,9.248107,335.0,Charge 4
2020-12-26T15:36:04Z,48.812373,9.248103,335.0,Charge 4
2020-12-26T15:36:05Z,48.812385,9.248098,334.0,Charge 4
2020-12-26T15:36:06Z,48.812394,9.248094,334.5,Fitbit App
2020-12-26T15:36:07Z,48.812403,9.248090,335.0,Charge 4
2020-12-26T15:36:08Z,48.812415,9.248083,335.0,Charge 4
2020-12-26T15:36:09Z,48.812427,9.248078,334.0,Charge 4
2020-12-26T15:36:10Z,48.812438,9.248075,333.0,Charge 4
2020-12-26T15:36:11Z,48.812450,9.248073,332.0,Charge 4
2020-12-26T15:36:12Z,48.812463,9.248073,332.0,Charge 4
2020-12-26T15:36:13Z,48.812473,9.248080,336.0,Charge 4
2020-12-26T15:36:14Z,48.812478,9.248083,336.0,Charge 4
2020-12-26T15:36:15Z,48.812490,9.248085,335.0,Charge 4
2020-12-26T15:36:16Z,48.812502,9.248090,334.0,Charge 4
2020-12-26T15:36:17Z,48.812512,9.248090,335.0,Charge 4
2020-12-26T15:36:18Z,48.812518,9.248088,335.0,Charge 4
2020-12-26T15:36:19Z,48.812531,9.248078,334.5,Fitbit App
2020-12-26T15:36:20Z,48.812540,9.248072,334.0,Charge 4
2020-12-26T15:36:21Z,48.812555,9.248058,335.0,Charge 4
2020-12-26T15:36:22Z,48.812565,9.248055,335.0,Charge 4
2020-12-26T15:36:23Z,48.812578,9.248050,335.0,Charge 4
2020-12-26T15:36:24Z,48.812590,9.248048,334.0,Charge 4
2020-12-26T15:36:25Z,48.812602,9.248047,334.0,Charge 4
2020-12-26T15:36:26Z,48.812613,9.248047,332.0,Charge 4
2020-12-26T15:36:27Z,48.812625,9.248045,332.0,Charge 4
2020-12-26T15:36:28Z,48.812640,9.248043,331.0,Charge 4
2020-12-26T15:36:29Z,48.812650,9.248042,331.0,Charge 4
2020-12-26T15:36:30Z,48.812660,9.248040,329.0,Charge 4
2020-12-26T15:36:31Z,48.812672,9.248040,330.0,Charge 4
2020-12-26T15:36:32Z,48.812682,9.248040,330.0,Charge 4
2020-12-26T15:36:33Z,48.812688,9.248038,330.0,Charge 4
2020-12-26T15:36:34Z,48.812698,9.248035,331.0,Charge 4
2020-12-26T15:36:35Z,48.812712,9.248028,332.0,Charge 4
2020-12-26T15:36:36Z,48.812720,9.248025,332.0,Charge 4
2020-12-26T15:36:37Z,48.812725,9.248023,331.0,Charge 4
2020-12-26T15:36:38Z,48.812730,9.248025,332.0,Charge 4
2020-12-26T15:36:39Z,48.812740,9.248028,333.0,Charge 4
2020-12-26T15:36:40Z,48.812748,9.248028,333.0,Charge 4
2020-12-26T15:36:41Z,48.812765,9.248022,333.0,Charge 4
2020-12-26T15:36:42Z,48.812772,9.248015,333.0,Charge 4
2020-12-26T15:36:43Z,48.812782,9.247970,331.0,Charge 4
2020-12-26T15:36:44Z,48.812787,9.247950,331.0,Charge 4
2020-12-26T15:36:45Z,48.812802,9.247930,330.0,Charge 4
2020-12-26T15:36:46Z,48.812807,9.247923,330.0,Charge 4
2020-12-26T15:36:47Z,48.812820,9.247912,330.0,Charge 4
2020-12-26T15:36:48Z,48.812830,9.247898,330.0,Charge 4
2020-12-26T15:36:49Z,48.812837,9.247892,330.0,Charge 4
2020-12-26T15:36:50Z,48.812848,9.247882,330.0,Charge 4
2020-12-26T15:36:51Z,48.812862,9.247872,331.0,Charge 4
2020-12-26T15:36:52Z,48.812875,9.247863,331.0,Charge 4
2020-12-26T15:36:53Z,48.812890,9.247855,332.0,Charge 4
2020-12-26T15:36:54Z,48.812903,9.247850,333.0,Charge 4
2020-12-26T15:36:55Z,48.812928,9.247840,332.0,Charge 4
2020-12-26T15:36:56Z,48.812945,9.247835,332.0,Charge 4
2020-12-26T15:36:57Z,48.812957,9.247830,333.0,Charge 4
2020-12-26T15:36:58Z,48.812977,9.247822,334.0,Charge 4
2020-12-26T15:36:59Z,48.812985,9.247823,334.0,Charge 4
2020-12-26T15:37:00Z,48.813008,9.247825,334.0,Charge 4
2020-12-26T15:37:01Z,48.813018,9.247822,334.0,Charge 4
2020-12-26T15:37:02Z,48.813038,9.247822,335.0,Charge 4
2020-12-26T15:37:03Z,48.813053,9.247817,335.0,Charge 4
2020-12-26T15:37:04Z,48.813060,9.247810,332.0,Charge 4
2020-12-26T15:37:05Z,48.813072,9.247802,330.0,Charge 4
2020-12-26T15:37:06Z,48.813082,9.247790,329.0,Charge 4
2020-12-26T15:37:07Z,48.813093,9.247783,329.0,Charge 4
2020-12-26T15:37:08Z,48.813105,9.247782,327.0,Charge 4
2020-12-26T15:37:09Z,48.813115,9.247780,327.0,Charge 4
2020-12-26T15:37:10Z,48.813127,9.247780,326.0,Charge 4
2020-12-26T15:37:11Z,48.813132,9.247793,326.0,Charge 4
2020-12-26T15:37:12Z,48.813147,9.247797,325.0,Charge 4
2020-12-26T15:37:13Z,48.813157,9.247795,325.0,Charge 4
2020-12-26T15:37:14Z,48.813168,9.247790,324.0,Charge 4
2020-12-26T15:37:15Z,48.813173,9.247788,325.0,Charge 4
2020-12-26T15:37:16Z,48.813183,9.247785,326.0,Charge 4
2020-12-26T15:37:17Z,48.813193,9.247780,325.0,Charge 4
2020-12-26T15:37:18Z,48.813205,9.247775,324.0,Charge 4
2020-12-26T15:37:19Z,48.813217,9.247770,324.0,Charge 4
2020-12-26T15:37:20Z,48.813230,9.247762,323.0,Charge 4
2020-12-26T15:37:21Z,48.813242,9.247755,323.0,Charge 4
2020-12-26T15:37:22Z,48.813257,9.247747,322.0,Charge 4
2020-12-26T15:37:23Z,48.813263,9.247742,322.0,Charge 4
2020-12-26T15:37:24Z,48.813277,9.247733,322.0,Charge 4
2020-12-26T15:37:25Z,48.813290,9.247727,322.0,Charge 4
2020-12-26T15:37:26Z,48.813300,9.247718,322.0,Charge 4
2020-12-26T15:37:27Z,48.813312,9.247710,323.0,Charge 4
2020-12-26T15:37:28Z,48.813317,9.247707,323.0,Charge 4
2020-12-26T15:37:29Z,48.813323,9.247705,322.0,Charge 4
2020-12-26T15:37:30Z,48.813335,9.247702,322.0,Charge 4
2020-12-26T15:37:31Z,48.813348,9.247698,322.0,Charge 4
2020-12-26T15:37:32Z,48.813358,9.247693,323.0,Charge 4
2020-12-26T15:37:33Z,48.813372,9.247687,324.0,Charge 4
2020-12-26T15:37:34Z,48.813378,9.247685,324.0,Charge 4
2020-12-26T15:37:35Z,48.813397,9.247678,323.0,Charge 4
2020-12-26T15:37:36Z,48.813405,9.247677,323.0,Charge 4
2020-12-26T15:37:37Z,48.813415,9.247672,323.0,Charge 4
2020-12-26T15:37:38Z,48.813428,9.247665,324.0,Charge 4
2020-12-26T15:37:39Z,48.813433,9.247663,323.0,Charge 4
2020-12-26T15:37:40Z,48.813445,9.247658,324.0,Charge 4
2020-12-26T15:37:41Z,48.813453,9.247653,323.0,Charge 4
2020-12-26T15:37:42Z,48.813467,9.247645,324.0,Charge 4
2020-12-26T15:37:43Z,48.813473,9.247638,324.0,Charge 4
2020-12-26T15:37:44Z,48.813488,9.247630,325.0,Charge 4
2020-12-26T15:37:45Z,48.813500,9.247620,325.0,Charge 4
2020-12-26T15:37:46Z,48.813508,9.247613,325.0,Charge 4
2020-12-26T15:37:47Z,48.813525,9.247603,325.0,Charge 4
2020-12-26T15:37:48Z,48.813540,9.247595,325.0,Charge 4
2020-12-26T15:37:49Z,48.813553,9.247590,325.0,Charge 4
2020-12-26T15:37:50Z,48.813570,9.247583,326.0,Charge 4
2020-12-26T15:37:51Z,48.813577,9.247580,326.0,Charge 4
2020-12-26T15:37:52Z,48.813585,9.247578,326.0,Charge 4
2020-12-26T15:37:53Z,48.813602,9.247573,326.0,Charge 4
2020-12-26T15:37:54Z,48.813612,9.247567,326.0,Charge 4
2020-12-26T15:37:55Z,48.813625,9.247560,327.0,Charge 4
2020-12-26T15:37:56Z,48.813638,9.247553,327.0,Charge 4
2020-12-26T15:37:57Z,48.813653,9.247548,326.0,Charge 4
2020-12-26T15:37:58Z,48.813662,9.247543,326.0,Charge 4
2020-12-26T15:37:59Z,48.813677,9.247535,326.0,Charge 4
2020-12-26T15:38:00Z,48.813697,9.247523,326.0,Charge 4
2020-12-26T15:38:01Z,48.813703,9.247521,325.5,Fitbit App
2020-12-26T15:38:02Z,48.813712,9.247517,325.0,Charge 4
2020-12-26T15:38:03Z,48.813720,9.247517,325.0,Charge 4
2020-12-26T15:38:04Z,48.813735,9.247517,326.0,Charge 4
2020-12-26T15:38:05Z,48.813752,9.247512,326.0,Charge 4
2020-12-26T15:38:06Z,48.813760,9.247512,326.0,Charge 4
2020-12-26T15:38:07Z,48.813782,9.247517,325.0,Charge 4
2020-12-26T15:38:08Z,48.813787,9.247517,325.0,Charge 4
2020-12-26T15:38:09Z,48.813795,9.247507,325.0,Charge 4
2020-12-26T15:38:10Z,48.813797,9.247488,325.0,Charge 4
2020-12-26T15:38:11Z,48.813802,9.247475,325.0,Charge 4
2020-12-26T15:38:12Z,48.813807,9.247467,325.0,Charge 4
2020-12-26T15:38:13Z,48.813833,9.247457,325.0,Charge 4
2020-12-26T15:38:14Z,48.813842,9.247455,325.0,Charge 4
2020-12-26T15:38:15Z,48.813858,9.247453,326.0,Charge 4
2020-12-26T15:38:16Z,48.813872,9.247453,325.0,Charge 4
2020-12-26T15:38:17Z,48.813880,9.247452,324.0,Charge 4
2020-12-26T15:38:18Z,48.813892,9.247448,324.0,Charge 4
2020-12-26T15:38:19Z,48.813907,9.247440,324.0,Charge 4
2020-12-26T15:38:20Z,48.813917,9.247433,323.0,Charge 4
2020-12-26T15:38:21Z,48.813930,9.247427,324.0,Charge 4
2020-12-26T15:38:22Z,48.813935,9.247423,324.0,Charge 4
2020-12-26T15:38:23Z,48.813947,9.247417,325.0,Charge 4
2020-12-26T15:38:24Z,48.813953,9.247412,325.0,Charge 4
2020-12-26T15:38:25Z,48.813962,9.247405,325.0,Charge 4
2020-12-26T15:38:26Z,48.813967,9.247402,325.0,Charge 4
2020-12-26T15:38:27Z,48.813968,9.247392,324.0,Charge 4
2020-12-26T15:38:28Z,48.813965,9.247382,324.0,Charge 4
2020-12-26T15:38:29Z,48.813957,9.247368,324.0,Charge 4
2020-12-26T15:38:30Z,48.813952,9.247360,325.0,Charge 4
2020-12-26T15:38:31Z,48.813945,9.247345,325.0,Charge 4
2020-12-26T15:38:32Z,48.813942,9.247328,325.0,Charge 4
2020-12-26T15:38:33Z,48.813937,9.247313,324.0,Charge 4
2020-12-26T15:38:34Z,48.813932,9.247302,325.0,Charge 4
2020-12-26T15:38:35Z,48.813922,9.247282,324.0,Charge 4
2020-12-26T15:38:36Z,48.813915,9.247267,324.0,Charge 4
2020-12-26T15:38:37Z,48.813912,9.247250,324.0,Charge 4
2020-12-26T15:38:38Z,48.813910,9.247240,324.0,Charge 4
2020-12-26T15:38:39Z,48.813908,9.247220,324.0,Charge 4
2020-12-26T15:38:40Z,48.813908,9.247200,325.0,Charge 4
2020-12-26T15:38:41Z,48.813908,9.247177,325.0,Charge 4
2020-12-26T15:38:42Z,48.813907,9.247168,324.0,Charge 4
2020-12-26T15:38:43Z,48.813903,9.247152,325.0,Charge 4
2020-12-26T15:38:44Z,48.813902,9.247133,324.0,Charge 4
2020-12-26T15:38:45Z,48.813900,9.247112,325.0,Charge 4
2020-12-26T15:38:46Z,48.813898,9.247093,324.0,Charge 4
2020-12-26T15:38:47Z,48.813898,9.247085,324.0,Charge 4
2020-12-26T15:38:48Z,48.813897,9.247067,324.0,Charge 4
2020-12-26T15:38:49Z,48.813895,9.247047,325.0,Charge 4
2020-12-26T15:38:50Z,48.813893,9.247030,324.0,Charge 4
2020-12-26T15:38:51Z,48.813890,9.247018,323.0,Charge 4
2020-12-26T15:38:52Z,48.813888,9.247008,323.0,Charge 4
2020-12-26T15:38:53Z,48.813885,9.246995,323.0,Charge 4
2020-12-26T15:38:54Z,48.813885,9.246982,322.0,Charge 4
2020-12-26T15:38:55Z,48.813885,9.246977,321.0,Charge 4
2020-12-26T15:38:56Z,48.813885,9.246965,321.0,Charge 4
2020-12-26T15:38:57Z,48.813888,9.246958,321.0,Charge 4
2020-12-26T15:38:58Z,48.813888,9.246945,321.0,Charge 4
2020-12-26T15:38:59Z,48.813888,9.246930,321.0,Charge 4
2020-12-26T15:39:00Z,48.813885,9.246915,321.0,Charge 4
2020-12-26T15:39:01Z,48.813883,9.246908,321.0,Charge 4
2020-12-26T15:39:02Z,48.813880,9.246890,321.0,Charge 4
2020-12-26T15:39:03Z,48.813878,9.246875,321.0,Charge 4
2020-12-26T15:39:04Z,48.813877,9.246858,322.0,Charge 4
2020-12-26T15:39:05Z,48.813875,9.246840,322.0,Charge 4
2020-12-26T15:39:06Z,48.813875,9.246835,322.0,Charge 4
2020-12-26T15:39:07Z,48.813873,9.246820,322.0,Charge 4
2020-12-26T15:39:08Z,48.813872,9.246807,323.0,Charge 4
2020-12-26T15:39:09Z,48.813867,9.246788,322.0,Charge 4
2020-12-26T15:39:10Z,48.813862,9.246773,321.0,Charge 4
2020-12-26T15:39:11Z,48.813855,9.246763,322.0,Charge 4
2020-12-26T15:39:12Z,48.813853,9.246747,322.0,Charge 4
2020-12-26T15:39:13Z,48.813848,9.246730,322.0,Charge 4
2020-12-26T15:39:14Z,48.813845,9.246715,322.0,Charge 4
2020-12-26T15:39:15Z,48.813843,9.246697,322.0,Charge 4
2020-12-26T15:39:16Z,48.813842,9.246678,322.0,Charge 4
2020-12-26T15:39:17Z,48.813838,9.246668,322.0,Charge 4
2020-12-26T15:39:18Z,48.813835,9.246650,321.0,Charge 4
2020-12-26T15:39:19Z,48.813833,9.246632,321.0,Charge 4
2020-12-26T15:39:20Z,48.813832,9.246613,321.0,Charge 4
2020-12-26T15:39:21Z,48.813832,9.246592,321.0,Charge 4
2020-12-26T15:39:22Z,48.813832,9.246573,321.0,Charge 4
2020-12-26T15:39:23Z,48.813832,9.246563,321.0,Charge 4
2020-12-26T15:39:24Z,48.813833,9.246545,321.0,Charge 4
2020-12-26T15:39:25Z,48.813835,9.246532,320.0,Charge 4
2020-12-26T15:39:26Z,48.813837,9.246520,319.0,Charge 4
2020-12-26T15:39:27Z,48.813838,9.246507,320.0,Charge 4
2020-12-26T15:39:28Z,48.813838,9.246497,320.0,Charge 4
2020-12-26T15:39:29Z,48.813838,9.246475,320.0,Charge 4
2020-12-26T15:39:30Z,48.813837,9.246457,320.0,Charge 4
2020-12-26T15:39:31Z,48.813837,9.246438,321.0,Charge 4
2020-12-26T15:39:32Z,48.813837,9.246428,321.0,Charge 4
2020-12-26T15:39:33Z,48.813837,9.246398,321.0,Charge 4
2020-12-26T15:39:34Z,48.813838,9.246387,321.0,Charge 4
2020-12-26T15:39:35Z,48.813840,9.246372,321.0,Charge 4
2020-12-26T15:39:36Z,48.813843,9.246352,321.0,Charge 4
2020-12-26T15:39:37Z,48.813845,9.246338,321.0,Charge 4
2020-12-26T15:39:38Z,48.813847,9.246320,321.0,Charge 4
2020-12-26T15:39:39Z,48.813842,9.246313,322.0,Charge 4
2020-12-26T15:39:40Z,48.813833,9.246285,321.0,Charge 4
2020-12-26T15:39:41Z,48.813825,9.246272,321.0,Charge 4
2020-12-26T15:39:42Z,48.813818,9.246258,320.0,Charge 4
2020-12-26T15:39:43Z,48.813810,9.246245,320.0,Charge 4
2020-12-26T15:39:44Z,48.813807,9.246222,320.0,Charge 4
2020-12-26T15:39:45Z,48.813807,9.246208,320.0,Charge 4
2020-12-26T15:39:46Z,48.813807,9.246180,322.0,Charge 4
2020-12-26T15:39:47Z,48.813808,9.246148,324.0,Charge 4
2020-12-26T15:39:48Z,48.813812,9.246122,323.0,Charge 4
2020-12-26T15:39:49Z,48.813815,9.246102,322.0,Charge 4
2020-12-26T15:39:50Z,48.813815,9.246083,319.0,Charge 4
2020-12-26T15:39:51Z,48.813815,9.246063,318.0,Charge 4
2020-12-26T15:39:52Z,48.813813,9.246045,318.0,Charge 4
2020-12-26T15:39:53Z,48.813812,9.246032,318.0,Charge 4
2020-12-26T15:39:54Z,48.813810,9.246018,319.0,Charge 4
2020-12-26T15:39:55Z,48.813805,9.245998,319.5,Fitbit App
2020-12-26T15:39:56Z,48.813800,9.245980,320.0,Charge 4
2020-12-26T15:39:57Z,48.813797,9.245958,320.0,Charge 4
2020-12-26T15:39:58Z,48.813793,9.245938,319.0,Charge 4
2020-12-26T15:39:59Z,48.813788,9.245927,321.0,Charge 4
2020-12-26T15:40:00Z,48.813782,9.245923,322.0,Charge 4
2020-12-26T15:40:01Z,48.813777,9.245912,322.0,Charge 4
2020-12-26T15:40:02Z,48.813775,9.245895,321.0,Charge 4
2020-12-26T15:40:03Z,48.813775,9.245885,321.0,Charge 4
2020-12-26T15:40:04Z,48.813775,9.245870,321.5,Fitbit App
2020-12-26T15:40:05Z,48.813775,9.245855,322.0,Charge 4
2020-12-26T15:40:06Z,48.813772,9.245840,322.0,Charge 4
2020-12-26T15:40:07Z,48.813770,9.245833,322.0,Charge 4
2020-12-26T15:40:08Z,48.813767,9.245832,321.0,Charge 4
2020-12-26T15:40:09Z,48.813762,9.245820,321.0,Charge 4
2020-12-26T15:40:10Z,48.813758,9.245808,321.0,Charge 4
2020-12-26T15:40:11Z,48.813758,9.245797,320.0,Charge 4
2020-12-26T15:40:12Z,48.813758,9.245788,320.0,Charge 4
2020-12-26T15:40:13Z,48.813757,9.245773,319.0,Charge 4
2020-12-26T15:40:14Z,48.813752,9.245763,318.0,Charge 4
2020-12-26T15:40:15Z,48.813743,9.245748,318.0,Charge 4
2020-12-26T15:40:16Z,48.813735,9.245733,317.0,Charge 4
2020-12-26T15:40:17Z,48.813727,9.245715,318.0,Charge 4
2020-12-26T15:40:18Z,48.813718,9.245700,319.0,Charge 4
2020-12-26T15:40:19Z,48.813710,9.245682,318.0,Charge 4
2020-12-26T15:40:20Z,48.813705,9.245665,318.0,Charge 4
2020-12-26T15:40:21Z,48.813698,9.245647,318.0,Charge 4
2020-12-26T15:40:22Z,48.813692,9.245628,319.0,Charge 4
2020-12-26T15:40:23Z,48.813690,9.245618,319.0,Charge 4
2020-12-26T15:40:24Z,48.813683,9.245602,319.0,Fitbit App
2020-12-26T15:40:25Z,48.813677,9.245587,319.0,Charge 4
2020-12-26T15:40:26Z,48.813672,9.245567,319.0,Charge 4
2020-12-26T15:40:27Z,48.813662,9.245550,317.0,Charge 4
2020-12-26T15:40:28Z,48.813655,9.245535,318.0,Charge 4
2020-12-26T15:40:29Z,48.813653,9.245522,317.0,Charge 4
2020-12-26T15:40:30Z,48.813650,9.245517,317.0,Charge 4
2020-12-26T15:40:31Z,48.813648,9.245503,317.0,Charge 4
2020-12-26T15:40:32Z,48.813642,9.245493,318.0,Charge 4
2020-12-26T15:40:33Z,48.813637,9.245483,317.0,Charge 4
2020-12-26T15:40:34Z,48.813630,9.245462,317.0,Charge 4
2020-12-26T15:40:35Z,48.813622,9.245452,317.0,Charge 4
2020-12-26T15:40:36Z,48.813617,9.245440,317.0,Charge 4
2020-12-26T15:40:37Z,48.813608,9.245427,317.0,Charge 4
2020-12-26T15:40:38Z,48.813602,9.245415,317.0,Charge 4
2020-12-26T15:40:39Z,48.813593,9.245395,322.0,Charge 4
2020-12-26T15:40:40Z,48.813585,9.245377,319.0,Charge 4
2020-12-26T15:40:41Z,48.813575,9.245360,318.0,Charge 4
2020-12-26T15:40:42Z,48.813567,9.245347,322.0,Charge 4
2020-12-26T15:40:43Z,48.813562,9.245328,319.0,Charge 4
2020-12-26T15:40:44Z,48.813557,9.245320,319.0,Charge 4
2020-12-26T15:40:45Z,48.813550,9.245302,318.0,Charge 4
2020-12-26T15:40:46Z,48.813543,9.245283,317.0,Charge 4
2020-12-26T15:40:47Z,48.813540,9.245267,321.0,Charge 4
2020-12-26T15:40:48Z,48.813540,9.245240,319.0,Charge 4
2020-12-26T15:40:49Z,48.813542,9.245218,318.0,Charge 4
2020-12-26T15:40:50Z,48.813553,9.245203,317.0,Charge 4
2020-12-26T15:40:51Z,48.813562,9.245185,317.0,Charge 4
2020-12-26T15:40:52Z,48.813565,9.245177,317.0,Charge 4
2020-12-26T15:40:53Z,48.813567,9.245153,318.0,Charge 4
2020-12-26T15:40:54Z,48.813564,9.245146,318.0,Fitbit App
2020-12-26T15:40:55Z,48.813565,9.245137,318.0,Charge 4
2020-12-26T15:40:56Z,48.813562,9.245117,320.0,Charge 4
2020-12-26T15:40:57Z,48.813558,9.245108,321.0,Charge 4
2020-12-26T15:40:58Z,48.813557,9.245095,322.0,Charge 4
2020-12-26T15:40:59Z,48.813555,9.245078,322.0,Charge 4
2020-12-26T15:41:00Z,48.813558,9.245060,322.0,Charge 4
2020-12-26T15:41:01Z,48.813565,9.245040,322.0,Charge 4
2020-12-26T15:41:02Z,48.813577,9.245025,322.0,Charge 4
2020-12-26T15:41:03Z,48.813583,9.245017,322.0,Charge 4
2020-12-26T15:41:04Z,48.813587,9.245005,321.0,Charge 4
2020-12-26T15:41:05Z,48.813587,9.245000,321.0,Charge 4
2020-12-26T15:41:06Z,48.813588,9.244992,322.0,Charge 4
2020-12-26T15:41:07Z,48.813592,9.244990,322.0,Charge 4
2020-12-26T15:41:08Z,48.813595,9.244990,321.0,Charge 4
2020-12-26T15:41:09Z,48.813602,9.244988,321.0,Charge 4
2020-12-26T15:41:10Z,48.813598,9.244995,322.0,Charge 4
2020-12-26T15:41:11Z,48.813593,9.245003,321.0,Charge 4
2020-12-26T15:41:12Z,48.813590,9.245008,321.0,Charge 4
2020-12-26T15:41:13Z,48.813585,9.245015,322.0,Charge 4
2020-12-26T15:41:14Z,48.813583,9.245018,321.0,Charge 4
2020-12-26T15:41:15Z,48.813583,9.245020,321.0,Charge 4
2020-12-26T15:41:16Z,48.813582,9.245023,321.0,Charge 4
2020-12-26T15:41:17Z,48.813577,9.245028,321.0,Charge 4
2020-12-26T15:41:18Z,48.813575,9.245028,321.0,Charge 4
2020-12-26T15:41:19Z,48.813567,9.245030,319.0,Charge 4
2020-12-26T15:41:20Z,48.813560,9.245030,319.0,Charge 4
2020-12-26T15:41:21Z,48.813542,9.245007,319.0,Charge 4
2020-12-26T15:41:22Z,48.813537,9.244995,319.0,Charge 4
2020-12-26T15:41:23Z,48.813532,9.244973,319.0,Charge 4
2020-12-26T15:41:24Z,48.813525,9.244932,319.0,Charge 4
2020-12-26T15:41:25Z,48.813518,9.244903,320.0,Charge 4
2020-12-26T15:41:26Z,48.813517,9.244883,320.0,Charge 4
2020-12-26T15:41:27Z,48.813528,9.244843,319.0,Charge 4
2020-12-26T15:41:28Z,48.813532,9.244832,319.0,Charge 4
2020-12-26T15:41:29Z,48.813533,9.244815,319.0,Charge 4
2020-12-26T15:41:30Z,48.813533,9.244800,319.0,Charge 4
2020-12-26T15:41:31Z,48.813532,9.244790,319.0,Charge 4
2020-12-26T15:41:32Z,48.813530,9.244770,319.0,Charge 4
2020-12-26T15:41:33Z,48.813527,9.244752,319.0,Charge 4
2020-12-26T15:41:34Z,48.813522,9.244730,318.0,Charge 4
2020-12-26T15:41:35Z,48.813517,9.244710,319.0,Charge 4
2020-12-26T15:41:36Z,48.813515,9.244692,318.0,Charge 4
2020-12-26T15:41:37Z,48.813513,9.244682,318.0,Charge 4
2020-12-26T15:41:38Z,48.813512,9.244663,317.0,Charge 4
2020-12-26T15:41:39Z,48.813510,9.244650,318.0,Charge 4
2020-12-26T15:41:40Z,48.813507,9.244643,318.0,Charge 4
2020-12-26T15:41:41Z,48.813503,9.244628,319.0,Charge 4
2020-12-26T15:41:42Z,48.813502,9.244620,319.0,Charge 4
2020-12-26T15:41:43Z,48.813498,9.244600,317.0,Charge 4
2020-12-26T15:41:44Z,48.813495,9.244582,318.0,Charge 4
2020-12-26T15:41:45Z,48.813493,9.244567,318.0,Charge 4
2020-12-26T15:41:46Z,48.813490,9.244553,319.0,Charge 4
2020-12-26T15:41:47Z,48.813487,9.244537,319.0,Charge 4
2020-12-26T15:41:48Z,48.813483,9.244515,319.0,Charge 4
2020-12-26T15:41:49Z,48.813480,9.244492,320.0,Charge 4
2020-12-26T15:41:50Z,48.813478,9.244480,320.0,Charge 4
2020-12-26T15:41:51Z,48.813475,9.244462,320.0,Charge 4
2020-12-26T15:41:52Z,48.813473,9.244452,320.0,Charge 4
2020-12-26T15:41:53Z,48.813470,9.244430,320.0,Charge 4
2020-12-26T15:41:54Z,48.813467,9.244410,319.0,Charge 4
2020-12-26T15:41:55Z,48.813463,9.244392,319.0,Charge 4
2020-12-26T15:41:56Z,48.813460,9.244375,319.0,Charge 4
2020-12-26T15:41:57Z,48.813460,9.244367,319.0,Charge 4
2020-12-26T15:41:58Z,48.813457,9.244350,319.0,Charge 4
2020-12-26T15:41:59Z,48.813455,9.244333,319.0,Charge 4
2020-12-26T15:42:00Z,48.813452,9.244305,319.0,Charge 4
2020-12-26T15:42:01Z,48.813450,9.244295,319.0,Charge 4
2020-12-26T15:42:02Z,48.813448,9.244278,318.0,Charge 4
2020-12-26T15:42:03Z,48.813447,9.244268,318.0,Charge 4
2020-12-26T15:42:04Z,48.813447,9.244253,318.0,Charge 4
2020-12-26T15:42:05Z,48.813443,9.244237,318.0,Charge 4
2020-12-26T15:42:06Z,48.813440,9.244217,318.0,Charge 4
2020-12-26T15:42:07Z,48.813437,9.244198,318.0,Charge 4
2020-12-26T15:42:08Z,48.813433,9.244188,318.0,Charge 4
2020-12-26T15:42:09Z,48.813432,9.244170,319.0,Charge 4
2020-12-26T15:42:10Z,48.813428,9.244153,318.0,Charge 4
2020-12-26T15:42:11Z,48.813425,9.244138,318.0,Charge 4
2020-12-26T15:42:12Z,48.813423,9.244125,318.0,Charge 4
2020-12-26T15:42:13Z,48.813420,9.244115,318.0,Charge 4
2020-12-26T15:42:14Z,48.813418,9.244105,318.0,Charge 4
2020-12-26T15:42:15Z,48.813415,9.244088,318.0,Charge 4
2020-12-26T15:42:16Z,48.813412,9.244072,319.0,Charge 4
2020-12-26T15:42:17Z,48.813410,9.244057,319.0,Charge 4
2020-12-26T15:42:18Z,48.813408,9.244038,319.0,Charge 4
2020-12-26T15:42:19Z,48.813405,9.244028,319.0,Charge 4
2020-12-26T15:42:20Z,48.813402,9.244015,319.0,Charge 4
2020-12-26T15:42:21Z,48.813399,9.243996,319.66,Fitbit App
2020-12-26T15:42:22Z,48.813397,9.243978,320.33,Fitbit App
2020-12-26T15:42:23Z,48.813395,9.243960,321.0,Charge 4
2020-12-26T15:42:24Z,48.813395,9.243947,321.0,Charge 4
2020-12-26T15:42:25Z,48.813393,9.243937,321.0,Charge 4
2020-12-26T15:42:26Z,48.813390,9.243917,320.0,Charge 4
2020-12-26T15:42:27Z,48.813387,9.243893,320.0,Charge 4
2020-12-26T15:42:28Z,48.813383,9.243877,320.0,Charge 4
2020-12-26T15:42:29Z,48.813382,9.243867,320.0,Charge 4
2020-12-26T15:42:30Z,48.813378,9.243845,320.0,Charge 4
2020-12-26T15:42:31Z,48.813377,9.243825,320.0,Charge 4
2020-12-26T15:42:32Z,48.813377,9.243810,320.0,Charge 4
2020-12-26T15:42:33Z,48.813373,9.243792,319.0,Charge 4
2020-12-26T15:42:34Z,48.813372,9.243773,320.0,Charge 4
2020-12-26T15:42:35Z,48.813370,9.243763,320.0,Charge 4
2020-12-26T15:42:36Z,48.813368,9.243742,320.0,Charge 4
2020-12-26T15:42:37Z,48.813363,9.243730,320.0,Charge 4
2020-12-26T15:42:38Z,48.813360,9.243713,320.0,Charge 4
2020-12-26T15:42:39Z,48.813358,9.243697,321.0,Charge 4
2020-12-26T15:42:40Z,48.813355,9.243687,322.0,Charge 4
2020-12-26T15:42:41Z,48.813352,9.243665,320.0,Charge 4
2020-12-26T15:42:42Z,48.813348,9.243650,320.0,Charge 4
2020-12-26T15:42:43Z,48.813347,9.243628,320.0,Charge 4
2020-12-26T15:42:44Z,48.813347,9.243610,320.0,Charge 4
2020-12-26T15:42:45Z,48.813348,9.243595,320.0,Charge 4
2020-12-26T15:42:46Z,48.813352,9.243578,320.0,Charge 4
2020-12-26T15:42:47Z,48.813353,9.243568,320.0,Charge 4
2020-12-26T15:42:48Z,48.813362,9.243547,320.0,Charge 4
2020-12-26T15:42:49Z,48.813362,9.243537,320.0,Charge 4
2020-12-26T15:42:50Z,48.813367,9.243527,319.0,Charge 4
2020-12-26T15:42:51Z,48.813372,9.243507,319.0,Charge 4
2020-12-26T15:42:52Z,48.813373,9.243488,318.0,Charge 4
2020-12-26T15:42:53Z,48.813372,9.243472,317.0,Charge 4
2020-12-26T15:42:54Z,48.813372,9.243463,318.0,Charge 4
2020-12-26T15:42:55Z,48.813368,9.243443,318.0,Charge 4
2020-12-26T15:42:56Z,48.813365,9.243430,318.0,Charge 4
2020-12-26T15:42:57Z,48.813360,9.243412,318.0,Charge 4
2020-12-26T15:42:58Z,48.813357,9.243402,317.0,Charge 4
2020-12-26T15:42:59Z,48.813348,9.243377,317.0,Charge 4
2020-12-26T15:43:00Z,48.813347,9.243367,317.0,Charge 4
2020-12-26T15:43:01Z,48.813342,9.243350,316.0,Charge 4
2020-12-26T15:43:02Z,48.813337,9.243335,317.0,Charge 4
2020-12-26T15:43:03Z,48.813332,9.243320,317.0,Charge 4
2020-12-26T15:43:04Z,48.813327,9.243313,317.0,Charge 4
2020-12-26T15:43:05Z,48.813318,9.243298,316.0,Charge 4
2020-12-26T15:43:06Z,48.813312,9.243282,316.0,Charge 4
2020-12-26T15:43:07Z,48.813303,9.243267,317.0,Charge 4
2020-12-26T15:43:08Z,48.813300,9.243255,317.0,Charge 4
2020-12-26T15:43:09Z,48.813295,9.243238,317.0,Charge 4
2020-12-26T15:43:10Z,48.813288,9.243212,317.0,Charge 4
2020-12-26T15:43:11Z,48.813287,9.243202,317.0,Charge 4
2020-12-26T15:43:12Z,48.813283,9.243188,317.5,Fitbit App
2020-12-26T15:43:13Z,48.813282,9.243175,318.0,Charge 4
2020-12-26T15:43:14Z,48.813268,9.243157,318.0,Charge 4
2020-12-26T15:43:15Z,48.813267,9.243144,318.0,Fitbit App
2020-12-26T15:43:16Z,48.813265,9.243133,318.0,Charge 4
2020-12-26T15:43:17Z,48.813265,9.243108,318.0,Charge 4
2020-12-26T15:43:18Z,48.813262,9.243085,318.0,Charge 4
2020-12-26T15:43:19Z,48.813257,9.243063,319.0,Charge 4
2020-12-26T15:43:20Z,48.813255,9.243047,319.0,Charge 4
2020-12-26T15:43:21Z,48.813253,9.243027,319.0,Charge 4
2020-12-26T15:43:22Z,48.813253,9.243015,319.0,Charge 4
2020-12-26T15:43:23Z,48.813252,9.243002,319.0,Charge 4
2020-12-26T15:43:24Z,48.813245,9.242985,319.0,Charge 4
2020-12-26T15:43:25Z,48.813240,9.242968,320.0,Charge 4
2020-12-26T15:43:26Z,48.813237,9.242958,320.0,Charge 4
2020-12-26T15:43:27Z,48.813233,9.242940,320.0,Charge 4
2020-12-26T15:43:28Z,48.813230,9.242922,320.0,Charge 4
2020-12-26T15:43:29Z,48.813227,9.242908,319.0,Charge 4
2020-12-26T15:43:30Z,48.813222,9.242888,320.0,Charge 4
2020-12-26T15:43:31Z,48.813218,9.242867,320.0,Charge 4
2020-12-26T15:43:32Z,48.813215,9.242843,319.0,Charge 4
2020-12-26T15:43:33Z,48.813212,9.242818,319.0,Charge 4
2020-12-26T15:43:34Z,48.813210,9.242797,320.0,Charge 4
2020-12-26T15:43:35Z,48.813210,9.242783,320.0,Charge 4
2020-12-26T15:43:36Z,48.813208,9.242773,320.0,Charge 4
2020-12-26T15:43:37Z,48.813205,9.242758,321.0,Charge 4
2020-12-26T15:43:38Z,48.813203,9.242752,321.0,Charge 4
2020-12-26T15:43:39Z,48.813198,9.242740,320.0,Charge 4
2020-12-26T15:43:40Z,48.813195,9.242725,321.0,Charge 4
2020-12-26T15:43:41Z,48.813192,9.242713,321.0,Charge 4
2020-12-26T15:43:42Z,48.813187,9.242690,320.0,Charge 4
2020-12-26T15:43:43Z,48.813183,9.242672,320.0,Charge 4
2020-12-26T15:43:44Z,48.813180,9.242655,320.0,Charge 4
2020-12-26T15:43:45Z,48.813178,9.242643,321.0,Charge 4
2020-12-26T15:43:46Z,48.813173,9.242633,321.0,Charge 4
2020-12-26T15:43:47Z,48.813168,9.242628,322.0,Charge 4
2020-12-26T15:43:48Z,48.813165,9.242610,323.0,Charge 4
2020-12-26T15:43:49Z,48.813163,9.242590,323.0,Charge 4
2020-12-26T15:43:50Z,48.813162,9.242580,323.0,Charge 4
2020-12-26T15:43:51Z,48.813158,9.242562,321.0,Charge 4
2020-12-26T15:43:52Z,48.813155,9.242540,321.0,Charge 4
2020-12-26T15:43:53Z,48.813152,9.242527,321.0,Charge 4
2020-12-26T15:43:54Z,48.813147,9.242497,319.0,Charge 4
2020-12-26T15:43:55Z,48.813143,9.242477,319.0,Charge 4
2020-12-26T15:43:56Z,48.813138,9.242457,319.0,Charge 4
2020-12-26T15:43:57Z,48.813135,9.242442,319.0,Charge 4
2020-12-26T15:43:58Z,48.813125,9.242420,320.0,Charge 4
2020-12-26T15:43:59Z,48.813120,9.242390,319.0,Charge 4
2020-12-26T15:44:00Z,48.813118,9.242377,319.0,Charge 4
2020-12-26T15:44:01Z,48.813117,9.242363,318.0,Charge 4
2020-12-26T15:44:02Z,48.813115,9.242353,318.0,Charge 4
2020-12-26T15:44:03Z,48.813113,9.242337,317.0,Charge 4
2020-12-26T15:44:04Z,48.813110,9.242315,317.0,Charge 4
2020-12-26T15:44:05Z,48.813107,9.242303,317.0,Charge 4
2020-12-26T15:44:06Z,48.813105,9.242280,317.0,Charge 4
2020-12-26T15:44:07Z,48.813103,9.242262,317.0,Charge 4
2020-12-26T15:44:08Z,48.813102,9.242245,318.0,Charge 4
2020-12-26T15:44:09Z,48.813103,9.242243,320.0,Charge 4
2020-12-26T15:44:10Z,48.813105,9.242232,320.0,Charge 4
2020-12-26T15:44:11Z,48.813105,9.242217,320.0,Charge 4
2020-12-26T15:44:12Z,48.813103,9.242202,320.0,Charge 4
2020-12-26T15:44:13Z,48.813102,9.242180,319.0,Charge 4
2020-12-26T15:44:14Z,48.813100,9.242168,319.0,Charge 4
2020-12-26T15:44:15Z,48.813097,9.242143,319.0,Charge 4
2020-12-26T15:44:16Z,48.813095,9.242125,320.0,Charge 4
2020-12-26T15:44:17Z,48.813093,9.242113,319.0,Charge 4
2020-12-26T15:44:18Z,48.813088,9.242087,320.0,Charge 4
2020-12-26T15:44:19Z,48.813085,9.242072,319.0,Charge 4
2020-12-26T15:44:20Z,48.813077,9.242042,320.0,Charge 4
2020-12-26T15:44:21Z,48.813073,9.242025,320.0,Charge 4
2020-12-26T15:44:22Z,48.813068,9.242010,320.0,Charge 4
2020-12-26T15:44:23Z,48.813062,9.242010,319.0,Charge 4
2020-12-26T15:44:24Z,48.813058,9.242002,319.0,Charge 4
2020-12-26T15:44:25Z,48.813055,9.241985,319.0,Charge 4
2020-12-26T15:44:26Z,48.813053,9.241978,319.0,Charge 4
2020-12-26T15:44:27Z,48.813050,9.241950,319.0,Charge 4
2020-12-26T15:44:28Z,48.813047,9.241933,319.0,Charge 4
2020-12-26T15:44:29Z,48.813045,9.241925,319.0,Charge 4
2020-12-26T15:44:30Z,48.813045,9.241903,319.0,Charge 4
2020-12-26T15:44:31Z,48.813040,9.241890,319.0,Charge 4
2020-12-26T15:44:32Z,48.813037,9.241880,319.0,Charge 4
2020-12-26T15:44:33Z,48.813028,9.241867,320.0,Charge 4
2020-12-26T15:44:34Z,48.813018,9.241852,319.0,Charge 4
2020-12-26T15:44:35Z,48.813005,9.241835,318.0,Charge 4
2020-12-26T15:44:36Z,48.812995,9.241828,317.0,Charge 4
2020-12-26T15:44:37Z,48.812972,9.241828,317.0,Charge 4
2020-12-26T15:44:38Z,48.812953,9.241830,317.0,Charge 4
2020-12-26T15:44:39Z,48.812945,9.241833,317.0,Charge 4
2020-12-26T15:44:40Z,48.812927,9.241837,317.0,Charge 4
2020-12-26T15:44:41Z,48.812915,9.241838,317.0,Charge 4
2020-12-26T15:44:42Z,48.812902,9.241843,317.0,Charge 4
2020-12-26T15:44:43Z,48.812888,9.241857,317.0,Charge 4
2020-12-26T15:44:44Z,48.812875,9.241870,317.0,Charge 4
2020-12-26T15:44:45Z,48.812857,9.241890,317.0,Charge 4
2020-12-26T15:44:46Z,48.812843,9.241913,317.0,Charge 4
2020-12-26T15:44:47Z,48.812825,9.241933,317.0,Charge 4
2020-12-26T15:44:48Z,48.812802,9.241952,315.0,Charge 4
2020-12-26T15:44:49Z,48.812792,9.241960,315.0,Charge 4
2020-12-26T15:44:50Z,48.812778,9.241972,315.0,Charge 4
2020-12-26T15:44:51Z,48.812763,9.241978,312.0,Charge 4
2020-12-26T15:44:52Z,48.812752,9.241983,312.0,Charge 4
2020-12-26T15:44:53Z,48.812740,9.241987,312.0,Charge 4
2020-12-26T15:44:54Z,48.812728,9.241990,312.0,Charge 4
2020-12-26T15:44:55Z,48.812722,9.241993,312.0,Charge 4
2020-12-26T15:44:56Z,48.812717,9.241997,312.0,Charge 4
2020-12-26T15:44:57Z,48.812708,9.242007,313.0,Charge 4
2020-12-26T15:44:58Z,48.812698,9.242017,313.0,Charge 4
2020-12-26T15:44:59Z,48.812688,9.242022,313.0,Charge 4
2020-12-26T15:45:00Z,48.812673,9.242032,314.0,Charge 4
2020-12-26T15:45:01Z,48.812662,9.242035,315.0,Charge 4
2020-12-26T15:45:02Z,48.812652,9.242033,315.0,Charge 4
2020-12-26T15:45:03Z,48.812638,9.242032,316.0,Charge 4
2020-12-26T15:45:04Z,48.812627,9.242005,315.0,Charge 4
2020-12-26T15:45:05Z,48.812613,9.242002,316.0,Charge 4
2020-12-26T15:45:06Z,48.812607,9.242002,316.0,Charge 4
2020-12-26T15:45:07Z,48.812590,9.242003,316.0,Charge 4
2020-12-26T15:45:08Z,48.812580,9.242010,315.0,Charge 4
2020-12-26T15:45:09Z,48.812570,9.242013,317.0,Charge 4
2020-12-26T15:45:10Z,48.812553,9.242018,317.0,Charge 4
2020-12-26T15:45:11Z,48.812548,9.242025,317.0,Charge 4
2020-12-26T15:45:12Z,48.812542,9.242032,317.0,Charge 4
2020-12-26T15:45:13Z,48.812535,9.242037,317.0,Charge 4
2020-12-26T15:45:14Z,48.812527,9.242040,318.0,Charge 4
2020-12-26T15:45:15Z,48.812513,9.242045,318.0,Charge 4
2020-12-26T15:45:16Z,48.812505,9.242048,318.0,Charge 4
2020-12-26T15:45:17Z,48.812497,9.242052,318.0,Charge 4
2020-12-26T15:45:18Z,48.812487,9.242055,318.0,Charge 4
2020-12-26T15:45:19Z,48.812472,9.242060,319.0,Charge 4
2020-12-26T15:45:20Z,48.812460,9.242065,319.0,Charge 4
2020-12-26T15:45:21Z,48.812453,9.242062,320.0,Charge 4
2020-12-26T15:45:22Z,48.812442,9.242062,320.0,Charge 4
2020-12-26T15:45:23Z,48.812430,9.242065,320.0,Charge 4
2020-12-26T15:45:24Z,48.812423,9.242065,320.0,Charge 4
2020-12-26T15:45:25Z,48.812408,9.242068,320.0,Charge 4
2020-12-26T15:45:26Z,48.812402,9.242070,320.0,Charge 4
2020-12-26T15:45:27Z,48.812388,9.242073,319.0,Charge 4
2020-12-26T15:45:28Z,48.812377,9.242073,320.0,Charge 4
2020-12-26T15:45:29Z,48.812367,9.242075,320.0,Charge 4
2020-12-26T15:45:30Z,48.812353,9.242078,319.0,Charge 4
2020-12-26T15:45:31Z,48.812343,9.242087,319.0,Charge 4
2020-12-26T15:45:32Z,48.812337,9.242092,319.0,Charge 4
2020-12-26T15:45:33Z,48.812322,9.242110,318.0,Charge 4
2020-12-26T15:45:34Z,48.812315,9.242115,318.0,Charge 4
2020-12-26T15:45:35Z,48.812307,9.242120,319.0,Charge 4
2020-12-26T15:45:36Z,48.812293,9.242130,318.0,Charge 4
2020-12-26T15:45:37Z,48.812282,9.242135,318.0,Charge 4
2020-12-26T15:45:38Z,48.812270,9.242142,319.0,Charge 4
2020-12-26T15:45:39Z,48.812257,9.242147,320.0,Charge 4
2020-12-26T15:45:40Z,48.812242,9.242148,319.0,Charge 4
2020-12-26T15:45:41Z,48.812233,9.242150,319.0,Charge 4
2020-12-26T15:45:42Z,48.812220,9.242153,320.0,Charge 4
2020-12-26T15:45:43Z,48.812212,9.242157,320.0,Charge 4
2020-12-26T15:45:44Z,48.812200,9.242162,320.0,Charge 4
2020-12-26T15:45:45Z,48.812187,9.242168,320.0,Charge 4
2020-12-26T15:45:46Z,48.812175,9.242172,320.0,Charge 4
2020-12-26T15:45:47Z,48.812165,9.242173,321.0,Charge 4
2020-12-26T15:45:48Z,48.812153,9.242178,322.0,Charge 4
2020-12-26T15:45:49Z,48.812145,9.242178,322.0,Charge 4
2020-12-26T15:45:50Z,48.812133,9.242180,324.0,Charge 4
2020-12-26T15:45:51Z,48.812122,9.242184,323.0,Fitbit App
2020-12-26T15:45:52Z,48.812112,9.242187,322.0,Charge 4
2020-12-26T15:45:53Z,48.812098,9.242190,322.0,Charge 4
2020-12-26T15:45:54Z,48.812088,9.242193,320.0,Charge 4
2020-12-26T15:45:55Z,48.812077,9.242200,322.0,Charge 4
2020-12-26T15:45:56Z,48.812065,9.242208,320.0,Charge 4
2020-12-26T15:45:57Z,48.812060,9.242213,320.0,Charge 4
2020-12-26T15:45:58Z,48.812048,9.242227,320.0,Charge 4
2020-12-26T15:45:59Z,48.812034,9.242238,320.5,Fitbit App
2020-12-26T15:46:00Z,48.812022,9.242248,321.0,Charge 4
2020-12-26T15:46:01Z,48.812005,9.242263,322.0,Charge 4
2020-12-26T15:46:02Z,48.811990,9.242272,322.0,Charge 4
2020-12-26T15:46:03Z,48.811980,9.242277,323.0,Charge 4
2020-12-26T15:46:04Z,48.811965,9.242282,322.0,Fitbit App
2020-12-26T15:46:05Z,48.811950,9.242287,321.0,Charge 4
2020-12-26T15:46:06Z,48.811940,9.242292,321.0,Charge 4
2020-12-26T15:46:07Z,48.811922,9.242307,322.0,Charge 4
2020-12-26T15:46:08Z,48.811915,9.242317,322.0,Charge 4
2020-12-26T15:46:09Z,48.811892,9.242327,322.0,Charge 4
2020-12-26T15:46:10Z,48.811872,9.242337,323.0,Charge 4
2020-12-26T15:46:11Z,48.811855,9.242342,323.0,Charge 4
2020-12-26T15:46:12Z,48.811833,9.242350,325.0,Charge 4
2020-12-26T15:46:13Z,48.811823,9.242355,325.0,Charge 4
2020-12-26T15:46:14Z,48.811810,9.242362,319.0,Charge 4
2020-12-26T15:46:15Z,48.811788,9.242362,319.0,Charge 4
2020-12-26T15:46:16Z,48.811765,9.242363,318.0,Charge 4
2020-12-26T15:46:17Z,48.811753,9.242363,318.0,Charge 4
2020-12-26T15:46:18Z,48.811747,9.242363,318.0,Charge 4
2020-12-26T15:46:19Z,48.811737,9.242368,320.0,Charge 4
2020-12-26T15:46:20Z,48.811726,9.242371,320.0,Fitbit App
2020-12-26T15:46:21Z,48.811715,9.242373,320.0,Charge 4
2020-12-26T15:46:22Z,48.811702,9.242375,318.0,Charge 4
2020-12-26T15:46:23Z,48.811695,9.242378,318.0,Charge 4
2020-12-26T15:46:24Z,48.811672,9.242390,320.0,Charge 4
2020-12-26T15:46:25Z,48.811661,9.242400,320.5,Fitbit App
2020-12-26T15:46:26Z,48.811653,9.242405,321.0,Charge 4
2020-12-26T15:46:27Z,48.811632,9.242422,322.0,Charge 4
2020-12-26T15:46:28Z,48.811612,9.242437,322.0,Charge 4
2020-12-26T15:46:29Z,48.811597,9.242450,323.0,Charge 4
2020-12-26T15:46:30Z,48.811580,9.242460,324.0,Charge 4
2020-12-26T15:46:31Z,48.811570,9.242475,324.0,Charge 4
2020-12-26T15:46:32Z,48.811557,9.242480,323.0,Charge 4
2020-12-26T15:46:33Z,48.811543,9.242483,322.0,Charge 4
2020-12-26T15:46:34Z,48.811535,9.242485,322.0,Charge 4
2020-12-26T15:46:35Z,48.811522,9.242487,322.0,Charge 4
2020-12-26T15:46:36Z,48.811493,9.242493,322.0,Charge 4
2020-12-26T15:46:37Z,48.811485,9.242493,322.0,Charge 4
2020-12-26T15:46:38Z,48.811475,9.242497,322.0,Charge 4
2020-12-26T15:46:39Z,48.811452,9.242517,323.0,Charge 4
2020-12-26T15:46:40Z,48.811442,9.242528,322.0,Charge 4
2020-12-26T15:46:41Z,48.811433,9.242542,323.0,Charge 4
2020-12-26T15:46:42Z,48.811428,9.242555,323.0,Charge 4
2020-12-26T15:46:43Z,48.811418,9.242553,322.0,Charge 4
2020-12-26T15:46:44Z,48.811410,9.242553,322.0,Charge 4
2020-12-26T15:46:45Z,48.811398,9.242553,320.0,Charge 4
2020-12-26T15:46:46Z,48.811387,9.242553,320.0,Charge 4
2020-12-26T15:46:47Z,48.811372,9.242552,321.0,Charge 4
2020-12-26T15:46:48Z,48.811367,9.242550,321.0,Charge 4
2020-12-26T15:46:49Z,48.811367,9.242557,323.0,Charge 4
2020-12-26T15:46:50Z,48.811363,9.242563,323.0,Charge 4
2020-12-26T15:46:51Z,48.811363,9.242567,323.0,Charge 4
2020-12-26T15:46:52Z,48.811358,9.242568,322.0,Charge 4
2020-12-26T15:46:53Z,48.811353,9.242567,322.0,Charge 4
2020-12-26T15:46:54Z,48.811350,9.242565,321.0,Charge 4
2020-12-26T15:46:55Z,48.811340,9.242557,322.0,Charge 4
2020-12-26T15:46:56Z,48.811325,9.242557,323.0,Charge 4
2020-12-26T15:46:57Z,48.811307,9.242560,323.0,Charge 4
2020-12-26T15:46:58Z,48.811282,9.242568,323.0,Charge 4
2020-12-26T15:46:59Z,48.811262,9.242575,323.0,Charge 4
2020-12-26T15:47:00Z,48.811253,9.242577,323.0,Charge 4
2020-12-26T15:47:01Z,48.811240,9.242585,322.0,Charge 4
2020-12-26T15:47:02Z,48.811228,9.242597,322.0,Charge 4
2020-12-26T15:47:03Z,48.811222,9.242602,321.0,Charge 4
2020-12-26T15:47:04Z,48.811207,9.242613,320.0,Charge 4
2020-12-26T15:47:05Z,48.811202,9.242622,320.0,Charge 4
2020-12-26T15:47:06Z,48.811187,9.242635,320.0,Charge 4
2020-12-26T15:47:07Z,48.811173,9.242642,320.0,Charge 4
2020-12-26T15:47:08Z,48.811155,9.242658,322.0,Charge 4
2020-12-26T15:47:09Z,48.811138,9.242677,321.0,Charge 4
2020-12-26T15:47:10Z,48.811127,9.242688,322.0,Charge 4
2020-12-26T15:47:11Z,48.811118,9.242695,322.0,Charge 4
2020-12-26T15:47:12Z,48.811100,9.242702,323.0,Charge 4
2020-12-26T15:47:13Z,48.811083,9.242705,323.0,Charge 4
2020-12-26T15:47:14Z,48.811058,9.242723,323.0,Charge 4
2020-12-26T15:47:15Z,48.811048,9.242730,323.0,Charge 4
2020-12-26T15:47:16Z,48.811030,9.242745,324.0,Charge 4
2020-12-26T15:47:17Z,48.811017,9.242757,325.0,Charge 4
2020-12-26T15:47:18Z,48.811005,9.242768,326.0,Charge 4
2020-12-26T15:47:19Z,48.810993,9.242778,327.0,Charge 4
2020-12-26T15:47:20Z,48.810980,9.242787,327.0,Charge 4
2020-12-26T15:47:21Z,48.810972,9.242792,327.0,Charge 4
2020-12-26T15:47:22Z,48.810963,9.242793,327.0,Charge 4
2020-12-26T15:47:23Z,48.810955,9.242797,329.0,Charge 4
2020-12-26T15:47:24Z,48.810945,9.242798,330.0,Charge 4
2020-12-26T15:47:25Z,48.810930,9.242803,331.0,Charge 4
2020-12-26T15:47:26Z,48.810915,9.242812,329.0,Charge 4
2020-12-26T15:47:27Z,48.810907,9.242817,329.0,Charge 4
2020-12-26T15:47:28Z,48.810890,9.242823,330.0,Charge 4
2020-12-26T15:47:29Z,48.810875,9.242833,331.0,Charge 4
2020-12-26T15:47:30Z,48.810867,9.242838,332.0,Charge 4
2020-12-26T15:47:31Z,48.810853,9.242848,331.0,Charge 4
2020-12-26T15:47:32Z,48.810838,9.242862,331.0,Charge 4
2020-12-26T15:47:33Z,48.810823,9.242870,328.0,Charge 4
2020-12-26T15:47:34Z,48.810813,9.242877,328.0,Charge 4
2020-12-26T15:47:35Z,48.810802,9.242888,330.0,Charge 4
2020-12-26T15:47:36Z,48.810800,9.242898,330.0,Charge 4
2020-12-26T15:47:37Z,48.810787,9.242913,329.0,Charge 4
2020-12-26T15:47:38Z,48.810773,9.242925,329.0,Charge 4
2020-12-26T15:47:39Z,48.810762,9.242935,329.0,Charge 4
2020-12-26T15:47:40Z,48.810755,9.242942,329.0,Charge 4
2020-12-26T15:47:41Z,48.810745,9.242950,330.0,Charge 4
2020-12-26T15:47:42Z,48.810735,9.242955,329.0,Charge 4
2020-12-26T15:47:43Z,48.810723,9.242963,330.0,Charge 4
2020-12-26T15:47:44Z,48.810715,9.242970,330.0,Charge 4
2020-12-26T15:47:45Z,48.810707,9.242975,329.0,Charge 4
2020-12-26T15:47:46Z,48.810698,9.242973,329.0,Charge 4
2020-12-26T15:47:47Z,48.810680,9.242977,331.0,Charge 4
2020-12-26T15:47:48Z,48.810672,9.242982,331.0,Charge 4
2020-12-26T15:47:49Z,48.810652,9.242992,331.0,Charge 4
2020-12-26T15:47:50Z,48.810633,9.243002,331.0,Charge 4
2020-12-26T15:47:51Z,48.810628,9.243003,331.0,Charge 4
2020-12-26T15:47:52Z,48.810610,9.242998,333.0,Charge 4
2020-12-26T15:47:53Z,48.810603,9.242998,333.0,Charge 4
2020-12-26T15:47:54Z,48.810595,9.243002,334.0,Charge 4
2020-12-26T15:47:55Z,48.810585,9.243008,336.0,Charge 4
2020-12-26T15:47:56Z,48.810578,9.243010,336.0,Charge 4
2020-12-26T15:47:57Z,48.810567,9.243016,336.5,Fitbit App
2020-12-26T15:47:58Z,48.810557,9.243020,337.0,Charge 4
2020-12-26T15:47:59Z,48.810547,9.243027,337.0,Charge 4
2020-12-26T15:48:00Z,48.810538,9.243027,337.0,Charge 4
2020-12-26T15:48:01Z,48.810525,9.243028,337.0,Charge 4
2020-12-26T15:48:02Z,48.810515,9.243035,337.5,Fitbit App
2020-12-26T15:48:03Z,48.810505,9.243042,338.0,Charge 4
2020-12-26T15:48:04Z,48.810500,9.243047,338.0,Charge 4
2020-12-26T15:48:05Z,48.810482,9.243063,336.2,Charge 4
2020-12-26T15:48:06Z,48.810473,9.243065,336.2,Charge 4
2020-12-26T15:48:07Z,48.810465,9.243070,336.2,Charge 4
2020-12-26T15:48:08Z,48.810453,9.243077,336.2,Charge 4
2020-12-26T15:48:09Z,48.810440,9.243083,336.2,Charge 4
2020-12-26T15:48:10Z,48.810425,9.243088,336.2,Charge 4
2020-12-26T15:48:11Z,48.810410,9.243093,336.2,Charge 4
2020-12-26T15:48:12Z,48.810398,9.243098,336.2,Charge 4
2020-12-26T15:48:13Z,48.810390,9.243100,336.2,Charge 4
2020-12-26T15:48:14Z,48.810377,9.243102,336.2,Charge 4
2020-12-26T15:48:15Z,48.810370,9.243105,336.2,Charge 4
2020-12-26T15:48:16Z,48.810350,9.243107,336.3,Charge 4
2020-12-26T15:48:17Z,48.810337,9.243108,336.3,Charge 4
2020-12-26T15:48:18Z,48.810327,9.243112,336.3,Charge 4
2020-12-26T15:48:19Z,48.810322,9.243113,336.3,Charge 4
2020-12-26T15:48:20Z,48.810308,9.243115,336.3,Charge 4
2020-12-26T15:48:21Z,48.810292,9.243113,336.3,Charge 4
2020-12-26T15:48:22Z,48.810275,9.243110,336.3,Charge 4
2020-12-26T15:48:23Z,48.810262,9.243107,336.3,Charge 4
2020-12-26T15:48:24Z,48.810247,9.243107,336.3,Charge 4
2020-12-26T15:48:25Z,48.810235,9.243105,339.7,Charge 4
2020-12-26T15:48:26Z,48.810215,9.243133,339.7,Charge 4
2020-12-26T15:48:27Z,48.810198,9.243138,339.7,Charge 4
2020-12-26T15:48:28Z,48.810183,9.243140,339.7,Charge 4
2020-12-26T15:48:29Z,48.810165,9.243143,339.7,Charge 4
2020-12-26T15:48:30Z,48.810155,9.243147,339.7,Charge 4
2020-12-26T15:48:31Z,48.810138,9.243142,339.7,Charge 4
2020-12-26T15:48:32Z,48.810133,9.243130,339.7,Charge 4
2020-12-26T15:48:33Z,48.810133,9.243115,339.7,Charge 4
2020-12-26T15:48:34Z,48.810142,9.243085,339.7,Charge 4
2020-12-26T15:48:35Z,48.810155,9.243065,339.7,Charge 4
2020-12-26T15:48:36Z,48.810165,9.243045,339.7,Charge 4
2020-12-26T15:48:37Z,48.810163,9.243030,339.7,Charge 4
2020-12-26T15:48:38Z,48.810163,9.243018,339.7,Charge 4
2020-12-26T15:48:39Z,48.810163,9.243010,339.7,Charge 4
2020-12-26T15:48:40Z,48.810163,9.242990,339.7,Charge 4
2020-12-26T15:48:41Z,48.810160,9.242967,339.7,Charge 4
2020-12-26T15:48:42Z,48.810163,9.242945,339.7,Charge 4
2020-12-26T15:48:43Z,48.810163,9.242928,339.7,Charge 4
2020-12-26T15:48:44Z,48.810163,9.242900,339.7,Charge 4
2020-12-26T15:48:45Z,48.810163,9.242882,339.7,Charge 4
2020-12-26T15:48:46Z,48.810170,9.242862,339.7,Charge 4
2020-12-26T15:48:47Z,48.810172,9.242847,339.7,Charge 4
2020-12-26T15:48:48Z,48.810177,9.242827,339.7,Charge 4
2020-12-26T15:48:49Z,48.810180,9.242810,339.7,Charge 4
2020-12-26T15:48:50Z,48.810182,9.242790,339.7,Charge 4
2020-12-26T15:48:51Z,48.810183,9.242770,339.7,Charge 4
2020-12-26T15:48:52Z,48.810185,9.242760,339.7,Charge 4
2020-12-26T15:48:53Z,48.810187,9.242745,339.7,Charge 4
2020-12-26T15:48:54Z,48.810185,9.242741,339.7,Fitbit App
2020-12-26T15:48:55Z,48.810185,9.242732,339.7,Charge 4
2020-12-26T15:48:56Z,48.810185,9.242723,339.7,Charge 4
2020-12-26T15:48:57Z,48.810185,9.242720,339.7,Charge 4
2020-12-26T15:48:58Z,48.810185,9.242718,339.7,Charge 4
2020-12-26T15:48:59Z,48.810185,9.242708,339.7,Charge 4
2020-12-26T15:49:00Z,48.810187,9.242690,339.7,Charge 4
2020-12-26T15:49:01Z,48.810187,9.242673,339.7,Charge 4
2020-12-26T15:49:02Z,48.810187,9.242660,339.7,Charge 4
2020-12-26T15:49:03Z,48.810185,9.242640,339.7,Charge 4
2020-12-26T15:49:04Z,48.810183,9.242613,339.7,Charge 4
2020-12-26T15:49:05Z,48.810183,9.242598,339.7,Charge 4
2020-12-26T15:49:06Z,48.810183,9.242557,336.7,Charge 4
2020-12-26T15:49:07Z,48.810183,9.242537,336.7,Charge 4
2020-12-26T15:49:08Z,48.810183,9.242512,336.7,Charge 4
2020-12-26T15:49:09Z,48.810183,9.242493,336.7,Charge 4
2020-12-26T15:49:10Z,48.810183,9.242458,336.7,Charge 4
2020-12-26T15:49:11Z,48.810182,9.242448,336.7,Charge 4
2020-12-26T15:49:12Z,48.810178,9.242428,336.7,Charge 4
2020-12-26T15:49:13Z,48.810177,9.242412,336.7,Fitbit App
2020-12-26T15:49:14Z,48.810175,9.242393,336.7,Charge 4
2020-12-26T15:49:15Z,48.810175,9.242377,336.7,Charge 4
2020-12-26T15:49:16Z,48.810177,9.242360,336.7,Charge 4
2020-12-26T15:49:17Z,48.810177,9.242347,336.7,Charge 4
2020-12-26T15:49:18Z,48.810175,9.242330,336.7,Charge 4
2020-12-26T15:49:19Z,48.810173,9.242310,336.7,Charge 4
2020-12-26T15:49:20Z,48.810168,9.242290,336.7,Charge 4
2020-12-26T15:49:21Z,48.810163,9.242263,336.7,Charge 4
2020-12-26T15:49:22Z,48.810162,9.242238,336.7,Charge 4
2020-12-26T15:49:23Z,48.810162,9.242222,336.7,Charge 4
2020-12-26T15:49:24Z,48.810163,9.242182,336.7,Charge 4
2020-12-26T15:49:25Z,48.810160,9.242160,336.7,Charge 4
2020-12-26T15:49:26Z,48.810160,9.242147,336.7,Charge 4
2020-12-26T15:49:27Z,48.810162,9.242140,336.7,Charge 4
2020-12-26T15:49:28Z,48.810165,9.242127,336.7,Charge 4
2020-12-26T15:49:29Z,48.810168,9.242110,336.7,Charge 4
2020-12-26T15:49:30Z,48.810168,9.242088,336.7,Charge 4
2020-12-26T15:49:31Z,48.810170,9.242070,336.7,Charge 4
2020-12-26T15:49:32Z,48.810170,9.242055,336.7,Charge 4
2020-12-26T15:49:33Z,48.810170,9.242032,336.7,Charge 4
2020-12-26T15:49:34Z,48.810170,9.242010,336.7,Charge 4
2020-12-26T15:49:35Z,48.810170,9.241997,336.7,Charge 4
2020-12-26T15:49:36Z,48.810168,9.241972,336.7,Charge 4
2020-12-26T15:49:37Z,48.810165,9.241946,336.7,Fitbit App
2020-12-26T15:49:38Z,48.810163,9.241927,336.7,Charge 4
2020-12-26T15:49:39Z,48.810160,9.241890,336.7,Charge 4
2020-12-26T15:49:40Z,48.810158,9.241848,336.7,Charge 4
2020-12-26T15:49:41Z,48.810155,9.241837,336.7,Charge 4
2020-12-26T15:49:42Z,48.810152,9.241817,336.7,Charge 4
2020-12-26T15:49:43Z,48.810150,9.241797,336.7,Charge 4
2020-12-26T15:49:44Z,48.810147,9.241775,336.7,Charge 4
2020-12-26T15:49:45Z,48.810143,9.241757,336.7,Charge 4
2020-12-26T15:49:46Z,48.810140,9.241737,337.1,Charge 4
2020-12-26T15:49:47Z,48.810137,9.241718,337.1,Charge 4
2020-12-26T15:49:48Z,48.810137,9.241705,337.1,Charge 4
2020-12-26T15:49:49Z,48.810133,9.241682,337.1,Charge 4
2020-12-26T15:49:50Z,48.810132,9.241662,337.1,Charge 4
2020-12-26T15:49:51Z,48.810128,9.241643,337.1,Charge 4
2020-12-26T15:49:52Z,48.810128,9.241608,337.1,Charge 4
2020-12-26T15:49:53Z,48.810127,9.241590,337.1,Charge 4
2020-12-26T15:49:54Z,48.810127,9.241560,337.1,Charge 4
2020-12-26T15:49:55Z,48.810123,9.241533,337.1,Charge 4
2020-12-26T15:49:56Z,48.810120,9.241517,337.6,Charge 4
2020-12-26T15:49:57Z,48.810118,9.241483,337.6,Charge 4
2020-12-26T15:49:58Z,48.810117,9.241460,337.6,Charge 4
2020-12-26T15:49:59Z,48.810115,9.241438,337.6,Charge 4
2020-12-26T15:50:00Z,48.810115,9.241420,337.6,Charge 4
2020-12-26T15:50:01Z,48.810113,9.241402,337.6,Charge 4
2020-12-26T15:50:02Z,48.810113,9.241392,337.6,Charge 4
2020-12-26T15:50:03Z,48.810113,9.241373,337.6,Charge 4
2020-12-26T15:50:04Z,48.810113,9.241355,337.6,Charge 4
2020-12-26T15:50:05Z,48.810115,9.241337,337.6,Charge 4
2020-12-26T15:50:06Z,48.810117,9.241332,337.6,Charge 4
2020-12-26T15:50:07Z,48.810115,9.241327,337.6,Charge 4
2020-12-26T15:50:08Z,48.810113,9.241327,337.6,Charge 4
2020-12-26T15:50:09Z,48.810113,9.241308,337.6,Charge 4
2020-12-26T15:50:10Z,48.810113,9.241292,337.6,Charge 4
2020-12-26T15:50:11Z,48.810113,9.241273,337.6,Charge 4
2020-12-26T15:50:12Z,48.810113,9.241253,337.6,Charge 4
2020-12-26T15:50:13Z,48.810113,9.241243,337.6,Charge 4
2020-12-26T15:50:14Z,48.810113,9.241223,337.6,Charge 4
2020-12-26T15:50:15Z,48.810117,9.241203,337.6,Charge 4
2020-12-26T15:50:16Z,48.810120,9.241190,337.6,Charge 4
2020-12-26T15:50:17Z,48.810127,9.241178,337.6,Charge 4
2020-12-26T15:50:18Z,48.810133,9.241173,337.6,Charge 4
2020-12-26T15:50:19Z,48.810147,9.241167,337.6,Charge 4
2020-12-26T15:50:20Z,48.810157,9.241158,337.6,Charge 4
2020-12-26T15:50:21Z,48.810167,9.241143,337.6,Charge 4
2020-12-26T15:50:22Z,48.810175,9.241127,337.6,Charge 4
2020-12-26T15:50:23Z,48.810190,9.241112,337.6,Charge 4
2020-12-26T15:50:24Z,48.810173,9.241108,333.0,Charge 4
2020-12-26T15:50:25Z,48.810152,9.241105,333.0,Charge 4
2020-12-26T15:50:26Z,48.810137,9.241095,333.0,Charge 4
2020-12-26T15:50:27Z,48.810117,9.241097,333.0,Charge 4
2020-12-26T15:50:28Z,48.810092,9.241088,333.0,Charge 4
2020-12-26T15:50:29Z,48.810087,9.241083,333.0,Charge 4
2020-12-26T15:50:30Z,48.810087,9.241073,333.0,Charge 4
2020-12-26T15:50:31Z,48.810092,9.241060,333.0,Charge 4
2020-12-26T15:50:32Z,48.810097,9.241055,333.0,Charge 4
2020-12-26T15:50:33Z,48.810110,9.241065,338.3,Charge 4
2020-12-26T15:50:34Z,48.810107,9.241060,338.3,Charge 4
2020-12-26T15:50:35Z,48.810097,9.241052,338.3,Charge 4
2020-12-26T15:50:36Z,48.810087,9.241047,338.3,Charge 4
2020-12-26T15:50:37Z,48.810082,9.241043,338.3,Charge 4
2020-12-26T15:50:38Z,48.810077,9.241043,337.7,Charge 4
2020-12-26T15:50:39Z,48.810072,9.241057,337.7,Charge 4
2020-12-26T15:50:40Z,48.810068,9.241073,337.7,Charge 4
2020-12-26T15:50:41Z,48.810065,9.241088,337.7,Charge 4
2020-12-26T15:50:42Z,48.810067,9.241105,337.7,Charge 4
2020-12-26T15:50:43Z,48.810085,9.241175,337.7,Charge 4
2020-12-26T15:50:44Z,48.810082,9.241188,337.7,Charge 4
2020-12-26T15:50:45Z,48.810080,9.241203,337.7,Charge 4
2020-12-26T15:50:46Z,48.810078,9.241227,337.7,Charge 4
2020-12-26T15:50:47Z,48.810082,9.241255,337.7,Charge 4
2020-12-26T15:50:48Z,48.810087,9.241273,337.7,Charge 4
2020-12-26T15:50:49Z,48.810097,9.241297,337.7,Charge 4
2020-12-26T15:50:50Z,48.810105,9.241307,337.7,Charge 4
2020-12-26T15:50:51Z,48.810113,9.241323,337.7,Charge 4
2020-12-26T15:50:52Z,48.810117,9.241337,337.7,Charge 4
2020-12-26T15:50:53Z,48.810123,9.241358,337.7,Charge 4
2020-12-26T15:50:54Z,48.810125,9.241367,337.7,Charge 4
2020-12-26T15:50:55Z,48.810127,9.241382,337.7,Charge 4
2020-12-26T15:50:56Z,48.810127,9.241392,337.7,Charge 4
2020-12-26T15:50:57Z,48.810128,9.241410,337.7,Charge 4
2020-12-26T15:50:58Z,48.810128,9.241425,337.7,Charge 4
2020-12-26T15:50:59Z,48.810130,9.241440,337.7,Charge 4
2020-12-26T15:51:00Z,48.810132,9.241455,337.7,Charge 4
2020-12-26T15:51:01Z,48.810132,9.241467,337.7,Charge 4
2020-12-26T15:51:02Z,48.810128,9.241482,337.7,Charge 4
2020-12-26T15:51:03Z,48.810128,9.241497,337.7,Charge 4
2020-12-26T15:51:04Z,48.810128,9.241508,337.7,Charge 4
2020-12-26T15:51:05Z,48.810127,9.241528,337.7,Charge 4
2020-12-26T15:51:06Z,48.810127,9.241545,337.7,Charge 4
2020-12-26T15:51:07Z,48.810127,9.241557,337.7,Charge 4
2020-12-26T15:51:08Z,48.810128,9.241573,337.7,Charge 4
2020-12-26T15:51:09Z,48.810137,9.241573,337.7,Charge 4
2020-12-26T15:51:10Z,48.810138,9.241582,337.7,Charge 4
2020-12-26T15:51:11Z,48.810140,9.241600,337.7,Charge 4
2020-12-26T15:51:12Z,48.810142,9.241617,337.7,Charge 4
2020-12-26T15:51:13Z,48.810142,9.241633,337.7,Charge 4
2020-12-26T15:51:14Z,48.810142,9.241645,337.7,Charge 4
2020-12-26T15:51:15Z,48.810142,9.241662,337.7,Charge 4
2020-12-26T15:51:16Z,48.810143,9.241672,337.7,Charge 4
2020-12-26T15:51:17Z,48.810145,9.241692,337.7,Charge 4
2020-12-26T15:51:18Z,48.810147,9.241710,337.7,Charge 4
2020-12-26T15:51:19Z,48.810145,9.241715,337.6,Charge 4
2020-12-26T15:51:20Z,48.810147,9.241718,337.6,Charge 4
2020-12-26T15:51:21Z,48.810147,9.241728,337.6,Charge 4
2020-12-26T15:51:22Z,48.810148,9.241738,337.6,Charge 4
2020-12-26T15:51:23Z,48.810150,9.241757,337.6,Charge 4
2020-12-26T15:51:24Z,48.810150,9.241769,337.6,Fitbit App
2020-12-26T15:51:25Z,48.810151,9.241782,337.6,Fitbit App
2020-12-26T15:51:26Z,48.810152,9.241795,337.6,Charge 4
2020-12-26T15:51:27Z,48.810155,9.241813,337.6,Charge 4
2020-12-26T15:51:28Z,48.810155,9.241815,337.6,Charge 4
2020-12-26T15:51:29Z,48.810157,9.241823,337.6,Charge 4
2020-12-26T15:51:30Z,48.810158,9.241837,337.6,Charge 4
2020-12-26T15:51:31Z,48.810162,9.241852,337.6,Charge 4
2020-12-26T15:51:32Z,48.810160,9.241862,337.6,Charge 4
2020-12-26T15:51:33Z,48.810160,9.241878,337.6,Charge 4
2020-12-26T15:51:34Z,48.810158,9.241888,337.6,Charge 4
2020-12-26T15:51:35Z,48.810160,9.241908,337.6,Charge 4
2020-12-26T15:51:36Z,48.810160,9.241927,337.6,Charge 4
2020-12-26T15:51:37Z,48.810157,9.241937,337.7,Charge 4
2020-12-26T15:51:38Z,48.810157,9.241952,337.7,Charge 4
2020-12-26T15:51:39Z,48.810155,9.241965,337.7,Charge 4
2020-12-26T15:51:40Z,48.810153,9.241985,337.7,Charge 4
2020-12-26T15:51:41Z,48.810153,9.241997,337.7,Charge 4
2020-12-26T15:51:42Z,48.810153,9.242018,337.1,Charge 4
2020-12-26T15:51:43Z,48.810152,9.242032,337.1,Charge 4
2020-12-26T15:51:44Z,48.810152,9.242065,337.1,Charge 4
2020-12-26T15:51:45Z,48.810152,9.242083,337.1,Charge 4
2020-12-26T15:51:46Z,48.810150,9.242100,337.1,Charge 4
2020-12-26T15:51:47Z,48.810150,9.242110,337.1,Charge 4
2020-12-26T15:51:48Z,48.810152,9.242128,337.1,Charge 4
2020-12-26T15:51:49Z,48.810152,9.242148,337.1,Charge 4
2020-12-26T15:51:50Z,48.810153,9.242167,337.1,Charge 4
2020-12-26T15:51:51Z,48.810153,9.242177,337.1,Charge 4
2020-12-26T15:51:52Z,48.810155,9.242197,337.1,Charge 4
2020-12-26T15:51:53Z,48.810155,9.242217,337.0,Charge 4
2020-12-26T15:51:54Z,48.810157,9.242225,337.0,Charge 4
2020-12-26T15:51:55Z,48.810157,9.242242,337.0,Charge 4
2020-12-26T15:51:56Z,48.810158,9.242258,337.0,Charge 4
2020-12-26T15:51:57Z,48.810160,9.242272,337.0,Charge 4
2020-12-26T15:51:58Z,48.810160,9.242285,337.0,Charge 4
2020-12-26T15:51:59Z,48.810162,9.242300,337.0,Charge 4
2020-12-26T15:52:00Z,48.810163,9.242308,337.0,Charge 4
2020-12-26T15:52:01Z,48.810163,9.242323,337.0,Charge 4
2020-12-26T15:52:02Z,48.810163,9.242337,337.0,Charge 4
2020-12-26T15:52:03Z,48.810163,9.242347,337.0,Charge 4
2020-12-26T15:52:04Z,48.810163,9.242363,337.0,Charge 4
2020-12-26T15:52:05Z,48.810163,9.242382,337.0,Charge 4
2020-12-26T15:52:06Z,48.810163,9.242388,337.0,Charge 4
2020-12-26T15:52:07Z,48.810163,9.242407,337.0,Charge 4
2020-12-26T15:52:08Z,48.810162,9.242425,337.0,Charge 4
2020-12-26T15:52:09Z,48.810160,9.242440,337.0,Charge 4
2020-12-26T15:52:10Z,48.810160,9.242452,337.0,Charge 4
2020-12-26T15:52:11Z,48.810157,9.242473,337.0,Charge 4
2020-12-26T15:52:12Z,48.810157,9.242483,336.7,Charge 4
2020-12-26T15:52:13Z,48.810157,9.242500,336.7,Charge 4
2020-12-26T15:52:14Z,48.810158,9.242512,336.7,Charge 4
2020-12-26T15:52:15Z,48.810160,9.242528,336.7,Charge 4
2020-12-26T15:52:16Z,48.810160,9.242545,336.7,Charge 4
2020-12-26T15:52:17Z,48.810160,9.242560,336.7,Charge 4
2020-12-26T15:52:18Z,48.810162,9.242573,336.7,Charge 4
2020-12-26T15:52:19Z,48.810163,9.242587,336.7,Charge 4
2020-12-26T15:52:20Z,48.810163,9.242597,336.7,Charge 4
2020-12-26T15:52:21Z,48.810165,9.242617,336.7,Charge 4
2020-12-26T15:52:22Z,48.810170,9.242617,336.7,Charge 4
2020-12-26T15:52:23Z,48.810170,9.242635,336.7,Charge 4
2020-12-26T15:52:24Z,48.810172,9.242645,336.7,Charge 4
2020-12-26T15:52:25Z,48.810173,9.242663,336.7,Charge 4
2020-12-26T15:52:26Z,48.810173,9.242672,336.7,Charge 4
2020-12-26T15:52:27Z,48.810173,9.242688,336.7,Charge 4
2020-12-26T15:52:28Z,48.810175,9.242700,336.5,Charge 4
2020-12-26T15:52:29Z,48.810175,9.242713,336.5,Charge 4
2020-12-26T15:52:30Z,48.810177,9.242732,336.5,Charge 4
2020-12-26T15:52:31Z,48.810177,9.242743,336.5,Charge 4
2020-12-26T15:52:32Z,48.810176,9.242757,336.5,Fitbit App
2020-12-26T15:52:33Z,48.810177,9.242768,336.5,Charge 4
2020-12-26T15:52:34Z,48.810177,9.242785,336.5,Charge 4
2020-12-26T15:52:35Z,48.810177,9.242807,336.5,Charge 4
2020-12-26T15:52:36Z,48.810177,9.242822,336.5,Charge 4
2020-12-26T15:52:37Z,48.810177,9.242842,336.5,Charge 4
2020-12-26T15:52:38Z,48.810178,9.242847,336.5,Charge 4
2020-12-26T15:52:39Z,48.810180,9.242858,336.5,Charge 4
2020-12-26T15:52:40Z,48.810182,9.242875,336.5,Charge 4
2020-12-26T15:52:41Z,48.810182,9.242888,336.5,Charge 4
2020-12-26T15:52:42Z,48.810182,9.242907,336.5,Charge 4
2020-12-26T15:52:43Z,48.810183,9.242928,336.5,Charge 4
2020-12-26T15:52:44Z,48.810183,9.242945,336.5,Charge 4
2020-12-26T15:52:45Z,48.810183,9.242955,336.5,Charge 4
2020-12-26T15:52:46Z,48.810182,9.242973,336.5,Charge 4
2020-12-26T15:52:47Z,48.810182,9.242985,336.6,Fitbit App
2020-12-26T15:52:48Z,48.810182,9.242998,336.7,Charge 4
2020-12-26T15:52:49Z,48.810182,9.243010,336.7,Charge 4
2020-12-26T15:52:50Z,48.810183,9.243024,336.7,Fitbit App
2020-12-26T15:52:51Z,48.810183,9.243037,336.7,Charge 4
2020-12-26T15:52:52Z,48.810183,9.243057,336.7,Charge 4
2020-12-26T15:52:53Z,48.810185,9.243075,336.7,Charge 4
2020-12-26T15:52:54Z,48.810187,9.243088,336.7,Charge 4
2020-12-26T15:52:55Z,48.810187,9.243097,336.7,Charge 4
2020-12-26T15:52:56Z,48.810187,9.243120,336.7,Charge 4
2020-12-26T15:52:57Z,48.810187,9.243130,336.7,Charge 4
2020-12-26T15:52:58Z,48.810188,9.243138,336.7,Charge 4
2020-12-26T15:52:59Z,48.810190,9.243155,336.7,Charge 4
2020-12-26T15:53:00Z,48.810192,9.243177,336.7,Charge 4
2020-12-26T15:53:01Z,48.810195,9.243193,336.7,Charge 4
2020-12-26T15:53:02Z,48.810197,9.243203,336.7,Charge 4
2020-12-26T15:53:03Z,48.810198,9.243233,336.3,Charge 4
2020-12-26T15:53:04Z,48.810202,9.243245,336.3,Charge 4
2020-12-26T15:53:05Z,48.810203,9.243257,336.3,Charge 4
2020-12-26T15:53:06Z,48.810207,9.243277,336.3,Charge 4
2020-12-26T15:53:07Z,48.810210,9.243297,336.3,Charge 4
2020-12-26T15:53:08Z,48.810212,9.243313,336.3,Charge 4
2020-12-26T15:53:09Z,48.810215,9.243327,336.3,Charge 4
2020-12-26T15:53:10Z,48.810215,9.243345,336.3,Charge 4
2020-12-26T15:53:11Z,48.810215,9.243355,336.3,Charge 4
2020-12-26T15:53:12Z,48.810217,9.243373,336.3,Charge 4
2020-12-26T15:53:13Z,48.810218,9.243382,336.7,Charge 4
2020-12-26T15:53:14Z,48.810222,9.243393,336.7,Charge 4
2020-12-26T15:53:15Z,48.810223,9.243407,336.7,Charge 4
2020-12-26T15:53:16Z,48.810223,9.243427,336.7,Charge 4
2020-12-26T15:53:17Z,48.810223,9.243438,336.7,Charge 4
2020-12-26T15:53:18Z,48.810223,9.243462,336.7,Charge 4
2020-12-26T15:53:19Z,48.810223,9.243482,336.7,Charge 4
2020-12-26T15:53:20Z,48.810225,9.243498,336.7,Charge 4
2020-12-26T15:53:21Z,48.810227,9.243513,336.7,Charge 4
2020-12-26T15:53:22Z,48.810228,9.243532,336.7,Charge 4
2020-12-26T15:53:23Z,48.810228,9.243533,336.8,Charge 4
2020-12-26T15:53:24Z,48.810232,9.243543,336.8,Charge 4
2020-12-26T15:53:25Z,48.810235,9.243560,336.8,Charge 4
2020-12-26T15:53:26Z,48.810235,9.243568,336.8,Charge 4
2020-12-26T15:53:27Z,48.810238,9.243597,336.8,Charge 4
2020-12-26T15:53:28Z,48.810242,9.243613,336.8,Charge 4
2020-12-26T15:53:29Z,48.810247,9.243628,336.8,Charge 4
2020-12-26T15:53:30Z,48.810248,9.243638,336.8,Charge 4
2020-12-26T15:53:31Z,48.810250,9.243650,336.8,Charge 4
2020-12-26T15:53:32Z,48.810252,9.243663,337.2,Charge 4
2020-12-26T15:53:33Z,48.810247,9.243672,337.2,Charge 4
2020-12-26T15:53:34Z,48.810240,9.243683,337.2,Charge 4
2020-12-26T15:53:35Z,48.810228,9.243697,337.2,Charge 4
2020-12-26T15:53:36Z,48.810223,9.243703,337.2,Charge 4
2020-12-26T15:53:37Z,48.810220,9.243708,337.2,Charge 4
2020-12-26T15:53:38Z,48.810217,9.243711,337.2,Fitbit App
2020-12-26T15:53:39Z,48.810213,9.243718,337.2,Charge 4
2020-12-26T15:53:40Z,48.810212,9.243720,337.2,Charge 4
2020-12-26T15:53:41Z,48.810210,9.243720,337.2,Charge 4
2020-12-26T15:53:42Z,48.810210,9.243717,337.2,Charge 4
2020-12-26T15:53:43Z,48.810212,9.243695,337.2,Charge 4
2020-12-26T15:53:44Z,48.810210,9.243687,337.2,Charge 4
2020-12-26T15:53:45Z,48.810207,9.243688,337.2,Charge 4
2020-12-26T15:53:46Z,48.810205,9.243705,337.2,Charge 4
2020-12-26T15:53:47Z,48.810207,9.243732,337.2,Charge 4
2020-12-26T15:53:48Z,48.810208,9.243757,337.2,Charge 4
2020-12-26T15:53:49Z,48.810210,9.243782,337.2,Charge 4
2020-12-26T15:53:50Z,48.810208,9.243802,337.2,Charge 4
2020-12-26T15:53:51Z,48.810210,9.243822,337.2,Charge 4
2020-12-26T15:53:52Z,48.810212,9.243838,337.2,Charge 4
2020-12-26T15:53:53Z,48.810218,9.243867,337.2,Charge 4
2020-12-26T15:53:54Z,48.810223,9.243885,337.2,Charge 4
2020-12-26T15:53:55Z,48.810223,9.243915,337.2,Charge 4
2020-12-26T15:53:56Z,48.810227,9.243928,337.2,Charge 4
2020-12-26T15:53:57Z,48.810243,9.243982,337.2,Charge 4
2020-12-26T15:53:58Z,48.810248,9.244010,337.2,Charge 4
2020-12-26T15:53:59Z,48.810252,9.244032,337.2,Charge 4
2020-12-26T15:54:00Z,48.810253,9.244050,337.2,Charge 4
2020-12-26T15:54:01Z,48.810253,9.244070,337.2,Charge 4
2020-12-26T15:54:02Z,48.810253,9.244097,337.2,Charge 4
2020-12-26T15:54:03Z,48.810257,9.244097,337.2,Charge 4
2020-12-26T15:54:04Z,48.810260,9.244102,337.2,Charge 4
2020-12-26T15:54:05Z,48.810262,9.244110,337.2,Charge 4
2020-12-26T15:54:06Z,48.810265,9.244120,337.2,Charge 4
2020-12-26T15:54:07Z,48.810268,9.244133,337.2,Charge 4
2020-12-26T15:54:08Z,48.810264,9.244191,337.2,Fitbit App
2020-12-26T15:54:09Z,48.810270,9.244207,337.2,Charge 4
2020-12-26T15:54:10Z,48.810268,9.244257,337.2,Charge 4
2020-12-26T15:54:11Z,48.810265,9.244297,337.2,Charge 4
2020-12-26T15:54:12Z,48.810262,9.244323,337.2,Charge 4
2020-12-26T15:54:13Z,48.810262,9.244345,337.2,Charge 4
2020-12-26T15:54:14Z,48.810260,9.244367,337.6,Charge 4
2020-12-26T15:54:15Z,48.810258,9.244387,337.6,Charge 4
2020-12-26T15:54:16Z,48.810257,9.244402,337.6,Charge 4
2020-12-26T15:54:17Z,48.810258,9.244410,337.6,Charge 4
2020-12-26T15:54:18Z,48.810260,9.244430,337.6,Charge 4
2020-12-26T15:54:19Z,48.810263,9.244447,337.6,Charge 4
2020-12-26T15:54:20Z,48.810262,9.244462,337.6,Charge 4
2020-12-26T15:54:21Z,48.810262,9.244493,337.6,Charge 4
2020-12-26T15:54:22Z,48.810262,9.244518,337.6,Charge 4
2020-12-26T15:54:23Z,48.810257,9.244550,337.6,Charge 4
2020-12-26T15:54:24Z,48.810255,9.244580,337.6,Charge 4
2020-12-26T15:54:25Z,48.810257,9.244610,338.3,Charge 4
2020-12-26T15:54:26Z,48.810257,9.244625,338.3,Charge 4
2020-12-26T15:54:27Z,48.810260,9.244645,338.3,Charge 4
2020-12-26T15:54:28Z,48.810267,9.244663,338.3,Charge 4
2020-12-26T15:54:29Z,48.810272,9.244682,338.3,Charge 4
2020-12-26T15:54:30Z,48.810275,9.244703,338.3,Charge 4
2020-12-26T15:54:31Z,48.810272,9.244725,338.3,Charge 4
2020-12-26T15:54:32Z,48.810268,9.244748,338.3,Charge 4
2020-12-26T15:54:33Z,48.810262,9.244773,338.3,Charge 4
2020-12-26T15:54:34Z,48.810255,9.244803,338.3,Charge 4
2020-12-26T15:54:35Z,48.810252,9.244827,338.3,Charge 4
2020-12-26T15:54:36Z,48.810252,9.244867,338.3,Charge 4
2020-12-26T15:54:37Z,48.810253,9.244895,338.3,Charge 4
2020-12-26T15:54:38Z,48.810257,9.244920,338.3,Charge 4
2020-12-26T15:54:39Z,48.810258,9.244945,338.3,Charge 4
2020-12-26T15:54:40Z,48.810260,9.244963,338.3,Charge 4
2020-12-26T15:54:41Z,48.810262,9.244992,338.3,Charge 4
2020-12-26T15:54:42Z,48.810265,9.245007,338.3,Charge 4
2020-12-26T15:54:43Z,48.810265,9.245027,338.3,Charge 4
2020-12-26T15:54:44Z,48.810267,9.245048,338.3,Charge 4
2020-12-26T15:54:45Z,48.810268,9.245073,338.3,Charge 4
2020-12-26T15:54:46Z,48.810270,9.245093,338.3,Charge 4
2020-12-26T15:54:47Z,48.810272,9.245120,338.3,Charge 4
2020-12-26T15:54:48Z,48.810275,9.245140,338.3,Charge 4
2020-12-26T15:54:49Z,48.810275,9.245150,338.3,Charge 4
2020-12-26T15:54:50Z,48.810277,9.245163,338.3,Charge 4
2020-12-26T15:54:51Z,48.810278,9.245172,338.3,Charge 4
2020-12-26T15:54:52Z,48.810280,9.245175,338.3,Charge 4
2020-12-26T15:54:53Z,48.810280,9.245188,338.3,Charge 4
2020-12-26T15:54:54Z,48.810280,9.245195,338.3,Charge 4
2020-12-26T15:54:55Z,48.810282,9.245182,338.3,Charge 4
2020-12-26T15:54:56Z,48.810282,9.245175,338.3,Charge 4
2020-12-26T15:54:57Z,48.810283,9.245172,338.3,Charge 4
2020-12-26T15:54:58Z,48.810283,9.245172,338.3,Charge 4
2020-12-26T15:54:59Z,48.810283,9.245175,338.3,Charge 4
2020-12-26T15:55:00Z,48.810285,9.245178,338.3,Charge 4
2020-12-26T15:55:01Z,48.810288,9.245185,338.3,Charge 4
2020-12-26T15:55:02Z,48.810300,9.245197,338.3,Charge 4
2020-12-26T15:55:03Z,48.810307,9.245217,338.3,Charge 4
2020-12-26T15:55:04Z,48.810310,9.245242,338.3,Charge 4
2020-12-26T15:55:05Z,48.810313,9.245268,338.3,Charge 4
2020-12-26T15:55:06Z,48.810317,9.245327,338.8,Charge 4
2020-12-26T15:55:07Z,48.810312,9.245360,338.8,Charge 4
2020-12-26T15:55:08Z,48.810312,9.245373,338.8,Charge 4
2020-12-26T15:55:09Z,48.810312,9.245393,338.8,Charge 4
2020-12-26T15:55:10Z,48.810312,9.245418,338.8,Charge 4
2020-12-26T15:55:11Z,48.810312,9.245438,338.8,Charge 4
2020-12-26T15:55:12Z,48.810315,9.245448,338.8,Charge 4
2020-12-26T15:55:13Z,48.810320,9.245470,338.8,Charge 4
2020-12-26T15:55:14Z,48.810323,9.245490,338.8,Charge 4
2020-12-26T15:55:15Z,48.810327,9.245512,338.8,Charge 4
2020-12-26T15:55:16Z,48.810332,9.245535,338.8,Charge 4
2020-12-26T15:55:17Z,48.810333,9.245548,338.8,Charge 4
2020-12-26T15:55:18Z,48.810338,9.245572,338.8,Charge 4
2020-12-26T15:55:19Z,48.810340,9.245592,338.8,Charge 4
2020-12-26T15:55:20Z,48.810343,9.245615,338.8,Charge 4
2020-12-26T15:55:21Z,48.810343,9.245627,338.8,Charge 4
2020-12-26T15:55:22Z,48.810348,9.245652,338.8,Charge 4
2020-12-26T15:55:23Z,48.810353,9.245667,338.8,Charge 4
2020-12-26T15:55:24Z,48.810362,9.245677,338.8,Charge 4
2020-12-26T15:55:25Z,48.810367,9.245683,338.8,Charge 4
2020-12-26T15:55:26Z,48.810372,9.245690,338.8,Charge 4
2020-12-26T15:55:27Z,48.810375,9.245693,338.8,Charge 4
2020-12-26T15:55:28Z,48.810377,9.245695,338.8,Charge 4
2020-12-26T15:55:29Z,48.810377,9.245697,338.8,Charge 4
2020-12-26T15:55:30Z,48.810382,9.245705,338.8,Charge 4
2020-12-26T15:55:31Z,48.810387,9.245717,338.8,Charge 4
2020-12-26T15:55:32Z,48.810393,9.245732,338.8,Charge 4
2020-12-26T15:55:33Z,48.810398,9.245747,338.8,Charge 4
2020-12-26T15:55:34Z,48.810403,9.245768,338.8,Charge 4
2020-12-26T15:55:35Z,48.810403,9.245788,338.8,Charge 4
2020-12-26T15:55:36Z,48.810398,9.245797,338.8,Charge 4
2020-12-26T15:55:37Z,48.810400,9.245803,338.8,Charge 4
2020-12-26T15:55:38Z,48.810398,9.245810,338.8,Charge 4
2020-12-26T15:55:39Z,48.810392,9.245822,338.8,Charge 4
2020-12-26T15:55:40Z,48.810390,9.245832,338.8,Charge 4
2020-12-26T15:55:41Z,48.810390,9.245857,338.8,Charge 4
2020-12-26T15:55:42Z,48.810390,9.245875,338.8,Charge 4
2020-12-26T15:55:43Z,48.810390,9.245900,338.8,Charge 4
2020-12-26T15:55:44Z,48.810392,9.245923,338.8,Charge 4
2020-12-26T15:55:45Z,48.810392,9.245945,338.8,Charge 4
2020-12-26T15:55:46Z,48.810392,9.245963,339.6,Charge 4
2020-12-26T15:55:47Z,48.810392,9.245978,339.6,Charge 4
2020-12-26T15:55:48Z,48.810390,9.245990,339.6,Charge 4
2020-12-26T15:55:49Z,48.810390,9.246015,339.6,Charge 4
2020-12-26T15:55:50Z,48.810388,9.246025,339.6,Charge 4
2020-12-26T15:55:51Z,48.810390,9.246045,339.6,Charge 4
2020-12-26T15:55:52Z,48.810392,9.246070,339.6,Charge 4
2020-12-26T15:55:53Z,48.810393,9.246097,339.6,Charge 4
2020-12-26T15:55:54Z,48.810397,9.246118,339.6,Charge 4
2020-12-26T15:55:55Z,48.810400,9.246137,339.6,Charge 4
2020-12-26T15:55:56Z,48.810403,9.246150,339.6,Charge 4
2020-12-26T15:55:57Z,48.810405,9.246155,339.6,Charge 4
2020-12-26T15:55:58Z,48.810407,9.246167,339.6,Charge 4
2020-12-26T15:55:59Z,48.810408,9.246172,339.6,Charge 4
2020-12-26T15:56:00Z,48.810410,9.246185,339.6,Charge 4
2020-12-26T15:56:01Z,48.810415,9.246213,339.6,Charge 4
2020-12-26T15:56:02Z,48.810417,9.246242,339.6,Charge 4
2020-12-26T15:56:03Z,48.810422,9.246265,339.6,Charge 4
2020-12-26T15:56:04Z,48.810427,9.246292,339.6,Charge 4
2020-12-26T15:56:05Z,48.810430,9.246312,339.6,Charge 4
2020-12-26T15:56:06Z,48.810432,9.246320,339.6,Charge 4
2020-12-26T15:56:07Z,48.810433,9.246335,339.8,Fitbit App
2020-12-26T15:56:08Z,48.810435,9.246345,340.0,Charge 4
2020-12-26T15:56:09Z,48.810435,9.246370,340.0,Charge 4
2020-12-26T15:56:10Z,48.810437,9.246393,340.0,Charge 4
2020-12-26T15:56:11Z,48.810437,9.246413,340.0,Charge 4
2020-12-26T15:56:12Z,48.810440,9.246428,340.0,Charge 4
2020-12-26T15:56:13Z,48.810440,9.246440,340.0,Charge 4
2020-12-26T15:56:14Z,48.810440,9.246448,340.0,Charge 4
2020-12-26T15:56:15Z,48.810442,9.246465,340.0,Charge 4
2020-12-26T15:56:16Z,48.810443,9.246475,340.0,Charge 4
2020-12-26T15:56:17Z,48.810447,9.246495,339.8,Charge 4
2020-12-26T15:56:18Z,48.810452,9.246515,339.8,Charge 4
2020-12-26T15:56:19Z,48.810455,9.246535,339.8,Charge 4
2020-12-26T15:56:20Z,48.810460,9.246553,339.8,Charge 4
2020-12-26T15:56:21Z,48.810465,9.246575,339.8,Charge 4
2020-12-26T15:56:22Z,48.810468,9.246595,339.8,Charge 4
2020-12-26T15:56:23Z,48.810470,9.246607,339.8,Charge 4
2020-12-26T15:56:24Z,48.810470,9.246616,339.8,Fitbit App
2020-12-26T15:56:25Z,48.810472,9.246627,339.8,Charge 4
2020-12-26T15:56:26Z,48.810473,9.246643,339.8,Charge 4
2020-12-26T15:56:27Z,48.810473,9.246655,340.0,Charge 4
2020-12-26T15:56:28Z,48.810475,9.246673,340.0,Charge 4
2020-12-26T15:56:29Z,48.810477,9.246690,340.0,Charge 4
2020-12-26T15:56:30Z,48.810478,9.246707,340.0,Charge 4
2020-12-26T15:56:31Z,48.810482,9.246727,340.0,Charge 4
2020-12-26T15:56:32Z,48.810483,9.246743,340.0,Charge 4
2020-12-26T15:56:33Z,48.810487,9.246752,340.0,Charge 4
2020-12-26T15:56:34Z,48.810491,9.246763,340.0,Fitbit App
2020-12-26T15:56:35Z,48.810487,9.246772,340.0,Charge 4
2020-12-26T15:56:36Z,48.810492,9.246782,340.0,Charge 4
2020-12-26T15:56:37Z,48.810500,9.246792,340.0,Charge 4
2020-12-26T15:56:38Z,48.810512,9.246800,340.0,Charge 4
2020-12-26T15:56:39Z,48.810527,9.246807,340.0,Charge 4
2020-12-26T15:56:40Z,48.810547,9.246823,340.0,Charge 4
2020-12-26T15:56:41Z,48.810557,9.246840,340.0,Charge 4
2020-12-26T15:56:42Z,48.810565,9.246858,340.5,Charge 4
2020-12-26T15:56:43Z,48.810572,9.246882,340.5,Charge 4
2020-12-26T15:56:44Z,48.810585,9.246910,340.5,Charge 4
2020-12-26T15:56:45Z,48.810598,9.246940,340.5,Charge 4
2020-12-26T15:56:46Z,48.810607,9.246953,340.5,Charge 4
2020-12-26T15:56:47Z,48.810615,9.246973,340.5,Charge 4
2020-12-26T15:56:48Z,48.810622,9.246990,340.5,Charge 4
2020-12-26T15:56:49Z,48.810632,9.247022,340.5,Charge 4
2020-12-26T15:56:50Z,48.810612,9.247072,340.5,Charge 4
2020-12-26T15:56:51Z,48.810585,9.247118,340.5,Charge 4
2020-12-26T15:56:52Z,48.810570,9.247152,340.5,Charge 4
2020-12-26T15:56:53Z,48.810580,9.247190,340.5,Charge 4
2020-12-26T15:56:54Z,48.810585,9.247202,340.5,Charge 4
2020-12-26T15:56:55Z,48.810592,9.247215,340.5,Charge 4
2020-12-26T15:56:56Z,48.810598,9.247235,340.5,Charge 4
2020-12-26T15:56:57Z,48.810607,9.247260,340.5,Charge 4
2020-12-26T15:56:58Z,48.810605,9.247282,340.5,Charge 4
2020-12-26T15:56:59Z,48.810602,9.247302,340.5,Charge 4
2020-12-26T15:57:00Z,48.810597,9.247323,340.5,Charge 4
2020-12-26T15:57:01Z,48.810592,9.247335,340.5,Charge 4
2020-12-26T15:57:02Z,48.810590,9.247342,340.5,Charge 4
2020-12-26T15:57:03Z,48.810590,9.247347,340.2,Charge 4
2020-12-26T15:57:04Z,48.810594,9.247371,340.2,Fitbit App
2020-12-26T15:57:05Z,48.810597,9.247392,340.2,Charge 4
2020-12-26T15:57:06Z,48.810598,9.247408,340.2,Charge 4
2020-12-26T15:57:07Z,48.810597,9.247423,340.2,Charge 4
2020-12-26T15:57:08Z,48.810598,9.247433,340.2,Charge 4
2020-12-26T15:57:09Z,48.810602,9.247450,340.2,Charge 4
2020-12-26T15:57:10Z,48.810607,9.247467,340.2,Charge 4
2020-12-26T15:57:11Z,48.810612,9.247485,340.2,Charge 4
2020-12-26T15:57:12Z,48.810617,9.247500,340.2,Charge 4
2020-12-26T15:57:13Z,48.810620,9.247517,340.2,Charge 4
2020-12-26T15:57:14Z,48.810620,9.247525,340.2,Charge 4
2020-12-26T15:57:15Z,48.810622,9.247537,340.2,Charge 4
2020-12-26T15:57:16Z,48.810623,9.247548,340.2,Charge 4
2020-12-26T15:57:17Z,48.810625,9.247550,340.5,Charge 4
2020-12-26T15:57:18Z,48.810625,9.247562,340.5,Charge 4
2020-12-26T15:57:19Z,48.810627,9.247567,340.5,Charge 4
2020-12-26T15:57:20Z,48.810630,9.247573,340.5,Charge 4
2020-12-26T15:57:21Z,48.810632,9.247580,340.5,Charge 4
2020-12-26T15:57:22Z,48.810633,9.247587,340.5,Charge 4
2020-12-26T15:57:23Z,48.810637,9.247595,340.5,Charge 4
2020-12-26T15:57:24Z,48.810638,9.247607,340.5,Charge 4
2020-12-26T15:57:25Z,48.810640,9.247618,340.5,Charge 4
2020-12-26T15:57:26Z,48.810640,9.247628,340.5,Charge 4
2020-12-26T15:57:27Z,48.810638,9.247623,341.5,Charge 4
2020-12-26T15:57:28Z,48.810638,9.247625,341.5,Charge 4
2020-12-26T15:57:29Z,48.810638,9.247638,341.5,Charge 4
2020-12-26T15:57:30Z,48.810638,9.247660,341.5,Charge 4
2020-12-26T15:57:31Z,48.810638,9.247680,341.5,Charge 4
2020-12-26T15:57:32Z,48.810633,9.247692,341.5,Charge 4
2020-12-26T15:57:33Z,48.810633,9.247710,341.5,Charge 4
2020-12-26T15:57:34Z,48.810633,9.247728,341.5,Charge 4
2020-12-26T15:57:35Z,48.810633,9.247740,341.5,Charge 4
2020-12-26T15:57:36Z,48.810635,9.247750,341.5,Charge 4
2020-12-26T15:57:37Z,48.810638,9.247770,341.1,Fitbit App
2020-12-26T15:57:38Z,48.810640,9.247785,340.7,Charge 4
2020-12-26T15:57:39Z,48.810642,9.247805,340.7,Charge 4
2020-12-26T15:57:40Z,48.810645,9.247822,340.7,Charge 4
2020-12-26T15:57:41Z,48.810650,9.247835,340.7,Charge 4
2020-12-26T15:57:42Z,48.810655,9.247845,340.7,Charge 4
2020-12-26T15:57:43Z,48.810662,9.247857,340.7,Charge 4
2020-12-26T15:57:44Z,48.810667,9.247872,340.7,Charge 4
2020-12-26T15:57:45Z,48.810677,9.247900,340.7,Charge 4
2020-12-26T15:57:46Z,48.810682,9.247918,340.7,Charge 4
2020-12-26T15:57:47Z,48.810683,9.247977,340.3,Charge 4
2020-12-26T15:57:48Z,48.810683,9.248033,340.3,Charge 4
2020-12-26T15:57:49Z,48.810685,9.248062,340.3,Charge 4
2020-12-26T15:57:50Z,48.810687,9.248085,340.3,Charge 4
2020-12-26T15:57:51Z,48.810687,9.248100,340.3,Charge 4
2020-12-26T15:57:52Z,48.810687,9.248127,340.3,Charge 4
2020-12-26T15:57:53Z,48.810683,9.248157,340.3,Charge 4
2020-12-26T15:57:54Z,48.810684,9.248173,340.3,Fitbit App
2020-12-26T15:57:55Z,48.810684,9.248194,340.3,Fitbit App
2020-12-26T15:57:56Z,48.810682,9.248212,340.3,Charge 4
2020-12-26T15:57:57Z,48.810682,9.248238,340.3,Charge 4
2020-12-26T15:57:58Z,48.810690,9.248262,340.3,Charge 4
2020-12-26T15:57:59Z,48.810697,9.248283,340.3,Charge 4
2020-12-26T15:58:00Z,48.810703,9.248307,340.3,Charge 4
2020-12-26T15:58:01Z,48.810708,9.248318,340.3,Charge 4
2020-12-26T15:58:02Z,48.810712,9.248337,340.3,Charge 4
2020-12-26T15:58:03Z,48.810717,9.248357,340.6,Charge 4
2020-12-26T15:58:04Z,48.810722,9.248375,340.6,Charge 4
2020-12-26T15:58:05Z,48.810725,9.248400,340.6,Charge 4
2020-12-26T15:58:06Z,48.810728,9.248425,340.6,Charge 4
2020-12-26T15:58:07Z,48.810728,9.248445,340.6,Charge 4
2020-12-26T15:58:08Z,48.810728,9.248470,340.6,Charge 4
2020-12-26T15:58:09Z,48.810727,9.248483,340.6,Charge 4
2020-12-26T15:58:10Z,48.810728,9.248507,340.6,Charge 4
2020-12-26T15:58:11Z,48.810732,9.248530,340.6,Charge 4
2020-12-26T15:58:12Z,48.810733,9.248528,340.5,Charge 4
2020-12-26T15:58:13Z,48.810737,9.248562,340.5,Charge 4
2020-12-26T15:58:14Z,48.810738,9.248573,340.5,Charge 4
2020-12-26T15:58:15Z,48.810740,9.248597,340.5,Charge 4
2020-12-26T15:58:16Z,48.810742,9.248618,340.5,Charge 4
2020-12-26T15:58:17Z,48.810745,9.248628,340.5,Charge 4
2020-12-26T15:58:18Z,48.810750,9.248640,340.5,Charge 4
2020-12-26T15:58:19Z,48.810753,9.248660,340.5,Charge 4
2020-12-26T15:58:20Z,48.810755,9.248680,340.5,Charge 4
2020-12-26T15:58:21Z,48.810760,9.248700,340.5,Charge 4
2020-12-26T15:58:22Z,48.810760,9.248710,340.5,Charge 4
2020-12-26T15:58:23Z,48.810765,9.248733,340.5,Charge 4
2020-12-26T15:58:24Z,48.810767,9.248745,340.5,Charge 4
2020-12-26T15:58:25Z,48.810772,9.248763,340.5,Charge 4
2020-12-26T15:58:26Z,48.810775,9.248780,340.5,Charge 4
2020-12-26T15:58:27Z,48.810778,9.248790,340.5,Charge 4
2020-12-26T15:58:28Z,48.810787,9.248805,340.5,Charge 4
2020-12-26T15:58:29Z,48.810791,9.248827,340.5,Fitbit App
2020-12-26T15:58:30Z,48.810797,9.248848,340.5,Charge 4
2020-12-26T15:58:31Z,48.810800,9.248862,340.5,Charge 4
2020-12-26T15:58:32Z,48.810805,9.248885,340.5,Charge 4
2020-12-26T15:58:33Z,48.810807,9.248905,340.5,Charge 4
2020-12-26T15:58:34Z,48.810810,9.248925,340.5,Charge 4
2020-12-26T15:58:35Z,48.810813,9.248933,340.5,Charge 4
2020-12-26T15:58:36Z,48.810817,9.248952,340.5,Charge 4
2020-12-26T15:58:37Z,48.810820,9.248968,340.5,Charge 4
2020-12-26T15:58:38Z,48.810825,9.248983,340.3,Charge 4
2020-12-26T15:58:39Z,48.810828,9.248992,340.3,Charge 4
2020-12-26T15:58:40Z,48.810832,9.249010,340.3,Charge 4
2020-12-26T15:58:41Z,48.810833,9.249023,340.3,Charge 4
2020-12-26T15:58:42Z,48.810835,9.249038,340.3,Charge 4
2020-12-26T15:58:43Z,48.810837,9.249048,340.3,Charge 4
2020-12-26T15:58:44Z,48.810837,9.249068,340.3,Charge 4
2020-12-26T15:58:45Z,48.810837,9.249085,340.3,Charge 4
2020-12-26T15:58:46Z,48.810837,9.249103,340.3,Charge 4
2020-12-26T15:58:47Z,48.810838,9.249122,340.3,Charge 4
2020-12-26T15:58:48Z,48.810838,9.249133,340.3,Charge 4
2020-12-26T15:58:49Z,48.810843,9.249152,340.3,Charge 4
2020-12-26T15:58:50Z,48.810848,9.249172,340.2,Charge 4
2020-12-26T15:58:51Z,48.810850,9.249190,340.2,Charge 4
2020-12-26T15:58:52Z,48.810850,9.249198,340.2,Charge 4
2020-12-26T15:58:53Z,48.810852,9.249218,340.2,Charge 4
2020-12-26T15:58:54Z,48.810852,9.249242,340.2,Charge 4
2020-12-26T15:58:55Z,48.810853,9.249265,340.2,Charge 4
2020-12-26T15:58:56Z,48.810853,9.249277,340.2,Charge 4
2020-12-26T15:58:57Z,48.810855,9.249297,340.2,Charge 4
2020-12-26T15:58:58Z,48.810858,9.249315,340.5,Charge 4
2020-12-26T15:58:59Z,48.810862,9.249337,340.5,Charge 4
2020-12-26T15:59:00Z,48.810863,9.249350,340.5,Charge 4
2020-12-26T15:59:01Z,48.810865,9.249360,340.5,Charge 4
2020-12-26T15:59:02Z,48.810865,9.249377,340.5,Charge 4
2020-12-26T15:59:03Z,48.810867,9.249397,340.5,Charge 4
2020-12-26T15:59:04Z,48.810867,9.249403,340.5,Charge 4
2020-12-26T15:59:05Z,48.810868,9.249420,340.5,Charge 4
2020-12-26T15:59:06Z,48.810870,9.249440,340.5,Charge 4
2020-12-26T15:59:07Z,48.810873,9.249460,340.5,Charge 4
2020-12-26T15:59:08Z,48.810873,9.249470,340.0,Charge 4
2020-12-26T15:59:09Z,48.810873,9.249487,340.0,Charge 4
2020-12-26T15:59:10Z,48.810875,9.249507,340.0,Charge 4
2020-12-26T15:59:11Z,48.810878,9.249528,340.0,Charge 4
2020-12-26T15:59:12Z,48.810878,9.249537,340.0,Charge 4
2020-12-26T15:59:13Z,48.810880,9.249558,340.0,Charge 4
2020-12-26T15:59:14Z,48.810883,9.249578,340.0,Charge 4
2020-12-26T15:59:15Z,48.810885,9.249592,340.0,Charge 4
2020-12-26T15:59:16Z,48.810887,9.249602,340.0,Charge 4
2020-12-26T15:59:17Z,48.810890,9.249622,340.0,Charge 4
2020-12-26T15:59:18Z,48.810895,9.249628,340.2,Charge 4
2020-12-26T15:59:19Z,48.810900,9.249643,340.2,Charge 4
2020-12-26T15:59:20Z,48.810902,9.249652,340.2,Charge 4
2020-12-26T15:59:21Z,48.810903,9.249670,340.2,Charge 4
2020-12-26T15:59:22Z,48.810907,9.249688,340.2,Charge 4
2020-12-26T15:59:23Z,48.810908,9.249710,340.2,Charge 4
2020-12-26T15:59:24Z,48.810910,9.249725,340.2,Charge 4
2020-12-26T15:59:25Z,48.810912,9.249735,340.2,Charge 4
2020-12-26T15:59:26Z,48.810913,9.249757,340.2,Charge 4
2020-12-26T15:59:27Z,48.810915,9.249772,340.2,Charge 4
2020-12-26T15:59:28Z,48.810920,9.249775,340.2,Charge 4
2020-12-26T15:59:29Z,48.810925,9.249787,340.2,Charge 4
2020-12-26T15:59:30Z,48.810930,9.249807,340.2,Charge 4
2020-12-26T15:59:31Z,48.810932,9.249828,340.2,Charge 4
2020-12-26T15:59:32Z,48.810928,9.249852,340.2,Charge 4
2020-12-26T15:59:33Z,48.810928,9.249860,340.2,Charge 4
2020-12-26T15:59:34Z,48.810930,9.249880,340.2,Charge 4
2020-12-26T15:59:35Z,48.810930,9.249900,340.2,Charge 4
2020-12-26T15:59:36Z,48.810932,9.249915,340.2,Charge 4
2020-12-26T15:59:37Z,48.810933,9.249923,340.2,Charge 4
2020-12-26T15:59:38Z,48.810935,9.249938,340.2,Charge 4
2020-12-26T15:59:39Z,48.810938,9.249950,340.2,Charge 4
2020-12-26T15:59:40Z,48.810940,9.249965,340.2,Fitbit App
2020-12-26T15:59:41Z,48.810942,9.249975,340.2,Charge 4
2020-12-26T15:59:42Z,48.810943,9.250002,340.2,Charge 4
2020-12-26T15:59:43Z,48.810945,9.250013,340.2,Charge 4
2020-12-26T15:59:44Z,48.810947,9.250037,340.2,Charge 4
2020-12-26T15:59:45Z,48.810948,9.250058,340.2,Charge 4
2020-12-26T15:59:46Z,48.810952,9.250078,340.2,Charge 4
2020-12-26T15:59:47Z,48.810952,9.250092,340.2,Charge 4
2020-12-26T15:59:48Z,48.810953,9.250108,340.2,Charge 4
2020-12-26T15:59:49Z,48.810957,9.250127,340.2,Charge 4
2020-12-26T15:59:50Z,48.810957,9.250135,340.2,Charge 4
2020-12-26T15:59:51Z,48.810960,9.250157,340.2,Charge 4
2020-12-26T15:59:52Z,48.810963,9.250180,340.2,Charge 4
2020-12-26T15:59:53Z,48.810967,9.250195,340.2,Charge 4
2020-12-26T15:59:54Z,48.810968,9.250215,340.2,Charge 4
2020-12-26T15:59:55Z,48.810968,9.250227,340.2,Charge 4
2020-12-26T15:59:56Z,48.810970,9.250247,340.2,Charge 4
2020-12-26T15:59:57Z,48.810972,9.250273,340.2,Charge 4
2020-12-26T15:59:58Z,48.810977,9.250283,340.2,Charge 4
2020-12-26T15:59:59Z,48.810985,9.250300,340.2,Charge 4
2020-12-26T16:00:00Z,48.810988,9.250313,340.2,Charge 4
2020-12-26T16:00:01Z,48.810990,9.250322,340.2,Charge 4
2020-12-26T16:00:02Z,48.810993,9.250343,340.2,Charge 4
2020-12-26T16:00:03Z,48.810993,9.250357,340.2,Charge 4
2020-12-26T16:00:04Z,48.810995,9.250378,340.2,Charge 4
2020-12-26T16:00:05Z,48.810995,9.250398,340.2,Charge 4
2020-12-26T16:00:06Z,48.810997,9.250410,340.2,Charge 4
2020-12-26T16:00:07Z,48.810998,9.250420,340.2,Charge 4
