timestamp,beats per minute,data source
2024-02-03T11:41:01Z,70.0,Charge 5
2024-02-03T19:29:31Z,70.0,Charge 5
2024-02-03T19:29:48Z,70.0,Charge 5
2024-02-03T19:30:02Z,70.0,Charge 5
2024-02-03T19:30:12Z,100.0,Charge 5
2024-02-03T19:30:17Z,101.0,Charge 5
2024-02-03T19:30:22Z,100.0,Charge 5
2024-02-03T19:30:27Z,99.0,Charge 5
2024-02-03T19:30:32Z,98.0,Charge 5
2024-02-03T19:30:42Z,97.0,Charge 5
2024-02-03T19:30:47Z,99.0,Charge 5
2024-02-03T19:30:57Z,97.0,Charge 5
2024-02-03T19:31:12Z,98.0,Charge 5
2024-02-03T19:31:17Z,97.0,Charge 5
2024-02-03T19:31:22Z,98.0,Charge 5
2024-02-03T19:31:32Z,99.0,Charge 5
2024-02-03T19:31:47Z,98.0,Charge 5
2024-02-03T19:31:52Z,96.0,Charge 5
2024-02-03T19:31:57Z,94.0,Charge 5
2024-02-03T19:32:02Z,95.0,Charge 5
2024-02-03T19:32:12Z,96.0,Charge 5
2024-02-03T19:32:17Z,97.0,Charge 5
2024-02-03T19:32:27Z,98.0,Charge 5
2024-02-03T19:32:37Z,97.0,Charge 5
2024-02-03T19:32:47Z,98.0,Charge 5
2024-02-03T19:32:57Z,99.0,Charge 5
2024-02-03T19:33:02Z,99.0,Charge 5
2024-02-03T19:33:17Z,96.0,Charge 5
2024-02-03T19:33:22Z,95.0,Charge 5
2024-02-03T19:33:27Z,94.0,Charge 5
2024-02-03T19:33:32Z,94.0,Charge 5
2024-02-03T19:33:37Z,95.0,Charge 5
2024-02-03T19:33:42Z,95.0,Charge 5
2024-02-03T19:33:47Z,96.0,Charge 5
2024-02-03T19:33:52Z,97.0,Charge 5
2024-02-03T19:34:07Z,98.0,Charge 5
2024-02-03T19:34:17Z,97.0,Charge 5
2024-02-03T19:34:22Z,95.0,Charge 5
2024-02-03T19:34:33Z,95.0,Charge 5
2024-02-03T19:34:38Z,96.0,Charge 5
2024-02-03T19:34:43Z,96.0,Charge 5
2024-02-03T19:34:58Z,97.0,Charge 5
2024-02-03T19:35:13Z,97.0,Charge 5
2024-02-03T19:35:23Z,96.0,Charge 5
2024-02-03T19:35:38Z,96.0,Charge 5
2024-02-03T19:35:43Z,96.0,Charge 5
2024-02-03T19:35:55Z,96.0,Charge 5
2024-02-03T19:36:10Z,94.0,Charge 5
2024-02-03T19:36:20Z,95.0,Charge 5
2024-02-03T19:36:35Z,95.0,Charge 5
2024-02-03T19:36:40Z,94.0,Charge 5
2024-02-03T19:36:45Z,95.0,Charge 5
2024-02-03T19:36:55Z,95.0,Charge 5
2024-02-03T19:37:05Z,95.0,Charge 5
2024-02-03T19:37:10Z,96.0,Charge 5
2024-02-03T19:37:15Z,95.0,Charge 5
2024-02-03T19:37:20Z,94.0,Charge 5
2024-02-03T19:37:25Z,94.0,Charge 5
2024-02-03T19:37:30Z,96.0,Charge 5
2024-02-03T19:37:45Z,96.0,Charge 5
2024-02-03T19:38:00Z,96.0,Charge 5
2024-02-03T19:38:05Z,97.0,Charge 5
2024-02-03T19:38:10Z,98.0,Charge 5
2024-02-03T19:38:25Z,99.0,Charge 5
2024-02-03T19:38:40Z,96.0,Charge 5
2024-02-03T19:38:50Z,95.0,Charge 5
2024-02-03T19:39:00Z,95.0,Charge 5
2024-02-03T19:39:05Z,96.0,Charge 5
2024-02-03T19:39:10Z,97.0,Charge 5
2024-02-03T19:39:15Z,94.0,Charge 5
2024-02-03T19:39:20Z,94.0,Charge 5
2024-02-03T19:39:30Z,95.0,Charge 5
2024-02-03T19:39:45Z,94.0,Charge 5
2024-02-03T19:39:50Z,92.0,Charge 5
2024-02-03T19:39:55Z,94.0,Charge 5
2024-02-03T19:40:00Z,96.0,Charge 5
2024-02-03T19:40:15Z,96.0,Charge 5
2024-02-03T19:40:30Z,96.0,Charge 5
2024-02-03T19:40:35Z,97.0,Charge 5
2024-02-03T19:40:45Z,95.0,Charge 5
2024-02-03T19:40:50Z,94.0,Charge 5
2024-02-03T19:40:55Z,96.0,Charge 5
2024-02-03T19:41:10Z,96.0,Charge 5
2024-02-03T19:41:25Z,96.0,Charge 5
2024-02-03T19:41:30Z,97.0,Charge 5
2024-02-03T19:41:35Z,96.0,Charge 5
2024-02-03T19:41:40Z,97.0,Charge 5
2024-02-03T19:41:55Z,97.0,Charge 5
2024-02-03T19:42:10Z,98.0,Charge 5
2024-02-03T19:42:20Z,99.0,Charge 5
2024-02-03T19:42:25Z,99.0,Charge 5
2024-02-03T19:42:35Z,98.0,Charge 5
2024-02-03T19:42:40Z,99.0,Charge 5
2024-02-03T19:42:50Z,97.0,Charge 5
2024-02-03T19:42:55Z,92.0,Charge 5
2024-02-03T19:43:00Z,94.0,Charge 5
2024-02-03T19:43:05Z,96.0,Charge 5
2024-02-03T19:43:15Z,97.0,Charge 5
2024-02-03T19:43:25Z,96.0,Charge 5
2024-02-03T19:43:30Z,97.0,Charge 5
2024-02-03T19:43:35Z,97.0,Charge 5
2024-02-03T19:43:40Z,96.0,Charge 5
2024-02-03T19:43:55Z,96.0,Charge 5
2024-02-03T19:44:00Z,97.0,Charge 5
2024-02-03T19:44:10Z,98.0,Charge 5
2024-02-03T19:44:15Z,98.0,Charge 5
2024-02-03T19:44:20Z,98.0,Charge 5
2024-02-03T19:44:35Z,98.0,Charge 5
2024-02-03T19:44:40Z,99.0,Charge 5
2024-02-03T19:44:45Z,98.0,Charge 5
2024-02-03T19:44:55Z,97.0,Charge 5
2024-02-03T19:45:10Z,93.0,Charge 5
2024-02-03T19:45:15Z,89.0,Charge 5
2024-02-03T19:45:20Z,90.0,Charge 5
2024-02-03T19:45:25Z,91.0,Charge 5
2024-02-03T19:45:30Z,92.0,Charge 5
2024-02-03T19:45:35Z,93.0,Charge 5
2024-02-03T19:45:40Z,94.0,Charge 5
2024-02-03T19:45:45Z,93.0,Charge 5
2024-02-03T19:45:50Z,92.0,Charge 5
2024-02-03T19:45:55Z,93.0,Charge 5
2024-02-03T19:46:10Z,94.0,Charge 5
2024-02-03T19:46:25Z,96.0,Charge 5
2024-02-03T19:46:30Z,96.0,Charge 5
2024-02-03T19:46:35Z,95.0,Charge 5
2024-02-03T19:46:40Z,95.0,Charge 5
2024-02-03T19:46:55Z,95.0,Charge 5
2024-02-03T19:47:00Z,92.0,Charge 5
2024-02-03T19:47:05Z,94.0,Charge 5
2024-02-03T19:47:10Z,94.0,Charge 5
2024-02-03T19:47:20Z,95.0,Charge 5
2024-02-03T19:47:30Z,96.0,Charge 5
2024-02-03T19:47:35Z,96.0,Charge 5
2024-02-03T19:47:45Z,96.0,Charge 5
2024-02-03T19:47:50Z,97.0,Charge 5
2024-02-03T19:47:55Z,98.0,Charge 5
2024-02-03T19:48:05Z,100.0,Charge 5
2024-02-03T19:48:10Z,101.0,Charge 5
2024-02-03T19:48:15Z,100.0,Charge 5
2024-02-03T19:48:20Z,97.0,Charge 5
2024-02-03T19:48:30Z,97.0,Charge 5
2024-02-03T19:48:35Z,97.0,Charge 5
2024-02-03T19:48:40Z,96.0,Charge 5
2024-02-03T19:48:45Z,96.0,Charge 5
2024-02-03T19:48:50Z,97.0,Charge 5
2024-02-03T19:48:55Z,97.0,Charge 5
2024-02-03T19:49:00Z,98.0,Charge 5
2024-02-03T19:49:05Z,99.0,Charge 5
2024-02-03T19:49:20Z,99.0,Charge 5
2024-02-03T19:49:25Z,100.0,Charge 5
2024-02-03T19:49:40Z,99.0,Charge 5
2024-02-03T19:49:45Z,94.0,Charge 5
2024-02-03T19:49:50Z,92.0,Charge 5
2024-02-03T19:49:55Z,91.0,Charge 5
2024-02-03T19:50:00Z,93.0,Charge 5
2024-02-03T19:50:05Z,95.0,Charge 5
2024-02-03T19:50:10Z,97.0,Charge 5
2024-02-03T19:50:20Z,99.0,Charge 5
2024-02-03T19:50:25Z,99.0,Charge 5
2024-02-03T19:50:30Z,98.0,Charge 5
2024-02-03T19:50:45Z,98.0,Charge 5
2024-02-03T19:50:50Z,98.0,Charge 5
2024-02-03T19:50:56Z,97.0,Charge 5
2024-02-03T19:51:01Z,96.0,Charge 5
2024-02-03T19:51:06Z,97.0,Charge 5
2024-02-03T19:51:11Z,98.0,Charge 5
2024-02-03T19:51:16Z,99.0,Charge 5
2024-02-03T19:51:26Z,98.0,Charge 5
2024-02-03T19:51:31Z,97.0,Charge 5
2024-02-03T19:51:36Z,97.0,Charge 5
2024-02-03T19:51:46Z,92.0,Charge 5
2024-02-03T19:51:51Z,94.0,Charge 5
2024-02-03T19:52:01Z,94.0,Charge 5
2024-02-03T19:52:06Z,93.0,Charge 5
2024-02-03T19:52:16Z,92.0,Charge 5
2024-02-03T19:52:26Z,93.0,Charge 5
2024-02-03T19:52:31Z,94.0,Charge 5
2024-02-03T19:52:36Z,96.0,Charge 5
2024-02-03T19:52:41Z,96.0,Charge 5
2024-02-03T19:52:46Z,95.0,Charge 5
2024-02-03T19:52:51Z,96.0,Charge 5
2024-02-03T19:53:01Z,97.0,Charge 5
2024-02-03T19:53:06Z,98.0,Charge 5
2024-02-03T19:53:11Z,98.0,Charge 5
2024-02-03T19:53:16Z,97.0,Charge 5
2024-02-03T19:53:26Z,97.0,Charge 5
2024-02-03T19:53:41Z,97.0,Charge 5
2024-02-03T19:53:46Z,98.0,Charge 5
2024-02-03T19:53:56Z,100.0,Charge 5
2024-02-03T19:54:01Z,100.0,Charge 5
2024-02-03T19:54:06Z,99.0,Charge 5
2024-02-03T19:54:21Z,99.0,Charge 5
2024-02-03T19:54:26Z,101.0,Charge 5
2024-02-03T19:54:31Z,100.0,Charge 5
2024-02-03T19:54:36Z,99.0,Charge 5
2024-02-03T19:54:46Z,98.0,Charge 5
2024-02-03T19:54:51Z,97.0,Charge 5
2024-02-03T19:55:01Z,95.0,Charge 5
2024-02-03T19:55:06Z,91.0,Charge 5
2024-02-03T19:55:11Z,87.0,Charge 5
2024-02-03T19:55:16Z,85.0,Charge 5
2024-02-03T19:55:21Z,82.0,Charge 5
2024-02-03T19:55:26Z,81.0,Charge 5
2024-02-03T19:55:31Z,80.0,Charge 5
2024-02-03T19:55:36Z,85.0,Charge 5
2024-02-03T19:55:41Z,88.0,Charge 5
2024-02-03T19:55:46Z,89.0,Charge 5
2024-02-03T19:55:51Z,90.0,Charge 5
2024-02-03T19:55:56Z,95.0,Charge 5
2024-02-03T19:56:01Z,100.0,Charge 5
2024-02-03T19:56:06Z,101.0,Charge 5
2024-02-03T19:56:21Z,101.0,Charge 5
2024-02-03T19:56:36Z,101.0,Charge 5
2024-02-03T19:56:41Z,102.0,Charge 5
2024-02-03T19:56:46Z,99.0,Charge 5
2024-02-03T19:56:56Z,98.0,Charge 5
2024-02-03T19:57:01Z,97.0,Charge 5
2024-02-03T19:57:06Z,97.0,Charge 5
2024-02-03T19:57:16Z,96.0,Charge 5
2024-02-03T19:57:21Z,95.0,Charge 5
2024-02-03T19:57:26Z,94.0,Charge 5
2024-02-03T19:57:36Z,96.0,Charge 5
2024-02-03T19:57:41Z,99.0,Charge 5
2024-02-03T19:57:51Z,98.0,Charge 5
2024-02-03T19:57:56Z,97.0,Charge 5
2024-02-03T19:58:01Z,96.0,Charge 5
2024-02-03T19:58:06Z,95.0,Charge 5
2024-02-03T19:58:11Z,94.0,Charge 5
2024-02-03T19:58:16Z,95.0,Charge 5
2024-02-03T19:58:26Z,93.0,Charge 5
2024-02-03T19:58:36Z,94.0,Charge 5
2024-02-03T19:58:51Z,95.0,Charge 5
2024-02-03T19:59:01Z,96.0,Charge 5
2024-02-03T19:59:06Z,95.0,Charge 5
2024-02-03T19:59:11Z,96.0,Charge 5
2024-02-03T19:59:21Z,95.0,Charge 5
2024-02-03T19:59:36Z,96.0,Charge 5
2024-02-03T19:59:51Z,96.0,Charge 5
2024-02-03T19:59:56Z,94.0,Charge 5
2024-02-03T20:00:01Z,94.0,Charge 5
2024-02-03T20:00:16Z,94.0,Charge 5
2024-02-03T20:00:26Z,96.0,Charge 5
2024-02-03T20:00:36Z,95.0,Charge 5
2024-02-03T20:00:41Z,95.0,Charge 5
2024-02-03T20:00:56Z,94.0,Charge 5
2024-02-03T20:01:01Z,94.0,Charge 5
2024-02-03T20:01:06Z,95.0,Charge 5
2024-02-03T20:01:16Z,94.0,Charge 5
2024-02-03T20:01:31Z,95.0,Charge 5
2024-02-03T20:01:36Z,96.0,Charge 5
2024-02-03T20:01:51Z,96.0,Charge 5
2024-02-03T20:01:56Z,94.0,Charge 5
2024-02-03T20:02:01Z,95.0,Charge 5
2024-02-03T20:02:16Z,96.0,Charge 5
2024-02-03T20:02:21Z,98.0,Charge 5
2024-02-03T20:02:36Z,98.0,Charge 5
2024-02-03T20:02:51Z,98.0,Charge 5
2024-02-03T20:02:56Z,99.0,Charge 5
2024-02-03T20:03:01Z,100.0,Charge 5
2024-02-03T20:03:06Z,99.0,Charge 5
2024-02-03T20:03:11Z,95.0,Charge 5
2024-02-03T20:03:16Z,93.0,Charge 5
2024-02-03T20:03:31Z,94.0,Charge 5
2024-02-03T20:03:36Z,93.0,Charge 5
2024-02-03T20:03:41Z,95.0,Charge 5
2024-02-03T20:03:51Z,99.0,Charge 5
2024-02-03T20:03:56Z,100.0,Charge 5
2024-02-03T20:04:01Z,98.0,Charge 5
2024-02-03T20:04:06Z,97.0,Charge 5
2024-02-03T20:04:11Z,101.0,Charge 5
2024-02-03T20:04:16Z,99.0,Charge 5
2024-02-03T20:04:21Z,100.0,Charge 5
2024-02-03T20:04:26Z,102.0,Charge 5
2024-02-03T20:04:31Z,103.0,Charge 5
2024-02-03T20:04:36Z,102.0,Charge 5
2024-02-03T20:04:41Z,103.0,Charge 5
2024-02-03T20:04:46Z,102.0,Charge 5
2024-02-03T20:04:51Z,103.0,Charge 5
2024-02-03T20:04:56Z,101.0,Charge 5
2024-02-03T20:05:01Z,95.0,Charge 5
2024-02-03T20:05:11Z,96.0,Charge 5
2024-02-03T20:05:16Z,95.0,Charge 5
2024-02-03T20:05:21Z,94.0,Charge 5
2024-02-03T20:05:36Z,94.0,Charge 5
2024-02-03T20:05:51Z,94.0,Charge 5
2024-02-03T20:06:06Z,92.0,Charge 5
2024-02-03T20:06:11Z,93.0,Charge 5
2024-02-03T20:06:16Z,91.0,Charge 5
2024-02-03T20:06:22Z,90.0,Charge 5
2024-02-03T20:06:32Z,88.0,Charge 5
2024-02-03T20:06:37Z,88.0,Charge 5
2024-02-03T20:06:42Z,89.0,Charge 5
2024-02-03T20:06:57Z,92.0,Charge 5
2024-02-03T20:07:02Z,91.0,Charge 5
2024-02-03T20:07:17Z,85.0,Charge 5
2024-02-03T20:07:27Z,89.0,Charge 5
2024-02-03T20:07:32Z,91.0,Charge 5
2024-02-03T20:07:47Z,90.0,Charge 5
2024-02-03T20:07:52Z,89.0,Charge 5
2024-02-03T20:07:57Z,89.0,Charge 5
2024-02-03T20:08:12Z,88.0,Charge 5
2024-02-03T20:08:27Z,90.0,Charge 5
2024-02-03T20:08:32Z,91.0,Charge 5
2024-02-03T20:08:42Z,90.0,Charge 5
2024-02-03T20:08:52Z,91.0,Charge 5
2024-02-03T20:08:57Z,90.0,Charge 5
2024-02-03T20:09:02Z,87.0,Charge 5
2024-02-03T20:09:07Z,85.0,Charge 5
2024-02-03T20:09:22Z,85.0,Charge 5
2024-02-03T20:09:32Z,85.0,Charge 5
2024-02-03T20:09:47Z,85.0,Charge 5
2024-02-03T20:09:52Z,84.0,Charge 5
2024-02-03T20:09:57Z,83.0,Charge 5
2024-02-03T20:10:12Z,82.0,Charge 5
2024-02-03T20:10:27Z,83.0,Charge 5
2024-02-03T20:10:32Z,84.0,Charge 5
2024-02-03T20:10:37Z,85.0,Charge 5
2024-02-03T20:10:47Z,86.0,Charge 5
2024-02-03T20:10:52Z,86.0,Charge 5
2024-02-03T20:10:57Z,87.0,Charge 5
2024-02-03T20:11:02Z,88.0,Charge 5
2024-02-03T20:11:07Z,89.0,Charge 5
2024-02-03T20:11:17Z,90.0,Charge 5
2024-02-03T20:11:22Z,91.0,Charge 5
2024-02-03T20:11:27Z,92.0,Charge 5
2024-02-03T20:11:42Z,94.0,Charge 5
2024-02-03T20:11:52Z,95.0,Charge 5
2024-02-03T20:11:57Z,96.0,Charge 5
2024-02-03T20:12:12Z,96.0,Charge 5
2024-02-03T20:12:17Z,97.0,Charge 5
2024-02-03T20:12:32Z,98.0,Charge 5
2024-02-03T20:12:42Z,96.0,Charge 5
2024-02-03T20:12:57Z,96.0,Charge 5
2024-02-03T20:13:07Z,97.0,Charge 5
2024-02-03T20:13:12Z,98.0,Charge 5
2024-02-03T20:13:17Z,99.0,Charge 5
2024-02-03T20:13:32Z,99.0,Charge 5
2024-02-03T20:13:37Z,97.0,Charge 5
2024-02-03T20:13:47Z,96.0,Charge 5
2024-02-03T20:13:52Z,97.0,Charge 5
2024-02-03T20:14:07Z,97.0,Charge 5
2024-02-03T20:14:12Z,98.0,Charge 5
2024-02-03T20:14:17Z,99.0,Charge 5
2024-02-03T20:14:27Z,100.0,Charge 5
2024-02-03T20:14:32Z,101.0,Charge 5
2024-02-03T20:14:37Z,102.0,Charge 5
2024-02-03T20:14:52Z,103.0,Charge 5
2024-02-03T20:15:07Z,103.0,Charge 5
2024-02-03T20:15:22Z,103.0,Charge 5
2024-02-03T20:15:27Z,105.0,Charge 5
2024-02-03T20:15:32Z,109.0,Charge 5
2024-02-03T20:15:37Z,111.0,Charge 5
2024-02-03T20:15:42Z,112.0,Charge 5
2024-02-03T20:15:47Z,110.0,Charge 5
2024-02-03T20:15:52Z,108.0,Charge 5
2024-02-03T20:15:57Z,105.0,Charge 5
2024-02-03T20:16:02Z,103.0,Charge 5
2024-02-03T20:16:07Z,101.0,Charge 5
2024-02-03T20:16:12Z,102.0,Charge 5
2024-02-03T20:16:17Z,100.0,Charge 5
2024-02-03T20:16:22Z,98.0,Charge 5
2024-02-03T20:16:27Z,97.0,Charge 5
2024-02-03T20:16:42Z,96.0,Charge 5
2024-02-03T20:16:57Z,95.0,Charge 5
2024-02-03T20:17:02Z,93.0,Charge 5
2024-02-03T20:17:12Z,92.0,Charge 5
2024-02-03T20:17:27Z,92.0,Charge 5
2024-02-03T20:17:32Z,93.0,Charge 5
2024-02-03T20:17:42Z,94.0,Charge 5
2024-02-03T20:17:47Z,93.0,Charge 5
2024-02-03T20:17:52Z,94.0,Charge 5
2024-02-03T20:18:07Z,94.0,Charge 5
2024-02-03T20:18:17Z,95.0,Charge 5
2024-02-03T20:18:22Z,96.0,Charge 5
2024-02-03T20:18:37Z,96.0,Charge 5
2024-02-03T20:18:42Z,95.0,Charge 5
2024-02-03T20:18:47Z,93.0,Charge 5
2024-02-03T20:18:52Z,92.0,Charge 5
2024-02-03T20:19:07Z,92.0,Charge 5
2024-02-03T20:19:22Z,93.0,Charge 5
2024-02-03T20:19:32Z,92.0,Charge 5
2024-02-03T20:19:37Z,93.0,Charge 5
2024-02-03T20:19:42Z,92.0,Charge 5
2024-02-03T20:19:47Z,93.0,Charge 5
2024-02-03T20:19:52Z,94.0,Charge 5
2024-02-03T20:20:07Z,92.0,Charge 5
2024-02-03T20:20:22Z,93.0,Charge 5
2024-02-03T20:20:32Z,94.0,Charge 5
2024-02-03T20:20:37Z,95.0,Charge 5
2024-02-03T20:20:52Z,95.0,Charge 5
2024-02-03T20:20:57Z,94.0,Charge 5
2024-02-03T20:21:03Z,93.0,Charge 5
2024-02-03T20:21:10Z,93.0,Charge 5
2024-02-03T20:21:25Z,94.0,Charge 5
2024-02-03T20:21:30Z,95.0,Charge 5
2024-02-03T20:21:40Z,93.0,Charge 5
2024-02-03T20:21:45Z,90.0,Charge 5
2024-02-03T20:21:50Z,89.0,Charge 5
2024-02-03T20:21:55Z,88.0,Charge 5
2024-02-03T20:22:05Z,89.0,Charge 5
2024-02-03T20:22:20Z,89.0,Charge 5
2024-02-03T20:22:35Z,89.0,Charge 5
2024-02-03T20:22:40Z,92.0,Charge 5
2024-02-03T20:22:55Z,92.0,Charge 5
2024-02-03T20:23:10Z,92.0,Charge 5
2024-02-03T20:23:25Z,92.0,Charge 5
2024-02-03T20:23:40Z,92.0,Charge 5
2024-02-03T20:23:55Z,92.0,Charge 5
2024-02-03T20:24:00Z,93.0,Charge 5
2024-02-03T20:24:05Z,94.0,Charge 5
2024-02-03T20:24:15Z,93.0,Charge 5
2024-02-03T20:24:30Z,92.0,Charge 5
2024-02-03T20:24:35Z,90.0,Charge 5
2024-02-03T20:24:50Z,91.0,Charge 5
2024-02-03T20:25:00Z,93.0,Charge 5
2024-02-03T20:25:15Z,93.0,Charge 5
2024-02-03T20:25:25Z,94.0,Charge 5
2024-02-03T20:25:30Z,95.0,Charge 5
2024-02-03T20:25:45Z,97.0,Charge 5
2024-02-03T20:25:50Z,98.0,Charge 5
2024-02-03T20:25:55Z,100.0,Charge 5
2024-02-03T20:26:00Z,103.0,Charge 5
2024-02-03T20:26:05Z,104.0,Charge 5
2024-02-03T20:26:10Z,106.0,Charge 5
2024-02-03T20:26:15Z,103.0,Charge 5
2024-02-03T20:26:20Z,100.0,Charge 5
2024-02-03T20:26:25Z,104.0,Charge 5
2024-02-03T20:26:30Z,105.0,Charge 5
2024-02-03T20:26:35Z,104.0,Charge 5
2024-02-03T20:26:40Z,103.0,Charge 5
2024-02-03T20:26:45Z,105.0,Charge 5
2024-02-03T20:26:50Z,106.0,Charge 5
2024-02-03T20:26:55Z,109.0,Charge 5
2024-02-03T20:27:00Z,111.0,Charge 5
2024-02-03T20:27:05Z,104.0,Charge 5
2024-02-03T20:27:10Z,101.0,Charge 5
2024-02-03T20:27:15Z,96.0,Charge 5
2024-02-03T20:27:20Z,99.0,Charge 5
2024-02-03T20:27:25Z,102.0,Charge 5
2024-02-03T20:27:30Z,99.0,Charge 5
2024-02-03T20:27:40Z,101.0,Charge 5
2024-02-03T20:27:55Z,101.0,Charge 5
2024-02-03T20:28:00Z,98.0,Charge 5
2024-02-03T20:28:10Z,106.0,Charge 5
2024-02-03T20:28:15Z,105.0,Charge 5
2024-02-03T20:28:20Z,104.0,Charge 5
2024-02-03T20:28:30Z,102.0,Charge 5
2024-02-03T20:28:35Z,99.0,Charge 5
2024-02-03T20:28:45Z,100.0,Charge 5
2024-02-03T20:28:50Z,103.0,Charge 5
2024-02-03T20:29:00Z,106.0,Charge 5
2024-02-03T20:29:10Z,103.0,Charge 5
2024-02-03T20:29:15Z,103.0,Charge 5
2024-02-03T20:29:20Z,105.0,Charge 5
2024-02-03T20:29:25Z,104.0,Charge 5
2024-02-03T20:29:30Z,106.0,Charge 5
2024-02-03T20:29:35Z,109.0,Charge 5
2024-02-03T20:29:40Z,112.0,Charge 5
2024-02-03T20:29:45Z,114.0,Charge 5
2024-02-03T20:29:50Z,116.0,Charge 5
2024-02-03T20:29:55Z,117.0,Charge 5
2024-02-03T20:30:05Z,118.0,Charge 5
2024-02-03T20:30:10Z,120.0,Charge 5
2024-02-03T20:30:15Z,121.0,Charge 5
2024-02-03T20:30:30Z,118.0,Charge 5
2024-02-03T20:30:35Z,112.0,Charge 5
2024-02-03T20:30:40Z,100.0,Charge 5
2024-02-03T20:30:45Z,99.0,Charge 5
2024-02-03T20:30:50Z,98.0,Charge 5
2024-02-03T20:30:55Z,96.0,Charge 5
2024-02-03T20:31:00Z,95.0,Charge 5
2024-02-03T20:31:05Z,94.0,Charge 5
2024-02-03T20:31:20Z,95.0,Charge 5
2024-02-03T20:31:30Z,94.0,Charge 5
2024-02-03T20:31:35Z,91.0,Charge 5
2024-02-03T20:31:40Z,92.0,Charge 5
2024-02-03T20:31:50Z,91.0,Charge 5
2024-02-03T20:31:55Z,90.0,Charge 5
2024-02-03T20:32:10Z,91.0,Charge 5
2024-02-03T20:32:25Z,94.0,Charge 5
2024-02-03T20:32:30Z,93.0,Charge 5
2024-02-03T20:32:40Z,93.0,Charge 5
2024-02-03T20:32:50Z,92.0,Charge 5
2024-02-03T20:32:55Z,91.0,Charge 5
2024-02-03T20:33:00Z,89.0,Charge 5
2024-02-03T20:33:05Z,89.0,Charge 5
2024-02-03T20:33:15Z,88.0,Charge 5
2024-02-03T20:33:20Z,88.0,Charge 5
2024-02-03T20:33:30Z,89.0,Charge 5
2024-02-03T20:33:40Z,90.0,Charge 5
2024-02-03T20:33:45Z,88.0,Charge 5
2024-02-03T20:33:50Z,85.0,Charge 5
2024-02-03T20:33:55Z,85.0,Charge 5
2024-02-03T20:34:00Z,87.0,Charge 5
2024-02-03T20:34:05Z,88.0,Charge 5
2024-02-03T20:34:10Z,89.0,Charge 5
2024-02-03T20:34:15Z,88.0,Charge 5
2024-02-03T20:34:30Z,85.0,Charge 5
2024-02-03T20:34:35Z,84.0,Charge 5
2024-02-03T20:34:45Z,83.0,Charge 5
2024-02-03T20:34:50Z,82.0,Charge 5
2024-02-03T20:34:55Z,83.0,Charge 5
2024-02-03T20:35:00Z,84.0,Charge 5
2024-02-03T20:35:15Z,87.0,Charge 5
2024-02-03T20:35:20Z,88.0,Charge 5
2024-02-03T20:35:25Z,89.0,Charge 5
2024-02-03T20:35:40Z,89.0,Charge 5
2024-02-03T20:35:45Z,88.0,Charge 5
2024-02-03T20:35:50Z,85.0,Charge 5
2024-02-03T20:36:00Z,87.0,Charge 5
2024-02-03T20:36:05Z,88.0,Charge 5
2024-02-03T20:36:11Z,87.0,Charge 5
2024-02-03T20:36:16Z,87.0,Charge 5
2024-02-03T20:36:21Z,88.0,Charge 5
2024-02-03T20:36:26Z,89.0,Charge 5
2024-02-03T20:36:31Z,87.0,Charge 5
2024-02-03T20:36:36Z,83.0,Charge 5
2024-02-03T20:36:41Z,85.0,Charge 5
2024-02-03T20:36:46Z,86.0,Charge 5
2024-02-03T20:36:51Z,87.0,Charge 5
2024-02-03T20:36:56Z,88.0,Charge 5
2024-02-03T20:37:11Z,88.0,Charge 5
2024-02-03T20:37:16Z,89.0,Charge 5
2024-02-03T20:37:31Z,89.0,Charge 5
2024-02-03T20:37:36Z,88.0,Charge 5
2024-02-03T20:37:41Z,88.0,Charge 5
2024-02-03T20:37:56Z,85.0,Charge 5
2024-02-03T20:38:01Z,80.0,Charge 5
2024-02-03T20:38:06Z,83.0,Charge 5
2024-02-03T20:38:11Z,85.0,Charge 5
2024-02-03T20:38:16Z,84.0,Charge 5
2024-02-03T20:38:26Z,86.0,Charge 5
2024-02-03T20:38:31Z,88.0,Charge 5
2024-02-03T20:38:36Z,89.0,Charge 5
2024-02-03T20:38:41Z,88.0,Charge 5
2024-02-03T20:38:56Z,88.0,Charge 5
2024-02-03T20:39:06Z,89.0,Charge 5
2024-02-03T20:39:11Z,89.0,Charge 5
2024-02-03T20:39:16Z,90.0,Charge 5
2024-02-03T20:39:31Z,90.0,Charge 5
2024-02-03T20:39:36Z,91.0,Charge 5
2024-02-03T20:39:46Z,90.0,Charge 5
2024-02-03T20:40:01Z,90.0,Charge 5
2024-02-03T20:40:06Z,92.0,Charge 5
2024-02-03T20:40:11Z,90.0,Charge 5
2024-02-03T20:40:21Z,93.0,Charge 5
2024-02-03T20:40:26Z,98.0,Charge 5
2024-02-03T20:40:31Z,96.0,Charge 5
2024-02-03T20:40:36Z,95.0,Charge 5
2024-02-03T20:40:41Z,92.0,Charge 5
2024-02-03T20:40:46Z,89.0,Charge 5
2024-02-03T20:40:51Z,88.0,Charge 5
2024-02-03T20:40:56Z,87.0,Charge 5
2024-02-03T20:41:01Z,86.0,Charge 5
2024-02-03T20:41:06Z,85.0,Charge 5
2024-02-03T20:41:11Z,84.0,Charge 5
2024-02-03T20:41:21Z,84.0,Charge 5
2024-02-03T20:41:26Z,83.0,Charge 5
2024-02-03T20:41:31Z,82.0,Charge 5
2024-02-03T20:41:41Z,82.0,Charge 5
2024-02-03T20:41:46Z,83.0,Charge 5
2024-02-03T20:41:51Z,86.0,Charge 5
2024-02-03T20:41:56Z,88.0,Charge 5
2024-02-03T20:42:01Z,90.0,Charge 5
2024-02-03T20:42:06Z,88.0,Charge 5
2024-02-03T20:42:11Z,88.0,Charge 5
2024-02-03T20:42:21Z,87.0,Charge 5
2024-02-03T20:42:26Z,85.0,Charge 5
2024-02-03T20:42:31Z,85.0,Charge 5
2024-02-03T20:42:46Z,85.0,Charge 5
2024-02-03T20:42:56Z,83.0,Charge 5
2024-02-03T20:43:01Z,81.0,Charge 5
2024-02-03T20:43:06Z,80.0,Charge 5
2024-02-03T20:43:16Z,81.0,Charge 5
2024-02-03T20:43:21Z,83.0,Charge 5
2024-02-03T20:43:26Z,84.0,Charge 5
2024-02-03T20:43:31Z,84.0,Charge 5
2024-02-03T20:43:41Z,81.0,Charge 5
2024-02-03T20:43:46Z,75.0,Charge 5
2024-02-03T20:43:51Z,78.0,Charge 5
2024-02-03T20:43:56Z,81.0,Charge 5
2024-02-03T20:44:06Z,83.0,Charge 5
2024-02-03T20:44:11Z,84.0,Charge 5
2024-02-03T20:44:16Z,85.0,Charge 5
2024-02-03T20:44:21Z,83.0,Charge 5
2024-02-03T20:44:26Z,82.0,Charge 5
2024-02-03T20:44:36Z,83.0,Charge 5
2024-02-03T20:44:41Z,84.0,Charge 5
2024-02-03T20:44:46Z,85.0,Charge 5
2024-02-03T20:44:51Z,84.0,Charge 5
2024-02-03T20:45:01Z,83.0,Charge 5
2024-02-03T20:45:11Z,84.0,Charge 5
2024-02-03T20:45:16Z,85.0,Charge 5
2024-02-03T20:45:21Z,85.0,Charge 5
2024-02-03T20:45:36Z,85.0,Charge 5
2024-02-03T20:45:51Z,85.0,Charge 5
2024-02-03T20:45:56Z,86.0,Charge 5
2024-02-03T20:46:01Z,87.0,Charge 5
2024-02-03T20:46:06Z,89.0,Charge 5
2024-02-03T20:46:11Z,91.0,Charge 5
2024-02-03T20:46:16Z,90.0,Charge 5
2024-02-03T20:46:26Z,87.0,Charge 5
2024-02-03T20:46:31Z,85.0,Charge 5
2024-02-03T20:46:36Z,84.0,Charge 5
2024-02-03T20:46:41Z,85.0,Charge 5
2024-02-03T20:46:46Z,86.0,Charge 5
2024-02-03T20:46:51Z,87.0,Charge 5
2024-02-03T20:47:01Z,85.0,Charge 5
2024-02-03T20:47:06Z,84.0,Charge 5
2024-02-03T20:47:11Z,82.0,Charge 5
2024-02-03T20:47:16Z,81.0,Charge 5
2024-02-03T20:47:26Z,83.0,Charge 5
2024-02-03T20:47:36Z,84.0,Charge 5
2024-02-03T20:47:46Z,85.0,Charge 5
2024-02-03T20:47:51Z,83.0,Charge 5
2024-02-03T20:48:01Z,84.0,Charge 5
2024-02-03T20:48:06Z,85.0,Charge 5
2024-02-03T20:48:16Z,86.0,Charge 5
2024-02-03T20:48:21Z,87.0,Charge 5
2024-02-03T20:48:26Z,88.0,Charge 5
2024-02-03T20:48:31Z,86.0,Charge 5
2024-02-03T20:48:36Z,83.0,Charge 5
2024-02-03T20:48:46Z,84.0,Charge 5
2024-02-03T20:48:56Z,85.0,Charge 5
2024-02-03T20:49:06Z,84.0,Charge 5
2024-02-03T20:49:11Z,85.0,Charge 5
2024-02-03T20:49:21Z,84.0,Charge 5
2024-02-03T20:49:31Z,85.0,Charge 5
2024-02-03T20:49:41Z,86.0,Charge 5
2024-02-03T20:49:46Z,87.0,Charge 5
2024-02-03T20:49:56Z,88.0,Charge 5
2024-02-03T20:50:01Z,89.0,Charge 5
2024-02-03T20:50:06Z,88.0,Charge 5
2024-02-03T20:50:11Z,87.0,Charge 5
2024-02-03T20:50:16Z,87.0,Charge 5
2024-02-03T20:50:31Z,87.0,Charge 5
2024-02-03T20:50:36Z,88.0,Charge 5
2024-02-03T20:50:51Z,87.0,Charge 5
2024-02-03T20:51:01Z,86.0,Charge 5
2024-02-03T20:51:06Z,86.0,Charge 5
2024-02-03T20:51:17Z,85.0,Charge 5
2024-02-03T20:51:27Z,85.0,Charge 5
2024-02-03T20:51:32Z,84.0,Charge 5
2024-02-03T20:51:42Z,86.0,Charge 5
2024-02-03T20:51:57Z,86.0,Charge 5
2024-02-03T20:52:07Z,88.0,Charge 5
2024-02-03T20:52:12Z,88.0,Charge 5
2024-02-03T20:52:22Z,87.0,Charge 5
2024-02-03T20:52:27Z,86.0,Charge 5
2024-02-03T20:52:32Z,85.0,Charge 5
2024-02-03T20:52:47Z,86.0,Charge 5
2024-02-03T20:52:52Z,87.0,Charge 5
2024-02-03T20:52:57Z,84.0,Charge 5
2024-02-03T20:53:02Z,83.0,Charge 5
2024-02-03T20:53:07Z,84.0,Charge 5
2024-02-03T20:53:17Z,85.0,Charge 5
2024-02-03T20:53:22Z,84.0,Charge 5
2024-02-03T20:53:27Z,83.0,Charge 5
2024-02-03T20:53:32Z,84.0,Charge 5
2024-02-03T20:53:47Z,84.0,Charge 5
2024-02-03T20:54:02Z,86.0,Charge 5
2024-02-03T20:54:07Z,88.0,Charge 5
2024-02-03T20:54:12Z,87.0,Charge 5
2024-02-03T20:54:17Z,85.0,Charge 5
2024-02-03T20:54:32Z,85.0,Charge 5
2024-02-03T20:54:47Z,86.0,Charge 5
2024-02-03T20:54:52Z,85.0,Charge 5
2024-02-03T20:54:57Z,85.0,Charge 5
2024-02-03T20:55:12Z,85.0,Charge 5
2024-02-03T20:55:17Z,86.0,Charge 5
2024-02-03T20:55:22Z,87.0,Charge 5
2024-02-03T20:55:32Z,86.0,Charge 5
2024-02-03T20:55:37Z,85.0,Charge 5
2024-02-03T20:55:42Z,85.0,Charge 5
2024-02-03T20:55:52Z,86.0,Charge 5
2024-02-03T20:55:57Z,87.0,Charge 5
2024-02-03T20:56:07Z,85.0,Charge 5
2024-02-03T20:56:12Z,83.0,Charge 5
2024-02-03T20:56:27Z,84.0,Charge 5
2024-02-03T20:56:32Z,84.0,Charge 5
2024-02-03T20:56:42Z,83.0,Charge 5
2024-02-03T20:56:47Z,82.0,Charge 5
2024-02-03T20:57:02Z,82.0,Charge 5
2024-02-03T20:57:07Z,80.0,Charge 5
2024-02-03T20:57:12Z,79.0,Charge 5
2024-02-03T20:57:22Z,78.0,Charge 5
2024-02-03T20:57:27Z,77.0,Charge 5
2024-02-03T20:57:32Z,78.0,Charge 5
2024-02-03T20:57:37Z,81.0,Charge 5
2024-02-03T20:57:42Z,82.0,Charge 5
2024-02-03T20:57:57Z,81.0,Charge 5
2024-02-03T20:58:02Z,80.0,Charge 5
2024-02-03T20:58:07Z,82.0,Charge 5
2024-02-03T20:58:12Z,83.0,Charge 5
2024-02-03T20:58:17Z,82.0,Charge 5
2024-02-03T20:58:27Z,84.0,Charge 5
2024-02-03T20:58:32Z,85.0,Charge 5
2024-02-03T20:58:37Z,86.0,Charge 5
2024-02-03T20:58:42Z,87.0,Charge 5
2024-02-03T20:58:52Z,87.0,Charge 5
2024-02-03T20:59:02Z,88.0,Charge 5
2024-02-03T20:59:12Z,88.0,Charge 5
2024-02-03T20:59:22Z,88.0,Charge 5
2024-02-03T20:59:32Z,86.0,Charge 5
2024-02-03T20:59:37Z,85.0,Charge 5
2024-02-03T20:59:42Z,84.0,Charge 5
2024-02-03T20:59:52Z,83.0,Charge 5
2024-02-03T20:59:57Z,84.0,Charge 5
2024-02-03T21:00:12Z,84.0,Charge 5
2024-02-03T21:00:17Z,85.0,Charge 5
2024-02-03T21:00:22Z,86.0,Charge 5
2024-02-03T21:00:37Z,86.0,Charge 5
2024-02-03T21:00:42Z,87.0,Charge 5
2024-02-03T21:00:47Z,88.0,Charge 5
2024-02-03T21:00:52Z,87.0,Charge 5
2024-02-03T21:01:07Z,86.0,Charge 5
2024-02-03T21:01:12Z,85.0,Charge 5
2024-02-03T21:01:27Z,84.0,Charge 5
2024-02-03T21:01:32Z,80.0,Charge 5
2024-02-03T21:01:37Z,85.0,Charge 5
2024-02-03T21:01:42Z,88.0,Charge 5
2024-02-03T21:01:47Z,89.0,Charge 5
2024-02-03T21:02:02Z,89.0,Charge 5
2024-02-03T21:02:07Z,88.0,Charge 5
2024-02-03T21:02:17Z,87.0,Charge 5
2024-02-03T21:02:22Z,89.0,Charge 5
2024-02-03T21:02:37Z,91.0,Charge 5
2024-02-03T21:02:52Z,91.0,Charge 5
2024-02-03T21:02:57Z,91.0,Charge 5
2024-02-03T21:03:02Z,89.0,Charge 5
2024-02-03T21:03:07Z,88.0,Charge 5
2024-02-03T21:03:12Z,87.0,Charge 5
2024-02-03T21:03:17Z,86.0,Charge 5
2024-02-03T21:03:27Z,84.0,Charge 5
2024-02-03T21:03:32Z,83.0,Charge 5
2024-02-03T21:03:37Z,84.0,Charge 5
2024-02-03T21:03:42Z,86.0,Charge 5
2024-02-03T21:03:52Z,86.0,Charge 5
2024-02-03T21:04:02Z,87.0,Charge 5
2024-02-03T21:04:07Z,84.0,Charge 5
2024-02-03T21:04:22Z,85.0,Charge 5
2024-02-03T21:04:27Z,86.0,Charge 5
2024-02-03T21:04:37Z,83.0,Charge 5
2024-02-03T21:04:42Z,82.0,Charge 5
2024-02-03T21:04:52Z,80.0,Charge 5
2024-02-03T21:05:07Z,80.0,Charge 5
2024-02-03T21:05:12Z,81.0,Charge 5
2024-02-03T21:05:17Z,83.0,Charge 5
2024-02-03T21:05:22Z,84.0,Charge 5
2024-02-03T21:05:27Z,86.0,Charge 5
2024-02-03T21:05:42Z,86.0,Charge 5
2024-02-03T21:05:47Z,87.0,Charge 5
2024-02-03T21:05:52Z,89.0,Charge 5
2024-02-03T21:06:02Z,88.0,Charge 5
2024-02-03T21:06:07Z,87.0,Charge 5
2024-02-03T21:06:18Z,86.0,Charge 5
2024-02-03T21:06:25Z,84.0,Charge 5
2024-02-03T21:06:30Z,85.0,Charge 5
2024-02-03T21:06:35Z,86.0,Charge 5
2024-02-03T21:06:40Z,87.0,Charge 5
2024-02-03T21:06:45Z,88.0,Charge 5
2024-02-03T21:06:50Z,87.0,Charge 5
2024-02-03T21:06:55Z,88.0,Charge 5
2024-02-03T21:07:05Z,89.0,Charge 5
2024-02-03T21:07:10Z,90.0,Charge 5
2024-02-03T21:07:20Z,91.0,Charge 5
2024-02-03T21:07:25Z,92.0,Charge 5
2024-02-03T21:07:30Z,93.0,Charge 5
2024-02-03T21:07:40Z,94.0,Charge 5
2024-02-03T21:07:45Z,96.0,Charge 5
2024-02-03T21:07:55Z,95.0,Charge 5
2024-02-03T21:08:00Z,94.0,Charge 5
2024-02-03T21:08:10Z,93.0,Charge 5
2024-02-03T21:08:25Z,92.0,Charge 5
2024-02-03T21:08:30Z,93.0,Charge 5
2024-02-03T21:08:45Z,94.0,Charge 5
2024-02-03T21:09:00Z,95.0,Charge 5
2024-02-03T21:09:05Z,96.0,Charge 5
2024-02-03T21:09:15Z,95.0,Charge 5
2024-02-03T21:09:20Z,94.0,Charge 5
2024-02-03T21:09:30Z,95.0,Charge 5
2024-02-03T21:09:45Z,95.0,Charge 5
2024-02-03T21:09:50Z,96.0,Charge 5
2024-02-03T21:09:55Z,97.0,Charge 5
2024-02-03T21:10:10Z,97.0,Charge 5
2024-02-03T21:10:20Z,98.0,Charge 5
2024-02-03T21:10:25Z,98.0,Charge 5
2024-02-03T21:10:40Z,98.0,Charge 5
2024-02-03T21:10:45Z,99.0,Charge 5
2024-02-03T21:10:50Z,100.0,Charge 5
2024-02-03T21:11:05Z,100.0,Charge 5
2024-02-03T21:11:20Z,101.0,Charge 5
2024-02-03T21:11:25Z,102.0,Charge 5
2024-02-03T21:11:30Z,100.0,Charge 5
2024-02-03T21:11:35Z,99.0,Charge 5
2024-02-03T21:11:45Z,98.0,Charge 5
2024-02-03T21:11:50Z,94.0,Charge 5
2024-02-03T21:12:00Z,95.0,Charge 5
2024-02-03T21:12:10Z,96.0,Charge 5
2024-02-03T21:12:15Z,97.0,Charge 5
2024-02-03T21:12:20Z,106.0,Charge 5
2024-02-03T21:12:25Z,108.0,Charge 5
2024-02-03T21:12:30Z,106.0,Charge 5
2024-02-03T21:12:35Z,104.0,Charge 5
2024-02-03T21:12:45Z,103.0,Charge 5
2024-02-03T21:12:50Z,102.0,Charge 5
2024-02-03T21:12:55Z,103.0,Charge 5
2024-02-03T21:13:00Z,104.0,Charge 5
2024-02-03T21:13:05Z,107.0,Charge 5
2024-02-03T21:13:10Z,107.0,Charge 5
2024-02-03T21:13:15Z,103.0,Charge 5
2024-02-03T21:13:20Z,102.0,Charge 5
2024-02-03T21:13:25Z,103.0,Charge 5
2024-02-03T21:13:30Z,104.0,Charge 5
2024-02-03T21:13:35Z,106.0,Charge 5
2024-02-03T21:13:40Z,107.0,Charge 5
2024-02-03T21:13:50Z,106.0,Charge 5
2024-02-03T21:13:55Z,107.0,Charge 5
2024-02-03T21:14:00Z,108.0,Charge 5
2024-02-03T21:14:15Z,109.0,Charge 5
2024-02-03T21:14:20Z,110.0,Charge 5
2024-02-03T21:14:35Z,110.0,Charge 5
2024-02-03T21:14:40Z,99.0,Charge 5
2024-02-03T21:14:45Z,94.0,Charge 5
2024-02-03T21:14:50Z,106.0,Charge 5
2024-02-03T21:14:55Z,109.0,Charge 5
2024-02-03T21:15:00Z,110.0,Charge 5
2024-02-03T21:15:05Z,109.0,Charge 5
2024-02-03T21:15:10Z,106.0,Charge 5
2024-02-03T21:15:15Z,103.0,Charge 5
2024-02-03T21:15:20Z,104.0,Charge 5
2024-02-03T21:15:25Z,102.0,Charge 5
2024-02-03T21:15:30Z,98.0,Charge 5
2024-02-03T21:15:35Z,96.0,Charge 5
2024-02-03T21:15:40Z,95.0,Charge 5
2024-02-03T21:15:45Z,97.0,Charge 5
2024-02-03T21:15:50Z,96.0,Charge 5
2024-02-03T21:15:55Z,102.0,Charge 5
2024-02-03T21:16:00Z,106.0,Charge 5
2024-02-03T21:16:05Z,104.0,Charge 5
2024-02-03T21:16:10Z,98.0,Charge 5
2024-02-03T21:16:15Z,97.0,Charge 5
2024-02-03T21:16:20Z,93.0,Charge 5
2024-02-03T21:16:25Z,99.0,Charge 5
2024-02-03T21:16:30Z,103.0,Charge 5
2024-02-03T21:16:35Z,104.0,Charge 5
2024-02-03T21:16:40Z,104.0,Charge 5
2024-02-03T21:16:45Z,105.0,Charge 5
2024-02-03T21:16:50Z,106.0,Charge 5
2024-02-03T21:17:00Z,103.0,Charge 5
2024-02-03T21:17:05Z,108.0,Charge 5
2024-02-03T21:17:10Z,109.0,Charge 5
2024-02-03T21:17:15Z,109.0,Charge 5
2024-02-03T21:17:20Z,105.0,Charge 5
2024-02-03T21:17:30Z,104.0,Charge 5
2024-02-03T21:17:40Z,103.0,Charge 5
2024-02-03T21:17:55Z,103.0,Charge 5
2024-02-03T21:18:00Z,105.0,Charge 5
2024-02-03T21:18:05Z,107.0,Charge 5
2024-02-03T21:18:10Z,106.0,Charge 5
2024-02-03T21:18:25Z,105.0,Charge 5
2024-02-03T21:18:30Z,103.0,Charge 5
2024-02-03T21:18:35Z,99.0,Charge 5
2024-02-03T21:18:40Z,98.0,Charge 5
2024-02-03T21:18:45Z,99.0,Charge 5
2024-02-03T21:19:00Z,98.0,Charge 5
2024-02-03T21:19:15Z,98.0,Charge 5
2024-02-03T21:19:30Z,98.0,Charge 5
2024-02-03T21:19:40Z,96.0,Charge 5
2024-02-03T21:19:50Z,95.0,Charge 5
2024-02-03T21:19:55Z,94.0,Charge 5
2024-02-03T21:20:00Z,96.0,Charge 5
2024-02-03T21:20:05Z,98.0,Charge 5
2024-02-03T21:20:10Z,99.0,Charge 5
2024-02-03T21:20:20Z,100.0,Charge 5
2024-02-03T21:20:25Z,112.0,Charge 5
2024-02-03T21:20:30Z,112.0,Charge 5
2024-02-03T21:20:40Z,110.0,Charge 5
2024-02-03T21:20:45Z,111.0,Charge 5
2024-02-03T21:20:50Z,112.0,Charge 5
2024-02-03T21:20:55Z,113.0,Charge 5
2024-02-03T21:21:00Z,111.0,Charge 5
2024-02-03T21:21:05Z,108.0,Charge 5
2024-02-03T21:21:10Z,105.0,Charge 5
2024-02-03T21:21:15Z,107.0,Charge 5
2024-02-03T21:21:20Z,110.0,Charge 5
2024-02-03T21:21:26Z,110.0,Charge 5
2024-02-03T21:21:31Z,108.0,Charge 5
2024-02-03T21:21:36Z,110.0,Charge 5
2024-02-03T21:21:41Z,111.0,Charge 5
2024-02-03T21:21:56Z,107.0,Charge 5
2024-02-03T21:22:01Z,108.0,Charge 5
2024-02-03T21:22:06Z,110.0,Charge 5
2024-02-03T21:22:16Z,108.0,Charge 5
2024-02-03T21:22:21Z,106.0,Charge 5
2024-02-03T21:22:26Z,104.0,Charge 5
2024-02-03T21:22:31Z,101.0,Charge 5
2024-02-03T21:22:36Z,96.0,Charge 5
2024-02-03T21:22:41Z,93.0,Charge 5
2024-02-03T21:22:46Z,92.0,Charge 5
2024-02-03T21:22:51Z,91.0,Charge 5
2024-02-03T21:23:01Z,92.0,Charge 5
2024-02-03T21:23:06Z,94.0,Charge 5
2024-02-03T21:23:11Z,95.0,Charge 5
2024-02-03T21:23:16Z,96.0,Charge 5
2024-02-03T21:23:26Z,95.0,Charge 5
2024-02-03T21:23:31Z,92.0,Charge 5
2024-02-03T21:23:36Z,91.0,Charge 5
2024-02-03T21:23:46Z,93.0,Charge 5
2024-02-03T21:23:51Z,94.0,Charge 5
2024-02-03T21:24:01Z,96.0,Charge 5
2024-02-03T21:24:06Z,95.0,Charge 5
2024-02-03T21:24:11Z,92.0,Charge 5
2024-02-03T21:24:16Z,88.0,Charge 5
2024-02-03T21:24:21Z,87.0,Charge 5
2024-02-03T21:24:36Z,86.0,Charge 5
2024-02-03T21:24:41Z,85.0,Charge 5
2024-02-03T21:24:46Z,87.0,Charge 5
2024-02-03T21:24:51Z,90.0,Charge 5
2024-02-03T21:24:56Z,91.0,Charge 5
2024-02-03T21:25:01Z,90.0,Charge 5
2024-02-03T21:25:11Z,91.0,Charge 5
2024-02-03T21:25:16Z,91.0,Charge 5
2024-02-03T21:25:21Z,90.0,Charge 5
2024-02-03T21:25:31Z,89.0,Charge 5
2024-02-03T21:25:36Z,88.0,Charge 5
2024-02-03T21:25:41Z,86.0,Charge 5
2024-02-03T21:25:46Z,87.0,Charge 5
2024-02-03T21:25:51Z,88.0,Charge 5
2024-02-03T21:25:56Z,90.0,Charge 5
2024-02-03T21:26:01Z,92.0,Charge 5
2024-02-03T21:26:06Z,91.0,Charge 5
2024-02-03T21:26:11Z,90.0,Charge 5
2024-02-03T21:26:16Z,91.0,Charge 5
2024-02-03T21:26:21Z,91.0,Charge 5
2024-02-03T21:26:26Z,88.0,Charge 5
2024-02-03T21:26:31Z,87.0,Charge 5
2024-02-03T21:26:41Z,88.0,Charge 5
2024-02-03T21:26:46Z,87.0,Charge 5
2024-02-03T21:26:51Z,88.0,Charge 5
2024-02-03T21:26:56Z,88.0,Charge 5
2024-02-03T21:27:01Z,87.0,Charge 5
2024-02-03T21:27:06Z,86.0,Charge 5
2024-02-03T21:27:21Z,86.0,Charge 5
2024-02-03T21:27:26Z,87.0,Charge 5
2024-02-03T21:27:31Z,88.0,Charge 5
2024-02-03T21:27:36Z,89.0,Charge 5
2024-02-03T21:27:51Z,89.0,Charge 5
2024-02-03T21:27:56Z,91.0,Charge 5
2024-02-03T21:28:01Z,93.0,Charge 5
2024-02-03T21:28:06Z,94.0,Charge 5
2024-02-03T21:28:11Z,100.0,Charge 5
2024-02-03T21:28:16Z,101.0,Charge 5
2024-02-03T21:28:21Z,102.0,Charge 5
2024-02-03T21:28:26Z,103.0,Charge 5
2024-02-03T21:28:31Z,105.0,Charge 5
2024-02-03T21:28:36Z,105.0,Charge 5
2024-02-03T21:28:46Z,108.0,Charge 5
2024-02-03T21:28:51Z,111.0,Charge 5
2024-02-03T21:28:56Z,112.0,Charge 5
2024-02-03T21:29:01Z,113.0,Charge 5
2024-02-03T21:29:16Z,113.0,Charge 5
2024-02-03T21:29:21Z,112.0,Charge 5
2024-02-03T21:29:26Z,110.0,Charge 5
2024-02-03T21:29:36Z,109.0,Charge 5
2024-02-03T21:29:51Z,109.0,Charge 5
2024-02-03T21:29:56Z,108.0,Charge 5
2024-02-03T21:30:01Z,108.0,Charge 5
2024-02-03T21:30:06Z,109.0,Charge 5
2024-02-03T21:30:11Z,112.0,Charge 5
2024-02-03T21:30:16Z,109.0,Charge 5
2024-02-03T21:30:21Z,104.0,Charge 5
2024-02-03T21:30:31Z,105.0,Charge 5
2024-02-03T21:30:36Z,104.0,Charge 5
2024-02-03T21:30:51Z,104.0,Charge 5
2024-02-03T21:30:56Z,108.0,Charge 5
2024-02-03T21:31:01Z,109.0,Charge 5
2024-02-03T21:31:11Z,110.0,Charge 5
2024-02-03T21:31:16Z,110.0,Charge 5
2024-02-03T21:31:21Z,108.0,Charge 5
2024-02-03T21:31:31Z,107.0,Charge 5
2024-02-03T21:31:46Z,107.0,Charge 5
2024-02-03T21:31:51Z,108.0,Charge 5
2024-02-03T21:31:56Z,109.0,Charge 5
2024-02-03T21:32:01Z,108.0,Charge 5
2024-02-03T21:32:06Z,107.0,Charge 5
2024-02-03T21:32:11Z,108.0,Charge 5
2024-02-03T21:32:26Z,108.0,Charge 5
2024-02-03T21:32:36Z,107.0,Charge 5
2024-02-03T21:32:41Z,104.0,Charge 5
2024-02-03T21:32:46Z,104.0,Charge 5
2024-02-03T21:32:51Z,102.0,Charge 5
2024-02-03T21:33:01Z,101.0,Charge 5
2024-02-03T21:33:06Z,103.0,Charge 5
2024-02-03T21:33:11Z,109.0,Charge 5
2024-02-03T21:33:16Z,113.0,Charge 5
2024-02-03T21:33:21Z,114.0,Charge 5
2024-02-03T21:33:26Z,113.0,Charge 5
2024-02-03T21:33:41Z,112.0,Charge 5
2024-02-03T21:33:51Z,110.0,Charge 5
2024-02-03T21:33:56Z,109.0,Charge 5
2024-02-03T21:34:11Z,109.0,Charge 5
2024-02-03T21:34:16Z,108.0,Charge 5
2024-02-03T21:34:26Z,110.0,Charge 5
2024-02-03T21:34:31Z,112.0,Charge 5
2024-02-03T21:34:36Z,116.0,Charge 5
2024-02-03T21:34:41Z,119.0,Charge 5
2024-02-03T21:34:46Z,117.0,Charge 5
2024-02-03T21:35:01Z,116.0,Charge 5
2024-02-03T21:35:06Z,115.0,Charge 5
2024-02-03T21:35:11Z,114.0,Charge 5
2024-02-03T21:35:16Z,113.0,Charge 5
2024-02-03T21:35:26Z,112.0,Charge 5
2024-02-03T21:35:31Z,111.0,Charge 5
2024-02-03T21:35:36Z,99.0,Charge 5
2024-02-03T21:35:41Z,94.0,Charge 5
2024-02-03T21:35:46Z,95.0,Charge 5
2024-02-03T21:35:51Z,97.0,Charge 5
2024-02-03T21:35:56Z,98.0,Charge 5
2024-02-03T21:36:11Z,98.0,Charge 5
2024-02-03T21:36:16Z,97.0,Charge 5
2024-02-03T21:36:33Z,97.0,Charge 5
2024-02-03T21:36:48Z,97.0,Charge 5
2024-02-03T21:36:53Z,94.0,Charge 5
2024-02-03T21:36:58Z,93.0,Charge 5
2024-02-03T21:37:03Z,92.0,Charge 5
2024-02-03T21:37:08Z,91.0,Charge 5
2024-02-03T21:37:18Z,92.0,Charge 5
2024-02-03T21:37:33Z,92.0,Charge 5
2024-02-03T21:37:38Z,92.0,Charge 5
2024-02-03T21:37:43Z,91.0,Charge 5
2024-02-03T21:37:48Z,91.0,Charge 5
2024-02-03T21:37:58Z,93.0,Charge 5
2024-02-03T21:38:03Z,94.0,Charge 5
2024-02-03T21:38:18Z,94.0,Charge 5
2024-02-03T21:38:33Z,93.0,Charge 5
2024-02-03T21:38:38Z,92.0,Charge 5
2024-02-03T21:38:43Z,90.0,Charge 5
2024-02-03T21:38:48Z,90.0,Charge 5
2024-02-03T21:39:03Z,90.0,Charge 5
2024-02-03T21:39:08Z,87.0,Charge 5
2024-02-03T21:39:18Z,85.0,Charge 5
2024-02-03T21:39:23Z,84.0,Charge 5
2024-02-03T21:39:28Z,86.0,Charge 5
2024-02-03T21:39:33Z,91.0,Charge 5
2024-02-03T21:39:38Z,93.0,Charge 5
2024-02-03T21:39:53Z,93.0,Charge 5
2024-02-03T21:39:58Z,94.0,Charge 5
2024-02-03T21:40:03Z,94.0,Charge 5
2024-02-03T21:40:18Z,94.0,Charge 5
2024-02-03T21:40:33Z,94.0,Charge 5
2024-02-03T21:40:43Z,93.0,Charge 5
2024-02-03T21:40:58Z,94.0,Charge 5
2024-02-03T21:41:13Z,94.0,Charge 5
2024-02-03T21:41:28Z,94.0,Charge 5
2024-02-03T21:41:43Z,94.0,Charge 5
2024-02-03T21:41:58Z,95.0,Charge 5
2024-02-03T21:42:08Z,97.0,Charge 5
2024-02-03T21:42:13Z,95.0,Charge 5
2024-02-03T21:42:18Z,93.0,Charge 5
2024-02-03T21:42:23Z,92.0,Charge 5
2024-02-03T21:42:38Z,91.0,Charge 5
2024-02-03T21:42:43Z,90.0,Charge 5
2024-02-03T21:42:48Z,90.0,Charge 5
2024-02-03T21:42:58Z,92.0,Charge 5
2024-02-03T21:43:08Z,92.0,Charge 5
2024-02-03T21:43:23Z,92.0,Charge 5
2024-02-03T21:43:28Z,91.0,Charge 5
2024-02-03T21:43:43Z,90.0,Charge 5
2024-02-03T21:43:58Z,90.0,Charge 5
2024-02-03T21:44:13Z,90.0,Charge 5
2024-02-03T21:44:18Z,91.0,Charge 5
2024-02-03T21:44:33Z,91.0,Charge 5
2024-02-03T21:44:38Z,90.0,Charge 5
2024-02-03T21:44:53Z,89.0,Charge 5
2024-02-03T21:44:58Z,88.0,Charge 5
2024-02-03T21:45:03Z,88.0,Charge 5
2024-02-03T21:45:18Z,88.0,Charge 5
2024-02-03T21:45:23Z,89.0,Charge 5
2024-02-03T21:45:28Z,90.0,Charge 5
2024-02-03T21:45:33Z,91.0,Charge 5
2024-02-03T21:45:38Z,92.0,Charge 5
2024-02-03T21:45:43Z,91.0,Charge 5
2024-02-03T21:45:48Z,91.0,Charge 5
2024-02-03T21:45:58Z,92.0,Charge 5
2024-02-03T21:46:03Z,92.0,Charge 5
2024-02-03T21:46:13Z,89.0,Charge 5
2024-02-03T21:46:18Z,88.0,Charge 5
2024-02-03T21:46:23Z,89.0,Charge 5
2024-02-03T21:46:28Z,89.0,Charge 5
2024-02-03T21:46:33Z,90.0,Charge 5
2024-02-03T21:46:43Z,91.0,Charge 5
2024-02-03T21:46:48Z,90.0,Charge 5
2024-02-03T21:46:53Z,91.0,Charge 5
2024-02-03T21:47:08Z,90.0,Charge 5
2024-02-03T21:47:13Z,89.0,Charge 5
2024-02-03T21:47:23Z,88.0,Charge 5
2024-02-03T21:47:33Z,89.0,Charge 5
2024-02-03T21:47:43Z,90.0,Charge 5
2024-02-03T21:47:58Z,89.0,Charge 5
2024-02-03T21:48:08Z,90.0,Charge 5
2024-02-03T21:48:13Z,89.0,Charge 5
2024-02-03T21:48:18Z,89.0,Charge 5
2024-02-03T21:48:23Z,89.0,Charge 5
2024-02-03T21:48:28Z,88.0,Charge 5
2024-02-03T21:48:33Z,91.0,Charge 5
2024-02-03T21:48:38Z,95.0,Charge 5
2024-02-03T21:48:43Z,96.0,Charge 5
2024-02-03T21:48:58Z,96.0,Charge 5
2024-02-03T21:49:03Z,94.0,Charge 5
2024-02-03T21:49:08Z,91.0,Charge 5
2024-02-03T21:49:13Z,90.0,Charge 5
2024-02-03T21:49:28Z,90.0,Charge 5
2024-02-03T21:49:38Z,90.0,Charge 5
2024-02-03T21:49:43Z,90.0,Charge 5
2024-02-03T21:49:58Z,90.0,Charge 5
2024-02-03T21:50:08Z,88.0,Charge 5
2024-02-03T21:50:13Z,86.0,Charge 5
2024-02-03T21:50:18Z,83.0,Charge 5
2024-02-03T21:50:28Z,85.0,Charge 5
2024-02-03T21:50:33Z,86.0,Charge 5
2024-02-03T21:50:38Z,86.0,Charge 5
2024-02-03T21:50:43Z,86.0,Charge 5
2024-02-03T21:50:53Z,87.0,Charge 5
2024-02-03T21:50:58Z,88.0,Charge 5
2024-02-03T21:51:03Z,89.0,Charge 5
2024-02-03T21:51:08Z,88.0,Charge 5
2024-02-03T21:51:23Z,88.0,Charge 5
2024-02-03T21:51:33Z,87.0,Charge 5
2024-02-03T21:51:39Z,87.0,Charge 5
2024-02-03T21:51:44Z,86.0,Charge 5
2024-02-03T21:51:54Z,87.0,Charge 5
2024-02-03T21:51:59Z,88.0,Charge 5
2024-02-03T21:52:04Z,89.0,Charge 5
2024-02-03T21:52:09Z,90.0,Charge 5
2024-02-03T21:52:14Z,89.0,Charge 5
2024-02-03T21:52:24Z,88.0,Charge 5
2024-02-03T21:52:29Z,88.0,Charge 5
2024-02-03T21:52:34Z,89.0,Charge 5
2024-02-03T21:52:39Z,91.0,Charge 5
2024-02-03T21:52:44Z,92.0,Charge 5
2024-02-03T21:52:54Z,92.0,Charge 5
2024-02-03T21:52:59Z,92.0,Charge 5
2024-02-03T21:53:04Z,92.0,Charge 5
2024-02-03T21:53:09Z,93.0,Charge 5
2024-02-03T21:53:19Z,91.0,Charge 5
2024-02-03T21:53:34Z,91.0,Charge 5
2024-02-03T21:53:39Z,91.0,Charge 5
2024-02-03T21:53:44Z,90.0,Charge 5
2024-02-03T21:53:49Z,89.0,Charge 5
2024-02-03T21:54:04Z,90.0,Charge 5
2024-02-03T21:54:14Z,92.0,Charge 5
2024-02-03T21:54:19Z,94.0,Charge 5
2024-02-03T21:54:24Z,93.0,Charge 5
2024-02-03T21:54:34Z,93.0,Charge 5
2024-02-03T21:54:49Z,94.0,Charge 5
2024-02-03T21:54:54Z,94.0,Charge 5
2024-02-03T21:54:59Z,93.0,Charge 5
2024-02-03T21:55:04Z,92.0,Charge 5
2024-02-03T21:55:14Z,92.0,Charge 5
2024-02-03T21:55:19Z,89.0,Charge 5
2024-02-03T21:55:29Z,88.0,Charge 5
2024-02-03T21:55:34Z,88.0,Charge 5
2024-02-03T21:55:39Z,88.0,Charge 5
2024-02-03T21:55:44Z,88.0,Charge 5
2024-02-03T21:55:49Z,88.0,Charge 5
2024-02-03T21:55:54Z,88.0,Charge 5
2024-02-03T21:55:59Z,90.0,Charge 5
2024-02-03T21:56:04Z,91.0,Charge 5
2024-02-03T21:56:14Z,92.0,Charge 5
2024-02-03T21:56:29Z,92.0,Charge 5
2024-02-03T21:56:34Z,92.0,Charge 5
2024-02-03T21:56:49Z,91.0,Charge 5
2024-02-03T21:56:54Z,90.0,Charge 5
2024-02-03T21:56:59Z,89.0,Charge 5
2024-02-03T21:57:14Z,89.0,Charge 5
2024-02-03T21:57:19Z,90.0,Charge 5
2024-02-03T21:57:29Z,91.0,Charge 5
2024-02-03T21:57:34Z,91.0,Charge 5
2024-02-03T21:57:39Z,90.0,Charge 5
2024-02-03T21:57:44Z,89.0,Charge 5
2024-02-03T21:57:59Z,89.0,Charge 5
2024-02-03T21:58:14Z,89.0,Charge 5
2024-02-03T21:58:19Z,89.0,Charge 5
2024-02-03T21:58:29Z,88.0,Charge 5
2024-02-03T21:58:44Z,88.0,Charge 5
2024-02-03T21:58:59Z,87.0,Charge 5
2024-02-03T21:59:14Z,89.0,Charge 5
2024-02-03T21:59:29Z,90.0,Charge 5
2024-02-03T21:59:39Z,92.0,Charge 5
2024-02-03T21:59:44Z,99.0,Charge 5
2024-02-03T21:59:49Z,98.0,Charge 5
2024-02-03T21:59:54Z,93.0,Charge 5
2024-02-03T21:59:59Z,90.0,Charge 5
2024-02-03T22:00:04Z,91.0,Charge 5
2024-02-03T22:00:09Z,93.0,Charge 5
2024-02-03T22:00:14Z,97.0,Charge 5
2024-02-03T22:00:19Z,98.0,Charge 5
2024-02-03T22:00:24Z,97.0,Charge 5
2024-02-03T22:00:29Z,95.0,Charge 5
2024-02-03T22:00:34Z,94.0,Charge 5
2024-02-03T22:00:39Z,92.0,Charge 5
2024-02-03T22:00:54Z,93.0,Charge 5
2024-02-03T22:00:59Z,93.0,Charge 5
2024-02-03T22:01:04Z,94.0,Charge 5
2024-02-03T22:01:09Z,94.0,Charge 5
2024-02-03T22:01:24Z,94.0,Charge 5
2024-02-03T22:01:34Z,94.0,Charge 5
2024-02-03T22:01:44Z,95.0,Charge 5
2024-02-03T22:01:49Z,97.0,Charge 5
2024-02-03T22:01:54Z,97.0,Charge 5
2024-02-03T22:01:59Z,97.0,Charge 5
2024-02-03T22:02:09Z,94.0,Charge 5
2024-02-03T22:02:14Z,92.0,Charge 5
2024-02-03T22:02:19Z,90.0,Charge 5
2024-02-03T22:02:29Z,91.0,Charge 5
2024-02-03T22:02:34Z,90.0,Charge 5
2024-02-03T22:02:49Z,90.0,Charge 5
2024-02-03T22:02:54Z,90.0,Charge 5
2024-02-03T22:03:04Z,90.0,Charge 5
2024-02-03T22:03:19Z,91.0,Charge 5
2024-02-03T22:03:34Z,91.0,Charge 5
2024-02-03T22:03:44Z,90.0,Charge 5
2024-02-03T22:03:49Z,89.0,Charge 5
2024-02-03T22:03:54Z,90.0,Charge 5
2024-02-03T22:04:04Z,90.0,Charge 5
2024-02-03T22:04:09Z,91.0,Charge 5
2024-02-03T22:04:14Z,92.0,Charge 5
2024-02-03T22:04:24Z,92.0,Charge 5
2024-02-03T22:04:29Z,91.0,Charge 5
2024-02-03T22:04:39Z,89.0,Charge 5
2024-02-03T22:04:44Z,89.0,Charge 5
2024-02-03T22:04:49Z,90.0,Charge 5
2024-02-03T22:05:04Z,91.0,Charge 5
2024-02-03T22:05:09Z,90.0,Charge 5
2024-02-03T22:05:14Z,89.0,Charge 5
2024-02-03T22:05:24Z,90.0,Charge 5
2024-02-03T22:05:29Z,90.0,Charge 5
2024-02-03T22:05:34Z,88.0,Charge 5
2024-02-03T22:05:39Z,83.0,Charge 5
2024-02-03T22:05:44Z,82.0,Charge 5
2024-02-03T22:05:49Z,88.0,Charge 5
2024-02-03T22:05:54Z,89.0,Charge 5
2024-02-03T22:05:59Z,90.0,Charge 5
2024-02-03T22:06:04Z,96.0,Charge 5
2024-02-03T22:06:09Z,100.0,Charge 5
2024-02-03T22:06:14Z,101.0,Charge 5
2024-02-03T22:06:29Z,101.0,Charge 5
2024-02-03T22:06:34Z,100.0,Charge 5
2024-02-03T22:06:38Z,97.0,Charge 5
2024-02-03T22:06:50Z,99.0,Charge 5
2024-02-03T22:06:55Z,98.0,Charge 5
2024-02-03T22:07:00Z,97.0,Charge 5
2024-02-03T22:07:05Z,95.0,Charge 5
2024-02-03T22:07:10Z,94.0,Charge 5
2024-02-03T22:07:25Z,94.0,Charge 5
2024-02-03T22:07:40Z,95.0,Charge 5
2024-02-03T22:07:45Z,97.0,Charge 5
2024-02-03T22:07:50Z,94.0,Charge 5
2024-02-03T22:07:55Z,94.0,Charge 5
2024-02-03T22:08:05Z,95.0,Charge 5
2024-02-03T22:08:15Z,94.0,Charge 5
2024-02-03T22:08:20Z,93.0,Charge 5
2024-02-03T22:08:25Z,91.0,Charge 5
2024-02-03T22:08:40Z,91.0,Charge 5
2024-02-03T22:08:55Z,91.0,Charge 5
2024-02-03T22:09:10Z,91.0,Charge 5
2024-02-03T22:09:25Z,92.0,Charge 5
2024-02-03T22:09:40Z,92.0,Charge 5
2024-02-03T22:09:45Z,93.0,Charge 5
2024-02-03T22:10:00Z,92.0,Charge 5
2024-02-03T22:10:05Z,91.0,Charge 5
2024-02-03T22:10:20Z,92.0,Charge 5
2024-02-03T22:10:25Z,93.0,Charge 5
2024-02-03T22:10:30Z,92.0,Charge 5
2024-02-03T22:10:45Z,92.0,Charge 5
2024-02-03T22:10:50Z,91.0,Charge 5
2024-02-03T22:10:55Z,91.0,Charge 5
2024-02-03T22:11:10Z,91.0,Charge 5
2024-02-03T22:11:15Z,91.0,Charge 5
2024-02-03T22:11:20Z,89.0,Charge 5
2024-02-03T22:11:35Z,89.0,Charge 5
2024-02-03T22:11:40Z,90.0,Charge 5
2024-02-03T22:11:50Z,91.0,Charge 5
2024-02-03T22:12:00Z,92.0,Charge 5
2024-02-03T22:12:05Z,93.0,Charge 5
2024-02-03T22:12:20Z,93.0,Charge 5
2024-02-03T22:12:25Z,94.0,Charge 5
2024-02-03T22:12:30Z,95.0,Charge 5
2024-02-03T22:12:35Z,96.0,Charge 5
2024-02-03T22:12:40Z,98.0,Charge 5
2024-02-03T22:12:45Z,96.0,Charge 5
2024-02-03T22:12:50Z,95.0,Charge 5
2024-02-03T22:12:55Z,93.0,Charge 5
2024-02-03T22:13:00Z,92.0,Charge 5
2024-02-03T22:13:10Z,91.0,Charge 5
2024-02-03T22:13:15Z,89.0,Charge 5
2024-02-03T22:13:20Z,89.0,Charge 5
2024-02-03T22:13:35Z,89.0,Charge 5
2024-02-03T22:13:40Z,90.0,Charge 5
2024-02-03T22:13:45Z,91.0,Charge 5
2024-02-03T22:13:50Z,94.0,Charge 5
2024-02-03T22:13:55Z,93.0,Charge 5
2024-02-03T22:14:10Z,93.0,Charge 5
2024-02-03T22:14:15Z,91.0,Charge 5
2024-02-03T22:14:20Z,90.0,Charge 5
2024-02-03T22:14:25Z,89.0,Charge 5
2024-02-03T22:14:30Z,87.0,Charge 5
2024-02-03T22:14:35Z,87.0,Charge 5
2024-02-03T22:14:45Z,88.0,Charge 5
2024-02-03T22:14:55Z,91.0,Charge 5
2024-02-03T22:15:00Z,92.0,Charge 5
2024-02-03T22:15:05Z,92.0,Charge 5
2024-02-03T22:15:10Z,91.0,Charge 5
2024-02-03T22:15:15Z,89.0,Charge 5
2024-02-03T22:15:20Z,88.0,Charge 5
2024-02-03T22:15:25Z,88.0,Charge 5
2024-02-03T22:15:40Z,91.0,Charge 5
2024-02-03T22:15:45Z,94.0,Charge 5
2024-02-03T22:15:50Z,93.0,Charge 5
2024-02-03T22:15:55Z,92.0,Charge 5
2024-02-03T22:16:00Z,91.0,Charge 5
2024-02-03T22:16:05Z,90.0,Charge 5
2024-02-03T22:16:10Z,89.0,Charge 5
2024-02-03T22:16:15Z,88.0,Charge 5
2024-02-03T22:16:25Z,88.0,Charge 5
2024-02-03T22:16:30Z,89.0,Charge 5
2024-02-03T22:16:35Z,92.0,Charge 5
2024-02-03T22:16:40Z,89.0,Charge 5
2024-02-03T22:16:45Z,82.0,Charge 5
2024-02-03T22:16:50Z,82.0,Charge 5
2024-02-03T22:16:55Z,83.0,Charge 5
2024-02-03T22:17:00Z,86.0,Charge 5
2024-02-03T22:17:05Z,92.0,Charge 5
2024-02-03T22:17:10Z,95.0,Charge 5
2024-02-03T22:17:20Z,92.0,Charge 5
2024-02-03T22:17:25Z,89.0,Charge 5
2024-02-03T22:17:30Z,89.0,Charge 5
2024-02-03T22:17:40Z,91.0,Charge 5
2024-02-03T22:17:55Z,93.0,Charge 5
2024-02-03T22:18:00Z,94.0,Charge 5
2024-02-03T22:18:05Z,93.0,Charge 5
2024-02-03T22:18:10Z,91.0,Charge 5
2024-02-03T22:18:15Z,92.0,Charge 5
2024-02-03T22:18:20Z,91.0,Charge 5
2024-02-03T22:18:25Z,90.0,Charge 5
2024-02-03T22:18:30Z,89.0,Charge 5
2024-02-03T22:18:35Z,88.0,Charge 5
2024-02-03T22:18:45Z,89.0,Charge 5
2024-02-03T22:18:55Z,89.0,Charge 5
2024-02-03T22:19:10Z,90.0,Charge 5
2024-02-03T22:19:15Z,91.0,Charge 5
2024-02-03T22:19:25Z,91.0,Charge 5
2024-02-03T22:19:35Z,90.0,Charge 5
2024-02-03T22:19:40Z,89.0,Charge 5
2024-02-03T22:19:45Z,88.0,Charge 5
2024-02-03T22:19:50Z,88.0,Charge 5
2024-02-03T22:20:05Z,92.0,Charge 5
2024-02-03T22:20:10Z,96.0,Charge 5
2024-02-03T22:20:25Z,96.0,Charge 5
2024-02-03T22:20:30Z,94.0,Charge 5
2024-02-03T22:20:35Z,86.0,Charge 5
2024-02-03T22:20:40Z,85.0,Charge 5
2024-02-03T22:20:45Z,88.0,Charge 5
2024-02-03T22:20:55Z,89.0,Charge 5
2024-02-03T22:21:00Z,91.0,Charge 5
2024-02-03T22:21:15Z,92.0,Charge 5
2024-02-03T22:21:20Z,90.0,Charge 5
2024-02-03T22:21:35Z,90.0,Charge 5
2024-02-03T22:21:47Z,90.0,Charge 5
2024-02-03T22:22:02Z,90.0,Charge 5
2024-02-03T22:22:07Z,91.0,Charge 5
2024-02-03T22:22:12Z,96.0,Charge 5
2024-02-03T22:22:17Z,100.0,Charge 5
2024-02-03T22:22:22Z,99.0,Charge 5
2024-02-03T22:22:37Z,95.0,Charge 5
2024-02-03T22:22:42Z,89.0,Charge 5
2024-02-03T22:22:57Z,90.0,Charge 5
2024-02-03T22:23:07Z,94.0,Charge 5
2024-02-03T22:23:12Z,96.0,Charge 5
2024-02-03T22:23:17Z,95.0,Charge 5
2024-02-03T22:23:22Z,94.0,Charge 5
2024-02-03T22:23:32Z,93.0,Charge 5
2024-02-03T22:23:42Z,92.0,Charge 5
2024-02-03T22:23:57Z,91.0,Charge 5
2024-02-03T22:24:12Z,91.0,Charge 5
2024-02-03T22:24:17Z,94.0,Charge 5
2024-02-03T22:24:22Z,95.0,Charge 5
2024-02-03T22:24:27Z,94.0,Charge 5
2024-02-03T22:24:32Z,94.0,Charge 5
2024-02-03T22:24:47Z,94.0,Charge 5
2024-02-03T22:25:02Z,94.0,Charge 5
2024-02-03T22:25:07Z,95.0,Charge 5
2024-02-03T22:25:12Z,94.0,Charge 5
2024-02-03T22:25:27Z,94.0,Charge 5
2024-02-03T22:25:32Z,92.0,Charge 5
2024-02-03T22:25:37Z,91.0,Charge 5
2024-02-03T22:25:52Z,91.0,Charge 5
2024-02-03T22:26:02Z,90.0,Charge 5
2024-02-03T22:26:17Z,91.0,Charge 5
2024-02-03T22:26:32Z,91.0,Charge 5
2024-02-03T22:26:37Z,92.0,Charge 5
2024-02-03T22:26:42Z,93.0,Charge 5
2024-02-03T22:26:57Z,94.0,Charge 5
2024-02-03T22:27:12Z,93.0,Charge 5
2024-02-03T22:27:22Z,92.0,Charge 5
2024-02-03T22:27:32Z,90.0,Charge 5
2024-02-03T22:27:47Z,90.0,Charge 5
2024-02-03T22:28:02Z,90.0,Charge 5
2024-02-03T22:28:17Z,90.0,Charge 5
2024-02-03T22:28:27Z,91.0,Charge 5
2024-02-03T22:28:32Z,90.0,Charge 5
2024-02-03T22:28:47Z,91.0,Charge 5
2024-02-03T22:28:52Z,92.0,Charge 5
2024-02-03T22:28:57Z,93.0,Charge 5
2024-02-03T22:29:02Z,97.0,Charge 5
2024-02-03T22:29:07Z,100.0,Charge 5
2024-02-03T22:29:12Z,99.0,Charge 5
2024-02-03T22:29:17Z,96.0,Charge 5
2024-02-03T22:29:32Z,95.0,Charge 5
2024-02-03T22:29:37Z,92.0,Charge 5
2024-02-03T22:29:42Z,90.0,Charge 5
2024-02-03T22:29:47Z,89.0,Charge 5
2024-02-03T22:29:52Z,88.0,Charge 5
2024-02-03T22:30:02Z,86.0,Charge 5
2024-02-03T22:30:12Z,85.0,Charge 5
2024-02-03T22:30:17Z,84.0,Charge 5
2024-02-03T22:30:32Z,85.0,Charge 5
2024-02-03T22:30:37Z,85.0,Charge 5
2024-02-03T22:30:42Z,84.0,Charge 5
2024-02-03T22:30:47Z,83.0,Charge 5
2024-02-03T22:30:52Z,81.0,Charge 5
2024-02-03T22:30:57Z,80.0,Charge 5
2024-02-03T22:31:02Z,79.0,Charge 5
2024-02-03T22:31:07Z,81.0,Charge 5
2024-02-03T22:31:12Z,82.0,Charge 5
2024-02-03T22:31:22Z,83.0,Charge 5
2024-02-03T22:31:27Z,86.0,Charge 5
2024-02-03T22:31:32Z,91.0,Charge 5
2024-02-03T22:31:37Z,87.0,Charge 5
2024-02-03T22:31:47Z,88.0,Charge 5
2024-02-03T22:31:52Z,90.0,Charge 5
2024-02-03T22:31:57Z,91.0,Charge 5
2024-02-03T22:32:02Z,90.0,Charge 5
2024-02-03T22:32:07Z,90.0,Charge 5
2024-02-03T22:32:12Z,89.0,Charge 5
2024-02-03T22:32:17Z,89.0,Charge 5
2024-02-03T22:32:22Z,88.0,Charge 5
2024-02-03T22:32:27Z,86.0,Charge 5
2024-02-03T22:32:32Z,86.0,Charge 5
2024-02-03T22:32:37Z,84.0,Charge 5
2024-02-03T22:32:42Z,83.0,Charge 5
2024-02-03T22:32:47Z,84.0,Charge 5
2024-02-03T22:32:52Z,83.0,Charge 5
2024-02-03T22:32:57Z,84.0,Charge 5
2024-02-03T22:33:07Z,86.0,Charge 5
2024-02-03T22:33:12Z,85.0,Charge 5
2024-02-03T22:33:17Z,86.0,Charge 5
2024-02-03T22:33:22Z,87.0,Charge 5
2024-02-03T22:33:27Z,86.0,Charge 5
2024-02-03T22:33:37Z,83.0,Charge 5
2024-02-03T22:33:42Z,82.0,Charge 5
2024-02-03T22:33:52Z,83.0,Charge 5
2024-02-03T22:33:57Z,85.0,Charge 5
2024-02-03T22:34:02Z,85.0,Charge 5
2024-02-03T22:34:07Z,87.0,Charge 5
2024-02-03T22:34:12Z,86.0,Charge 5
2024-02-03T22:34:22Z,85.0,Charge 5
2024-02-03T22:34:27Z,84.0,Charge 5
2024-02-03T22:34:32Z,83.0,Charge 5
2024-02-03T22:34:47Z,85.0,Charge 5
2024-02-03T22:34:57Z,85.0,Charge 5
2024-02-03T22:35:02Z,82.0,Charge 5
2024-02-03T22:35:07Z,83.0,Charge 5
2024-02-03T22:35:12Z,82.0,Charge 5
2024-02-03T22:35:17Z,84.0,Charge 5
2024-02-03T22:35:22Z,85.0,Charge 5
2024-02-03T22:35:27Z,85.0,Charge 5
2024-02-03T22:35:37Z,86.0,Charge 5
2024-02-03T22:35:42Z,83.0,Charge 5
2024-02-03T22:35:52Z,84.0,Charge 5
2024-02-03T22:36:02Z,82.0,Charge 5
2024-02-03T22:36:07Z,83.0,Charge 5
2024-02-03T22:36:12Z,85.0,Charge 5
2024-02-03T22:36:27Z,84.0,Charge 5
2024-02-03T22:36:32Z,83.0,Charge 5
2024-02-03T22:36:50Z,84.0,Charge 5
2024-02-03T22:36:55Z,86.0,Charge 5
2024-02-03T22:37:00Z,87.0,Charge 5
2024-02-03T22:37:05Z,84.0,Charge 5
2024-02-03T22:37:10Z,86.0,Charge 5
2024-02-03T22:37:15Z,84.0,Charge 5
2024-02-03T22:37:20Z,86.0,Charge 5
2024-02-03T22:37:25Z,88.0,Charge 5
2024-02-03T22:37:35Z,90.0,Charge 5
2024-02-03T22:37:40Z,91.0,Charge 5
2024-02-03T22:37:45Z,88.0,Charge 5
2024-02-03T22:37:50Z,85.0,Charge 5
2024-02-03T22:37:55Z,86.0,Charge 5
2024-02-03T22:38:00Z,87.0,Charge 5
2024-02-03T22:38:05Z,88.0,Charge 5
2024-02-03T22:38:20Z,86.0,Charge 5
2024-02-03T22:38:35Z,85.0,Charge 5
2024-02-03T22:38:40Z,86.0,Charge 5
2024-02-03T22:38:45Z,87.0,Charge 5
2024-02-03T22:38:50Z,88.0,Charge 5
2024-02-03T22:38:55Z,89.0,Charge 5
2024-02-03T22:39:00Z,90.0,Charge 5
2024-02-03T22:39:05Z,91.0,Charge 5
2024-02-03T22:39:10Z,92.0,Charge 5
2024-02-03T22:39:20Z,93.0,Charge 5
2024-02-03T22:39:25Z,95.0,Charge 5
2024-02-03T22:39:30Z,97.0,Charge 5
2024-02-03T22:39:35Z,98.0,Charge 5
2024-02-03T22:39:40Z,95.0,Charge 5
2024-02-03T22:39:45Z,88.0,Charge 5
2024-02-03T22:39:50Z,87.0,Charge 5
2024-02-03T22:39:55Z,88.0,Charge 5
2024-02-03T22:40:05Z,88.0,Charge 5
2024-02-03T22:40:10Z,87.0,Charge 5
2024-02-03T22:40:20Z,86.0,Charge 5
2024-02-03T22:40:30Z,86.0,Charge 5
2024-02-03T22:40:35Z,86.0,Charge 5
2024-02-03T22:40:45Z,85.0,Charge 5
2024-02-03T22:41:00Z,84.0,Charge 5
2024-02-03T22:41:10Z,83.0,Charge 5
2024-02-03T22:41:25Z,84.0,Charge 5
2024-02-03T22:41:40Z,84.0,Charge 5
2024-02-03T22:41:45Z,85.0,Charge 5
2024-02-03T22:41:55Z,86.0,Charge 5
2024-02-03T22:42:00Z,96.0,Charge 5
2024-02-03T22:42:05Z,104.0,Charge 5
2024-02-03T22:42:10Z,106.0,Charge 5
2024-02-03T22:42:15Z,107.0,Charge 5
2024-02-03T22:42:20Z,109.0,Charge 5
2024-02-03T22:42:30Z,110.0,Charge 5
2024-02-03T22:42:35Z,112.0,Charge 5
2024-02-03T22:42:40Z,113.0,Charge 5
2024-02-03T22:42:45Z,114.0,Charge 5
2024-02-03T22:43:00Z,111.0,Charge 5
2024-02-03T22:43:05Z,109.0,Charge 5
2024-02-03T22:43:10Z,108.0,Charge 5
2024-02-03T22:43:25Z,108.0,Charge 5
2024-02-03T22:43:30Z,108.0,Charge 5
2024-02-03T22:43:35Z,106.0,Charge 5
2024-02-03T22:43:40Z,105.0,Charge 5
2024-02-03T22:43:45Z,106.0,Charge 5
2024-02-03T22:43:50Z,105.0,Charge 5
2024-02-03T22:43:55Z,97.0,Charge 5
2024-02-03T22:44:00Z,95.0,Charge 5
2024-02-03T22:44:05Z,97.0,Charge 5
2024-02-03T22:44:10Z,100.0,Charge 5
2024-02-03T22:44:25Z,101.0,Charge 5
2024-02-03T22:44:30Z,102.0,Charge 5
2024-02-03T22:44:35Z,100.0,Charge 5
2024-02-03T22:44:40Z,99.0,Charge 5
2024-02-03T22:44:50Z,99.0,Charge 5
2024-02-03T22:44:55Z,98.0,Charge 5
2024-02-03T22:45:00Z,95.0,Charge 5
2024-02-03T22:45:10Z,97.0,Charge 5
2024-02-03T22:45:15Z,98.0,Charge 5
2024-02-03T22:45:20Z,97.0,Charge 5
2024-02-03T22:45:25Z,95.0,Charge 5
2024-02-03T22:45:35Z,94.0,Charge 5
2024-02-03T22:45:40Z,92.0,Charge 5
2024-02-03T22:45:45Z,89.0,Charge 5
2024-02-03T22:45:50Z,88.0,Charge 5
2024-02-03T22:46:00Z,88.0,Charge 5
2024-02-03T22:46:05Z,87.0,Charge 5
2024-02-03T22:46:10Z,87.0,Charge 5
2024-02-03T22:46:15Z,86.0,Charge 5
2024-02-03T22:46:30Z,86.0,Charge 5
2024-02-03T22:46:35Z,85.0,Charge 5
2024-02-03T22:46:40Z,84.0,Charge 5
2024-02-03T22:46:55Z,85.0,Charge 5
2024-02-03T22:47:00Z,86.0,Charge 5
2024-02-03T22:47:05Z,85.0,Charge 5
2024-02-03T22:47:15Z,86.0,Charge 5
2024-02-03T22:47:30Z,86.0,Charge 5
2024-02-03T22:47:35Z,85.0,Charge 5
2024-02-03T22:47:50Z,85.0,Charge 5
2024-02-03T22:47:55Z,84.0,Charge 5
2024-02-03T22:48:00Z,83.0,Charge 5
2024-02-03T22:48:10Z,84.0,Charge 5
2024-02-03T22:48:15Z,85.0,Charge 5
2024-02-03T22:48:20Z,86.0,Charge 5
2024-02-03T22:48:25Z,85.0,Charge 5
2024-02-03T22:48:30Z,84.0,Charge 5
2024-02-03T22:48:35Z,83.0,Charge 5
2024-02-03T22:48:40Z,82.0,Charge 5
2024-02-03T22:48:45Z,81.0,Charge 5
2024-02-03T22:48:55Z,80.0,Charge 5
2024-02-03T22:49:00Z,80.0,Charge 5
2024-02-03T22:49:05Z,81.0,Charge 5
2024-02-03T22:49:10Z,82.0,Charge 5
2024-02-03T22:49:15Z,84.0,Charge 5
2024-02-03T22:49:25Z,85.0,Charge 5
2024-02-03T22:49:30Z,86.0,Charge 5
2024-02-03T22:49:45Z,86.0,Charge 5
2024-02-03T22:49:50Z,85.0,Charge 5
2024-02-03T22:50:00Z,84.0,Charge 5
2024-02-03T22:50:05Z,83.0,Charge 5
2024-02-03T22:50:10Z,82.0,Charge 5
2024-02-03T22:50:20Z,81.0,Charge 5
2024-02-03T22:50:25Z,80.0,Charge 5
2024-02-03T22:50:40Z,81.0,Charge 5
2024-02-03T22:50:55Z,81.0,Charge 5
2024-02-03T22:51:00Z,82.0,Charge 5
2024-02-03T22:51:05Z,81.0,Charge 5
2024-02-03T22:51:15Z,80.0,Charge 5
2024-02-03T22:51:30Z,81.0,Charge 5
2024-02-03T22:51:35Z,81.0,Charge 5
2024-02-03T22:51:45Z,82.0,Charge 5
2024-02-03T22:51:50Z,81.0,Charge 5
2024-02-03T22:51:56Z,81.0,Charge 5
2024-02-03T22:52:06Z,82.0,Charge 5
2024-02-03T22:52:21Z,82.0,Charge 5
2024-02-03T22:52:31Z,81.0,Charge 5
2024-02-03T22:52:46Z,81.0,Charge 5
2024-02-03T22:52:56Z,80.0,Charge 5
2024-02-03T22:53:01Z,81.0,Charge 5
2024-02-03T22:53:16Z,81.0,Charge 5
2024-02-03T22:53:26Z,80.0,Charge 5
2024-02-03T22:53:36Z,79.0,Charge 5
2024-02-03T22:53:46Z,80.0,Charge 5
2024-02-03T22:53:56Z,81.0,Charge 5
2024-02-03T22:54:01Z,82.0,Charge 5
2024-02-03T22:54:06Z,83.0,Charge 5
2024-02-03T22:54:11Z,82.0,Charge 5
2024-02-03T22:54:21Z,81.0,Charge 5
2024-02-03T22:54:26Z,82.0,Charge 5
2024-02-03T22:54:31Z,81.0,Charge 5
2024-02-03T22:54:41Z,82.0,Charge 5
2024-02-03T22:54:56Z,82.0,Charge 5
2024-02-03T22:55:11Z,83.0,Charge 5
2024-02-03T22:55:26Z,83.0,Charge 5
2024-02-03T22:55:31Z,84.0,Charge 5
2024-02-03T22:55:41Z,85.0,Charge 5
2024-02-03T22:55:46Z,84.0,Charge 5
2024-02-03T22:55:51Z,83.0,Charge 5
2024-02-03T22:56:06Z,82.0,Charge 5
2024-02-03T22:56:11Z,83.0,Charge 5
2024-02-03T22:56:21Z,82.0,Charge 5
2024-02-03T22:56:26Z,83.0,Charge 5
2024-02-03T22:56:31Z,81.0,Charge 5
2024-02-03T22:56:41Z,82.0,Charge 5
2024-02-03T22:56:46Z,80.0,Charge 5
2024-02-03T22:56:56Z,81.0,Charge 5
2024-02-03T22:57:06Z,80.0,Charge 5
2024-02-03T22:57:16Z,81.0,Charge 5
2024-02-03T22:57:21Z,82.0,Charge 5
2024-02-03T22:57:26Z,83.0,Charge 5
2024-02-03T22:57:36Z,84.0,Charge 5
2024-02-03T22:57:51Z,83.0,Charge 5
2024-02-03T22:58:01Z,81.0,Charge 5
2024-02-03T22:58:11Z,82.0,Charge 5
2024-02-03T22:58:21Z,81.0,Charge 5
2024-02-03T22:58:26Z,80.0,Charge 5
2024-02-03T22:58:36Z,81.0,Charge 5
2024-02-03T22:58:51Z,82.0,Charge 5
2024-02-03T22:59:06Z,84.0,Charge 5
2024-02-03T22:59:16Z,83.0,Charge 5
2024-02-03T22:59:21Z,82.0,Charge 5
2024-02-03T22:59:36Z,83.0,Charge 5
2024-02-03T22:59:46Z,82.0,Charge 5
2024-02-03T23:00:01Z,80.0,Charge 5
2024-02-03T23:00:11Z,81.0,Charge 5
2024-02-03T23:00:21Z,82.0,Charge 5
2024-02-03T23:00:26Z,82.0,Charge 5
2024-02-03T23:00:36Z,81.0,Charge 5
2024-02-03T23:00:46Z,82.0,Charge 5
2024-02-03T23:00:51Z,84.0,Charge 5
2024-02-03T23:00:56Z,83.0,Charge 5
2024-02-03T23:01:01Z,84.0,Charge 5
2024-02-03T23:01:11Z,83.0,Charge 5
2024-02-03T23:01:16Z,82.0,Charge 5
2024-02-03T23:01:26Z,81.0,Charge 5
2024-02-03T23:01:41Z,80.0,Charge 5
2024-02-03T23:01:46Z,81.0,Charge 5
2024-02-03T23:01:51Z,82.0,Charge 5
2024-02-03T23:01:56Z,84.0,Charge 5
2024-02-03T23:02:06Z,83.0,Charge 5
2024-02-03T23:02:11Z,80.0,Charge 5
2024-02-03T23:02:21Z,81.0,Charge 5
2024-02-03T23:02:36Z,81.0,Charge 5
2024-02-03T23:02:41Z,80.0,Charge 5
2024-02-03T23:02:56Z,80.0,Charge 5
2024-02-03T23:03:01Z,82.0,Charge 5
2024-02-03T23:03:06Z,81.0,Charge 5
2024-02-03T23:03:11Z,82.0,Charge 5
2024-02-03T23:03:26Z,82.0,Charge 5
2024-02-03T23:03:36Z,83.0,Charge 5
2024-02-03T23:03:41Z,84.0,Charge 5
2024-02-03T23:03:51Z,83.0,Charge 5
2024-02-03T23:04:06Z,83.0,Charge 5
2024-02-03T23:04:11Z,82.0,Charge 5
2024-02-03T23:04:26Z,83.0,Charge 5
2024-02-03T23:04:41Z,83.0,Charge 5
2024-02-03T23:04:51Z,82.0,Charge 5
2024-02-03T23:04:56Z,83.0,Charge 5
2024-02-03T23:05:01Z,82.0,Charge 5
2024-02-03T23:05:06Z,80.0,Charge 5
2024-02-03T23:05:11Z,81.0,Charge 5
2024-02-03T23:05:16Z,80.0,Charge 5
2024-02-03T23:05:21Z,81.0,Charge 5
2024-02-03T23:05:26Z,83.0,Charge 5
2024-02-03T23:05:31Z,85.0,Charge 5
2024-02-03T23:05:41Z,83.0,Charge 5
2024-02-03T23:05:56Z,84.0,Charge 5
2024-02-03T23:06:01Z,83.0,Charge 5
2024-02-03T23:06:06Z,81.0,Charge 5
2024-02-03T23:06:21Z,81.0,Charge 5
2024-02-03T23:06:26Z,82.0,Charge 5
2024-02-03T23:06:36Z,83.0,Charge 5
2024-02-03T23:06:46Z,82.0,Charge 5
2024-02-03T23:06:51Z,81.0,Charge 5
2024-02-03T23:06:56Z,80.0,Charge 5
2024-02-03T23:07:02Z,80.0,Charge 5
2024-02-03T23:07:17Z,80.0,Charge 5
2024-02-03T23:07:22Z,81.0,Charge 5
2024-02-03T23:07:27Z,80.0,Charge 5
2024-02-03T23:07:42Z,79.0,Charge 5
2024-02-03T23:07:57Z,78.0,Charge 5
2024-02-03T23:08:02Z,79.0,Charge 5
2024-02-03T23:08:12Z,80.0,Charge 5
2024-02-03T23:08:27Z,80.0,Charge 5
2024-02-03T23:08:42Z,79.0,Charge 5
2024-02-03T23:08:52Z,78.0,Charge 5
2024-02-03T23:08:57Z,79.0,Charge 5
2024-02-03T23:09:02Z,80.0,Charge 5
2024-02-03T23:09:07Z,81.0,Charge 5
2024-02-03T23:09:12Z,80.0,Charge 5
2024-02-03T23:09:27Z,81.0,Charge 5
2024-02-03T23:09:42Z,80.0,Charge 5
2024-02-03T23:09:52Z,82.0,Charge 5
2024-02-03T23:09:57Z,83.0,Charge 5
2024-02-03T23:10:07Z,81.0,Charge 5
2024-02-03T23:10:12Z,80.0,Charge 5
2024-02-03T23:10:17Z,79.0,Charge 5
2024-02-03T23:10:22Z,80.0,Charge 5
2024-02-03T23:10:32Z,81.0,Charge 5
2024-02-03T23:10:37Z,80.0,Charge 5
2024-02-03T23:10:42Z,79.0,Charge 5
2024-02-03T23:10:57Z,78.0,Charge 5
2024-02-03T23:11:02Z,78.0,Charge 5
2024-02-03T23:11:07Z,80.0,Charge 5
2024-02-03T23:11:12Z,82.0,Charge 5
2024-02-03T23:11:27Z,81.0,Charge 5
2024-02-03T23:11:37Z,80.0,Charge 5
2024-02-03T23:11:52Z,79.0,Charge 5
2024-02-03T23:11:57Z,80.0,Charge 5
2024-02-03T23:12:02Z,79.0,Charge 5
2024-02-03T23:12:12Z,77.0,Charge 5
2024-02-03T23:12:17Z,78.0,Charge 5
2024-02-03T23:12:22Z,79.0,Charge 5
2024-02-03T23:12:27Z,80.0,Charge 5
2024-02-03T23:12:32Z,79.0,Charge 5
2024-02-03T23:12:42Z,80.0,Charge 5
2024-02-03T23:12:52Z,79.0,Charge 5
2024-02-03T23:12:57Z,80.0,Charge 5
2024-02-03T23:13:02Z,82.0,Charge 5
2024-02-03T23:13:07Z,81.0,Charge 5
2024-02-03T23:13:12Z,80.0,Charge 5
2024-02-03T23:13:17Z,79.0,Charge 5
2024-02-03T23:13:22Z,80.0,Charge 5
2024-02-03T23:13:27Z,81.0,Charge 5
2024-02-03T23:13:37Z,80.0,Charge 5
2024-02-03T23:13:52Z,80.0,Charge 5
2024-02-03T23:14:07Z,79.0,Charge 5
2024-02-03T23:14:12Z,78.0,Charge 5
2024-02-03T23:14:17Z,79.0,Charge 5
2024-02-03T23:14:22Z,80.0,Charge 5
2024-02-03T23:14:27Z,79.0,Charge 5
2024-02-03T23:14:32Z,78.0,Charge 5
2024-02-03T23:14:42Z,79.0,Charge 5
2024-02-03T23:14:47Z,80.0,Charge 5
2024-02-03T23:15:02Z,81.0,Charge 5
2024-02-03T23:15:07Z,80.0,Charge 5
2024-02-03T23:15:12Z,79.0,Charge 5
2024-02-03T23:15:22Z,80.0,Charge 5
2024-02-03T23:15:27Z,79.0,Charge 5
2024-02-03T23:15:32Z,78.0,Charge 5
2024-02-03T23:15:37Z,79.0,Charge 5
2024-02-03T23:15:47Z,80.0,Charge 5
2024-02-03T23:15:52Z,79.0,Charge 5
2024-02-03T23:16:02Z,80.0,Charge 5
2024-02-03T23:16:12Z,81.0,Charge 5
2024-02-03T23:16:27Z,78.0,Charge 5
2024-02-03T23:16:37Z,77.0,Charge 5
2024-02-03T23:16:42Z,78.0,Charge 5
2024-02-03T23:16:47Z,80.0,Charge 5
2024-02-03T23:16:52Z,79.0,Charge 5
2024-02-03T23:16:57Z,78.0,Charge 5
2024-02-03T23:17:02Z,77.0,Charge 5
2024-02-03T23:17:07Z,76.0,Charge 5
2024-02-03T23:17:12Z,78.0,Charge 5
2024-02-03T23:17:17Z,79.0,Charge 5
2024-02-03T23:17:27Z,78.0,Charge 5
2024-02-03T23:17:32Z,78.0,Charge 5
2024-02-03T23:17:37Z,79.0,Charge 5
2024-02-03T23:17:47Z,80.0,Charge 5
2024-02-03T23:17:52Z,79.0,Charge 5
2024-02-03T23:18:07Z,79.0,Charge 5
2024-02-03T23:18:12Z,80.0,Charge 5
2024-02-03T23:18:22Z,81.0,Charge 5
2024-02-03T23:18:27Z,80.0,Charge 5
2024-02-03T23:18:32Z,79.0,Charge 5
2024-02-03T23:18:37Z,81.0,Charge 5
2024-02-03T23:18:52Z,81.0,Charge 5
2024-02-03T23:18:57Z,79.0,Charge 5
2024-02-03T23:19:02Z,77.0,Charge 5
2024-02-03T23:19:17Z,79.0,Charge 5
2024-02-03T23:19:22Z,80.0,Charge 5
2024-02-03T23:19:37Z,79.0,Charge 5
2024-02-03T23:19:42Z,78.0,Charge 5
2024-02-03T23:19:47Z,79.0,Charge 5
2024-02-03T23:20:02Z,79.0,Charge 5
2024-02-03T23:20:07Z,78.0,Charge 5
2024-02-03T23:20:17Z,79.0,Charge 5
2024-02-03T23:20:22Z,80.0,Charge 5
2024-02-03T23:20:32Z,79.0,Charge 5
2024-02-03T23:20:47Z,78.0,Charge 5
2024-02-03T23:20:52Z,79.0,Charge 5
2024-02-03T23:20:57Z,80.0,Charge 5
2024-02-03T23:21:07Z,79.0,Charge 5
2024-02-03T23:21:12Z,78.0,Charge 5
2024-02-03T23:21:22Z,77.0,Charge 5
2024-02-03T23:21:27Z,78.0,Charge 5
2024-02-03T23:21:32Z,80.0,Charge 5
2024-02-03T23:21:37Z,81.0,Charge 5
2024-02-03T23:21:52Z,80.0,Charge 5
2024-02-03T23:22:02Z,83.0,Charge 5
2024-02-03T23:22:09Z,82.0,Charge 5
2024-02-03T23:22:19Z,83.0,Charge 5
2024-02-03T23:22:29Z,82.0,Charge 5
2024-02-03T23:22:34Z,80.0,Charge 5
2024-02-03T23:22:44Z,81.0,Charge 5
2024-02-03T23:22:59Z,82.0,Charge 5
2024-02-03T23:23:04Z,83.0,Charge 5
2024-02-03T23:23:19Z,82.0,Charge 5
2024-02-03T23:23:24Z,81.0,Charge 5
2024-02-03T23:23:34Z,80.0,Charge 5
2024-02-03T23:23:39Z,82.0,Charge 5
2024-02-03T23:23:49Z,81.0,Charge 5
2024-02-03T23:23:54Z,82.0,Charge 5
2024-02-03T23:24:04Z,83.0,Charge 5
2024-02-03T23:24:09Z,82.0,Charge 5
2024-02-03T23:24:19Z,81.0,Charge 5
2024-02-03T23:24:24Z,80.0,Charge 5
2024-02-03T23:24:39Z,81.0,Charge 5
2024-02-03T23:24:44Z,80.0,Charge 5
2024-02-03T23:24:49Z,79.0,Charge 5
2024-02-03T23:24:54Z,80.0,Charge 5
2024-02-03T23:24:59Z,81.0,Charge 5
2024-02-03T23:25:14Z,79.0,Charge 5
2024-02-03T23:25:24Z,77.0,Charge 5
2024-02-03T23:25:29Z,76.0,Charge 5
2024-02-03T23:25:34Z,77.0,Charge 5
2024-02-03T23:25:39Z,78.0,Charge 5
2024-02-03T23:25:44Z,78.0,Charge 5
2024-02-03T23:25:49Z,80.0,Charge 5
2024-02-03T23:25:54Z,81.0,Charge 5
2024-02-03T23:25:59Z,80.0,Charge 5
2024-02-03T23:26:14Z,78.0,Charge 5
2024-02-03T23:26:19Z,77.0,Charge 5
2024-02-03T23:26:24Z,78.0,Charge 5
2024-02-03T23:26:34Z,79.0,Charge 5
2024-02-03T23:26:39Z,80.0,Charge 5
2024-02-03T23:26:44Z,81.0,Charge 5
2024-02-03T23:26:49Z,80.0,Charge 5
2024-02-03T23:26:54Z,78.0,Charge 5
2024-02-03T23:27:04Z,79.0,Charge 5
2024-02-03T23:27:09Z,80.0,Charge 5
2024-02-03T23:27:19Z,79.0,Charge 5
2024-02-03T23:27:29Z,80.0,Charge 5
2024-02-03T23:27:34Z,81.0,Charge 5
2024-02-03T23:27:49Z,82.0,Charge 5
2024-02-03T23:27:54Z,81.0,Charge 5
2024-02-03T23:27:59Z,80.0,Charge 5
2024-02-03T23:28:04Z,79.0,Charge 5
2024-02-03T23:28:09Z,80.0,Charge 5
2024-02-03T23:28:14Z,81.0,Charge 5
2024-02-03T23:28:19Z,82.0,Charge 5
2024-02-03T23:28:24Z,83.0,Charge 5
2024-02-03T23:28:29Z,82.0,Charge 5
2024-02-03T23:28:34Z,80.0,Charge 5
2024-02-03T23:28:39Z,80.0,Charge 5
2024-02-03T23:28:44Z,79.0,Charge 5
2024-02-03T23:28:49Z,78.0,Charge 5
2024-02-03T23:28:54Z,79.0,Charge 5
2024-02-03T23:28:59Z,80.0,Charge 5
2024-02-03T23:29:14Z,79.0,Charge 5
2024-02-03T23:29:29Z,80.0,Charge 5
2024-02-03T23:29:34Z,91.0,Charge 5
2024-02-03T23:29:39Z,96.0,Charge 5
2024-02-03T23:29:44Z,96.0,Charge 5
2024-02-03T23:29:49Z,93.0,Charge 5
2024-02-03T23:29:54Z,88.0,Charge 5
2024-02-03T23:29:59Z,85.0,Charge 5
2024-02-03T23:30:04Z,84.0,Charge 5
2024-02-03T23:30:09Z,82.0,Charge 5
2024-02-03T23:30:14Z,81.0,Charge 5
2024-02-03T23:30:19Z,79.0,Charge 5
2024-02-03T23:30:29Z,80.0,Charge 5
2024-02-03T23:30:39Z,79.0,Charge 5
2024-02-03T23:30:44Z,78.0,Charge 5
2024-02-03T23:30:59Z,77.0,Charge 5
2024-02-03T23:31:04Z,78.0,Charge 5
2024-02-03T23:31:09Z,79.0,Charge 5
2024-02-03T23:31:14Z,78.0,Charge 5
2024-02-03T23:31:24Z,77.0,Charge 5
2024-02-03T23:31:34Z,79.0,Charge 5
2024-02-03T23:31:39Z,82.0,Charge 5
2024-02-03T23:31:44Z,86.0,Charge 5
2024-02-03T23:31:49Z,88.0,Charge 5
2024-02-03T23:31:54Z,85.0,Charge 5
2024-02-03T23:31:59Z,82.0,Charge 5
2024-02-03T23:32:04Z,80.0,Charge 5
2024-02-03T23:32:09Z,78.0,Charge 5
2024-02-03T23:32:14Z,77.0,Charge 5
2024-02-03T23:32:24Z,78.0,Charge 5
2024-02-03T23:32:29Z,79.0,Charge 5
2024-02-03T23:32:34Z,80.0,Charge 5
2024-02-03T23:32:39Z,78.0,Charge 5
2024-02-03T23:32:44Z,79.0,Charge 5
2024-02-03T23:32:49Z,78.0,Charge 5
2024-02-03T23:32:54Z,77.0,Charge 5
2024-02-03T23:33:04Z,78.0,Charge 5
2024-02-03T23:33:09Z,79.0,Charge 5
2024-02-03T23:33:19Z,78.0,Charge 5
2024-02-03T23:33:34Z,79.0,Charge 5
2024-02-03T23:33:44Z,77.0,Charge 5
2024-02-03T23:33:59Z,76.0,Charge 5
2024-02-03T23:34:14Z,77.0,Charge 5
2024-02-03T23:34:19Z,78.0,Charge 5
2024-02-03T23:34:24Z,79.0,Charge 5
2024-02-03T23:34:29Z,80.0,Charge 5
2024-02-03T23:34:34Z,79.0,Charge 5
2024-02-03T23:34:39Z,78.0,Charge 5
2024-02-03T23:34:44Z,77.0,Charge 5
2024-02-03T23:34:49Z,78.0,Charge 5
2024-02-03T23:34:54Z,79.0,Charge 5
2024-02-03T23:34:59Z,80.0,Charge 5
2024-02-03T23:35:04Z,79.0,Charge 5
2024-02-03T23:35:09Z,78.0,Charge 5
2024-02-03T23:35:19Z,77.0,Charge 5
2024-02-03T23:35:29Z,76.0,Charge 5
2024-02-03T23:35:39Z,77.0,Charge 5
2024-02-03T23:35:49Z,76.0,Charge 5
2024-02-03T23:35:54Z,77.0,Charge 5
2024-02-03T23:36:04Z,78.0,Charge 5
2024-02-03T23:36:09Z,77.0,Charge 5
2024-02-03T23:36:19Z,76.0,Charge 5
2024-02-03T23:36:24Z,74.0,Charge 5
2024-02-03T23:36:29Z,75.0,Charge 5
2024-02-03T23:36:39Z,76.0,Charge 5
2024-02-03T23:36:44Z,77.0,Charge 5
2024-02-03T23:36:54Z,79.0,Charge 5
2024-02-03T23:36:59Z,80.0,Charge 5
2024-02-03T23:37:04Z,79.0,Charge 5
2024-02-03T23:37:09Z,77.0,Charge 5
2024-02-03T23:37:16Z,76.0,Charge 5
2024-02-03T23:37:21Z,77.0,Charge 5
2024-02-03T23:37:26Z,78.0,Charge 5
2024-02-03T23:37:31Z,77.0,Charge 5
2024-02-03T23:37:41Z,78.0,Charge 5
2024-02-03T23:37:46Z,79.0,Charge 5
2024-02-03T23:37:51Z,78.0,Charge 5
2024-02-03T23:38:06Z,78.0,Charge 5
2024-02-03T23:38:16Z,77.0,Charge 5
2024-02-03T23:38:21Z,76.0,Charge 5
2024-02-03T23:38:31Z,77.0,Charge 5
2024-02-03T23:38:46Z,76.0,Charge 5
2024-02-03T23:39:01Z,77.0,Charge 5
2024-02-03T23:39:11Z,78.0,Charge 5
2024-02-03T23:39:26Z,78.0,Charge 5
2024-02-03T23:39:41Z,78.0,Charge 5
2024-02-03T23:39:51Z,77.0,Charge 5
2024-02-03T23:40:01Z,78.0,Charge 5
2024-02-03T23:40:06Z,79.0,Charge 5
2024-02-03T23:40:16Z,78.0,Charge 5
2024-02-03T23:40:21Z,77.0,Charge 5
2024-02-03T23:40:36Z,77.0,Charge 5
2024-02-03T23:40:46Z,76.0,Charge 5
2024-02-03T23:41:01Z,76.0,Charge 5
2024-02-03T23:41:06Z,77.0,Charge 5
2024-02-03T23:41:16Z,78.0,Charge 5
2024-02-03T23:41:26Z,77.0,Charge 5
2024-02-03T23:41:31Z,76.0,Charge 5
2024-02-03T23:41:41Z,77.0,Charge 5
2024-02-03T23:41:46Z,78.0,Charge 5
2024-02-03T23:41:51Z,80.0,Charge 5
2024-02-03T23:42:01Z,79.0,Charge 5
2024-02-03T23:42:06Z,77.0,Charge 5
2024-02-03T23:42:21Z,78.0,Charge 5
2024-02-03T23:42:26Z,77.0,Charge 5
2024-02-03T23:42:41Z,77.0,Charge 5
2024-02-03T23:42:46Z,78.0,Charge 5
2024-02-03T23:42:56Z,79.0,Charge 5
2024-02-03T23:43:06Z,77.0,Charge 5
2024-02-03T23:43:21Z,76.0,Charge 5
2024-02-03T23:43:26Z,77.0,Charge 5
2024-02-03T23:43:31Z,76.0,Charge 5
2024-02-03T23:43:41Z,77.0,Charge 5
2024-02-03T23:43:56Z,77.0,Charge 5
2024-02-03T23:44:01Z,76.0,Charge 5
2024-02-03T23:44:16Z,77.0,Charge 5
2024-02-03T23:44:31Z,78.0,Charge 5
2024-02-03T23:44:41Z,79.0,Charge 5
2024-02-03T23:44:51Z,78.0,Charge 5
2024-02-03T23:44:56Z,76.0,Charge 5
2024-02-03T23:45:01Z,75.0,Charge 5
2024-02-03T23:45:11Z,76.0,Charge 5
2024-02-03T23:45:16Z,78.0,Charge 5
2024-02-03T23:45:21Z,79.0,Charge 5
2024-02-03T23:45:26Z,77.0,Charge 5
2024-02-03T23:45:41Z,77.0,Charge 5
2024-02-03T23:45:56Z,77.0,Charge 5
2024-02-03T23:46:06Z,78.0,Charge 5
2024-02-03T23:46:11Z,77.0,Charge 5
2024-02-03T23:46:26Z,77.0,Charge 5
2024-02-03T23:46:41Z,77.0,Charge 5
2024-02-03T23:46:51Z,76.0,Charge 5
2024-02-03T23:47:06Z,77.0,Charge 5
2024-02-03T23:47:21Z,77.0,Charge 5
2024-02-03T23:47:31Z,76.0,Charge 5
2024-02-03T23:47:36Z,75.0,Charge 5
2024-02-03T23:47:46Z,76.0,Charge 5
2024-02-03T23:47:56Z,77.0,Charge 5
2024-02-03T23:48:06Z,76.0,Charge 5
2024-02-03T23:48:11Z,75.0,Charge 5
2024-02-03T23:48:21Z,76.0,Charge 5
2024-02-03T23:48:26Z,77.0,Charge 5
2024-02-03T23:48:36Z,76.0,Charge 5
2024-02-03T23:48:41Z,75.0,Charge 5
2024-02-03T23:48:46Z,76.0,Charge 5
2024-02-03T23:48:51Z,77.0,Charge 5
2024-02-03T23:48:56Z,78.0,Charge 5
2024-02-03T23:49:11Z,78.0,Charge 5
2024-02-03T23:49:26Z,77.0,Charge 5
2024-02-03T23:49:41Z,76.0,Charge 5
2024-02-03T23:49:56Z,77.0,Charge 5
2024-02-03T23:50:01Z,76.0,Charge 5
2024-02-03T23:50:16Z,75.0,Charge 5
2024-02-03T23:50:26Z,76.0,Charge 5
2024-02-03T23:50:41Z,76.0,Charge 5
2024-02-03T23:50:56Z,77.0,Charge 5
2024-02-03T23:51:01Z,78.0,Charge 5
2024-02-03T23:51:16Z,78.0,Charge 5
2024-02-03T23:51:21Z,77.0,Charge 5
2024-02-03T23:51:36Z,76.0,Charge 5
2024-02-03T23:51:46Z,77.0,Charge 5
2024-02-03T23:51:51Z,76.0,Charge 5
2024-02-03T23:52:06Z,75.0,Charge 5
2024-02-03T23:52:11Z,74.0,Charge 5
2024-02-03T23:52:18Z,74.0,Charge 5
2024-02-03T23:52:28Z,76.0,Charge 5
2024-02-03T23:52:33Z,77.0,Charge 5
2024-02-03T23:52:38Z,78.0,Charge 5
2024-02-03T23:52:43Z,77.0,Charge 5
2024-02-03T23:52:58Z,78.0,Charge 5
2024-02-03T23:53:13Z,78.0,Charge 5
2024-02-03T23:53:23Z,77.0,Charge 5
2024-02-03T23:53:28Z,76.0,Charge 5
2024-02-03T23:53:33Z,77.0,Charge 5
2024-02-03T23:53:43Z,78.0,Charge 5
2024-02-03T23:53:48Z,77.0,Charge 5
2024-02-03T23:54:03Z,77.0,Charge 5
2024-02-03T23:54:08Z,78.0,Charge 5
2024-02-03T23:54:23Z,76.0,Charge 5
2024-02-03T23:54:33Z,77.0,Charge 5
2024-02-03T23:54:38Z,78.0,Charge 5
2024-02-03T23:54:48Z,77.0,Charge 5
2024-02-03T23:54:58Z,76.0,Charge 5
2024-02-03T23:55:13Z,77.0,Charge 5
2024-02-03T23:55:18Z,78.0,Charge 5
2024-02-03T23:55:23Z,77.0,Charge 5
2024-02-03T23:55:28Z,76.0,Charge 5
2024-02-03T23:55:43Z,75.0,Charge 5
2024-02-03T23:55:53Z,76.0,Charge 5
2024-02-03T23:55:58Z,77.0,Charge 5
2024-02-03T23:56:08Z,76.0,Charge 5
2024-02-03T23:56:13Z,76.0,Charge 5
2024-02-03T23:56:28Z,77.0,Charge 5
2024-02-03T23:56:43Z,78.0,Charge 5
2024-02-03T23:56:53Z,79.0,Charge 5
2024-02-03T23:56:58Z,85.0,Charge 5
2024-02-03T23:57:03Z,86.0,Charge 5
2024-02-03T23:57:08Z,93.0,Charge 5
2024-02-03T23:57:13Z,96.0,Charge 5
2024-02-03T23:57:18Z,91.0,Charge 5
2024-02-03T23:57:23Z,85.0,Charge 5
2024-02-03T23:57:28Z,83.0,Charge 5
2024-02-03T23:57:38Z,80.0,Charge 5
2024-02-03T23:57:43Z,79.0,Charge 5
2024-02-03T23:57:48Z,78.0,Charge 5
2024-02-03T23:58:03Z,79.0,Charge 5
2024-02-03T23:58:13Z,80.0,Charge 5
2024-02-03T23:58:18Z,81.0,Charge 5
2024-02-03T23:58:23Z,80.0,Charge 5
2024-02-03T23:58:33Z,81.0,Charge 5
2024-02-03T23:58:38Z,82.0,Charge 5
2024-02-03T23:58:43Z,82.0,Charge 5
2024-02-03T23:58:48Z,81.0,Charge 5
2024-02-03T23:58:53Z,79.0,Charge 5
2024-02-03T23:58:58Z,80.0,Charge 5
2024-02-03T23:59:03Z,82.0,Charge 5
2024-02-03T23:59:08Z,83.0,Charge 5
2024-02-03T23:59:18Z,80.0,Charge 5
2024-02-03T23:59:23Z,79.0,Charge 5
2024-02-03T23:59:28Z,80.0,Charge 5
2024-02-03T23:59:33Z,81.0,Charge 5
2024-02-03T23:59:38Z,80.0,Charge 5
2024-02-03T23:59:53Z,80.0,Charge 5
