timestamp,root mean square of successive differences milliseconds,standard deviation milliseconds,data source
2021-05-01T01:00:00Z,11.989,0.0,Fitbit App
2021-05-01T01:05:00Z,14.882,0.0,Fitbit App
2021-05-01T01:10:00Z,23.894,0.0,Fitbit App
2021-05-01T01:15:00Z,24.855,0.0,Fitbit App
2021-05-01T01:20:00Z,22.25,0.0,Fitbit App
2021-05-01T01:25:00Z,24.061,0.0,Fitbit App
2021-05-01T01:30:00Z,22.821,0.0,Fitbit App
2021-05-01T01:35:00Z,21.023,0.0,Fitbit App
2021-05-01T01:40:00Z,23.129,0.0,Fitbit App
2021-05-01T01:45:00Z,23.396,0.0,Fitbit App
2021-05-01T01:50:00Z,24.389,0.0,Fitbit App
2021-05-01T01:55:00Z,22.816,0.0,Fitbit App
2021-05-01T02:00:00Z,25.053,0.0,Fitbit App
2021-05-01T02:05:00Z,27.959,0.0,Fitbit App
2021-05-01T02:10:00Z,24.091,0.0,Fitbit App
2021-05-01T02:15:00Z,22.657,0.0,Fitbit App
2021-05-01T02:20:00Z,17.436,0.0,Fitbit App
2021-05-01T02:25:00Z,18.693,0.0,Fitbit App
2021-05-01T02:30:00Z,17.483,0.0,Fitbit App
2021-05-01T02:35:00Z,19.593,0.0,Fitbit App
2021-05-01T02:40:00Z,17.836,0.0,Fitbit App
2021-05-01T02:45:00Z,21.202,0.0,Fitbit App
2021-05-01T02:50:00Z,14.719,0.0,Fitbit App
2021-05-01T02:55:00Z,15.109,0.0,Fitbit App
2021-05-01T03:00:00Z,18.271,0.0,Fitbit App
2021-05-01T03:05:00Z,16.665,0.0,Fitbit App
2021-05-01T03:10:00Z,16.736,0.0,Fitbit App
2021-05-01T03:15:00Z,14.671,0.0,Fitbit App
2021-05-01T03:20:00Z,13.812,0.0,Fitbit App
2021-05-01T03:25:00Z,14.01,0.0,Fitbit App
2021-05-01T03:30:00Z,17.816,0.0,Fitbit App
2021-05-01T03:35:00Z,16.807,0.0,Fitbit App
2021-05-01T03:40:00Z,16.591,0.0,Fitbit App
2021-05-01T03:45:00Z,21.806,0.0,Fitbit App
2021-05-01T03:50:00Z,17.814,0.0,Fitbit App
2021-05-01T03:55:00Z,22.965,0.0,Fitbit App
2021-05-01T04:00:00Z,14.998,0.0,Fitbit App
2021-05-01T04:05:00Z,20.031,0.0,Fitbit App
2021-05-01T04:10:00Z,14.355,0.0,Fitbit App
2021-05-01T04:15:00Z,26.09,0.0,Fitbit App
2021-05-01T04:20:00Z,19.877,0.0,Fitbit App
2021-05-01T04:25:00Z,26.264,0.0,Fitbit App
2021-05-01T04:30:00Z,18.695,0.0,Fitbit App
2021-05-01T04:35:00Z,29.416,0.0,Fitbit App
2021-05-01T04:40:00Z,29.197,0.0,Fitbit App
2021-05-01T04:45:00Z,27.162,0.0,Fitbit App
2021-05-01T04:50:00Z,25.58,0.0,Fitbit App
2021-05-01T04:55:00Z,25.415,0.0,Fitbit App
2021-05-01T05:00:00Z,27.066,0.0,Fitbit App
2021-05-01T05:05:00Z,28.947,0.0,Fitbit App
2021-05-01T05:10:00Z,25.094,0.0,Fitbit App
2021-05-01T05:15:00Z,29.154,0.0,Fitbit App
2021-05-01T05:20:00Z,23.042,0.0,Fitbit App
2021-05-01T05:25:00Z,30.087,0.0,Fitbit App
2021-05-01T05:30:00Z,26.94,0.0,Fitbit App
2021-05-01T05:35:00Z,25.025,0.0,Fitbit App
2021-05-01T05:40:00Z,20.567,0.0,Fitbit App
2021-05-01T05:45:00Z,27.993,0.0,Fitbit App
2021-05-01T05:50:00Z,27.151,0.0,Fitbit App
2021-05-01T05:55:00Z,16.829,0.0,Fitbit App
2021-05-01T06:00:00Z,24.193,0.0,Fitbit App
2021-05-01T06:05:00Z,25.038,0.0,Fitbit App
2021-05-01T06:10:00Z,24.02,0.0,Fitbit App
2021-05-01T06:15:00Z,26.812,0.0,Fitbit App
2021-05-01T06:20:00Z,22.501,0.0,Fitbit App
2021-05-01T06:25:00Z,26.384,0.0,Fitbit App
2021-05-01T06:30:00Z,26.982,0.0,Fitbit App
2021-05-01T06:35:00Z,26.808,0.0,Fitbit App
2021-05-01T06:40:00Z,27.394,0.0,Fitbit App
2021-05-01T06:45:00Z,22.345,0.0,Fitbit App
2021-05-01T06:50:00Z,21.869,0.0,Fitbit App
2021-05-01T06:55:00Z,21.401,0.0,Fitbit App
2021-05-01T07:00:00Z,22.973,0.0,Fitbit App
2021-05-01T07:05:00Z,24.507,0.0,Fitbit App
2021-05-01T07:10:00Z,29.046,0.0,Fitbit App
2021-05-01T07:15:00Z,27.799,0.0,Fitbit App
2021-05-01T07:20:00Z,28.312,0.0,Fitbit App
2021-05-01T07:25:00Z,27.55,0.0,Fitbit App
2021-05-01T07:30:00Z,22.735,0.0,Fitbit App
2021-05-01T07:35:00Z,21.044,0.0,Fitbit App
2021-05-01T07:40:00Z,21.624,0.0,Fitbit App
2021-05-01T07:45:00Z,19.938,0.0,Fitbit App
2021-05-01T07:50:00Z,21.929,0.0,Fitbit App
2021-05-01T07:55:00Z,26.514,0.0,Fitbit App
2021-05-01T08:00:00Z,22.689,0.0,Fitbit App
2021-05-01T08:05:00Z,24.714,0.0,Fitbit App
2021-05-02T01:05:00Z,15.296,0.0,Fitbit App
2021-05-02T01:10:00Z,22.52,0.0,Fitbit App
2021-05-02T01:15:00Z,24.918,0.0,Fitbit App
2021-05-02T01:20:00Z,23.542,0.0,Fitbit App
2021-05-02T01:25:00Z,19.274,0.0,Fitbit App
2021-05-02T01:30:00Z,19.007,0.0,Fitbit App
2021-05-02T01:35:00Z,26.222,0.0,Fitbit App
2021-05-02T01:40:00Z,25.313,0.0,Fitbit App
2021-05-02T01:45:00Z,23.832,0.0,Fitbit App
2021-05-02T01:50:00Z,26.14,0.0,Fitbit App
2021-05-02T01:55:00Z,20.83,0.0,Fitbit App
2021-05-02T02:00:00Z,22.388,0.0,Fitbit App
2021-05-02T02:05:00Z,18.219,0.0,Fitbit App
2021-05-02T02:10:00Z,11.618,0.0,Fitbit App
2021-05-02T02:15:00Z,14.669,0.0,Fitbit App
2021-05-02T02:20:00Z,13.492,0.0,Fitbit App
2021-05-02T02:25:00Z,13.333,0.0,Fitbit App
2021-05-02T02:30:00Z,15.333,0.0,Fitbit App
2021-05-02T02:35:00Z,15.754,0.0,Fitbit App
2021-05-02T02:40:00Z,13.847,0.0,Fitbit App
2021-05-02T02:45:00Z,11.643,0.0,Fitbit App
2021-05-02T02:50:00Z,12.633,0.0,Fitbit App
2021-05-02T02:55:00Z,11.933,0.0,Fitbit App
2021-05-02T03:00:00Z,11.782,0.0,Fitbit App
2021-05-02T03:05:00Z,11.805,0.0,Fitbit App
2021-05-02T03:10:00Z,14.649,0.0,Fitbit App
2021-05-02T03:15:00Z,16.188,0.0,Fitbit App
2021-05-02T03:20:00Z,14.716,0.0,Fitbit App
2021-05-02T03:25:00Z,16.915,0.0,Fitbit App
2021-05-02T03:30:00Z,22.734,0.0,Fitbit App
2021-05-02T03:35:00Z,19.358,0.0,Fitbit App
2021-05-02T03:40:00Z,13.629,0.0,Fitbit App
2021-05-02T03:45:00Z,14.724,0.0,Fitbit App
2021-05-02T03:50:00Z,14.443,0.0,Fitbit App
2021-05-02T03:55:00Z,12.325,0.0,Fitbit App
2021-05-02T04:00:00Z,13.262,0.0,Fitbit App
2021-05-02T04:05:00Z,16.851,0.0,Fitbit App
2021-05-02T04:10:00Z,17.026,0.0,Fitbit App
2021-05-02T04:15:00Z,17.502,0.0,Fitbit App
2021-05-02T04:20:00Z,17.957,0.0,Fitbit App
2021-05-02T04:25:00Z,22.415,0.0,Fitbit App
2021-05-02T04:30:00Z,20.579,0.0,Fitbit App
2021-05-02T04:35:00Z,20.99,0.0,Fitbit App
2021-05-02T04:40:00Z,18.712,0.0,Fitbit App
2021-05-02T04:45:00Z,26.332,0.0,Fitbit App
2021-05-02T04:50:00Z,21.586,0.0,Fitbit App
2021-05-02T04:55:00Z,21.726,0.0,Fitbit App
2021-05-02T05:00:00Z,26.1,0.0,Fitbit App
2021-05-02T05:05:00Z,21.354,0.0,Fitbit App
2021-05-02T05:10:00Z,14.172,0.0,Fitbit App
2021-05-02T05:15:00Z,16.062,0.0,Fitbit App
2021-05-02T05:20:00Z,16.752,0.0,Fitbit App
2021-05-02T05:25:00Z,14.808,0.0,Fitbit App
2021-05-02T05:30:00Z,16.977,0.0,Fitbit App
2021-05-02T05:35:00Z,12.639,0.0,Fitbit App
2021-05-02T05:40:00Z,23.781,0.0,Fitbit App
2021-05-02T05:45:00Z,22.06,0.0,Fitbit App
2021-05-02T05:50:00Z,21.985,0.0,Fitbit App
2021-05-02T05:55:00Z,21.952,0.0,Fitbit App
2021-05-02T06:00:00Z,21.719,0.0,Fitbit App
2021-05-02T06:05:00Z,17.237,0.0,Fitbit App
2021-05-02T06:10:00Z,15.078,0.0,Fitbit App
2021-05-02T06:15:00Z,16.402,0.0,Fitbit App
2021-05-02T06:20:00Z,29.488,0.0,Fitbit App
2021-05-02T06:25:00Z,27.261,0.0,Fitbit App
2021-05-02T06:30:00Z,23.595,0.0,Fitbit App
2021-05-02T06:35:00Z,26.685,0.0,Fitbit App
2021-05-02T06:40:00Z,26.376,0.0,Fitbit App
2021-05-02T06:45:00Z,25.114,0.0,Fitbit App
2021-05-02T06:50:00Z,26.238,0.0,Fitbit App
2021-05-02T06:55:00Z,24.536,0.0,Fitbit App
2021-05-02T07:00:00Z,20.559,0.0,Fitbit App
2021-05-02T07:05:00Z,20.417,0.0,Fitbit App
2021-05-02T07:10:00Z,23.872,0.0,Fitbit App
2021-05-02T07:15:00Z,18.733,0.0,Fitbit App
2021-05-02T07:20:00Z,23.531,0.0,Fitbit App
2021-05-02T07:25:00Z,31.66,0.0,Fitbit App
2021-05-02T07:30:00Z,27.436,0.0,Fitbit App
2021-05-02T07:35:00Z,27.79,0.0,Fitbit App
2021-05-02T07:40:00Z,27.71,0.0,Fitbit App
2021-05-02T07:45:00Z,25.053,0.0,Fitbit App
2021-05-02T07:50:00Z,24.006,0.0,Fitbit App
2021-05-02T07:55:00Z,25.397,0.0,Fitbit App
2021-05-02T08:00:00Z,31.171,0.0,Fitbit App
2021-05-02T08:05:00Z,32.495,0.0,Fitbit App
2021-05-02T08:10:00Z,20.395,0.0,Fitbit App
2021-05-02T08:15:00Z,27.411,0.0,Fitbit App
2021-05-02T08:20:00Z,31.026,0.0,Fitbit App
2021-05-02T08:25:00Z,27.785,0.0,Fitbit App
2021-05-02T14:15:00Z,38.375,0.0,Fitbit App
2021-05-02T14:25:00Z,38.905,0.0,Fitbit App
2021-05-02T14:30:00Z,31.094,0.0,Fitbit App
2021-05-02T14:35:00Z,36.99,0.0,Fitbit App
2021-05-02T14:40:00Z,30.739,0.0,Fitbit App
2021-05-02T14:45:00Z,27.661,0.0,Fitbit App
2021-05-02T14:50:00Z,26.164,0.0,Fitbit App
2021-05-02T14:55:00Z,29.138,0.0,Fitbit App
2021-05-02T15:00:00Z,33.135,0.0,Fitbit App
2021-05-02T15:05:00Z,29.077,0.0,Fitbit App
2021-05-02T15:10:00Z,22.383,0.0,Fitbit App
2021-05-02T15:15:00Z,30.58,0.0,Fitbit App
2021-05-02T15:20:00Z,28.075,0.0,Fitbit App
2021-05-02T15:25:00Z,29.508,0.0,Fitbit App
2021-05-02T15:30:00Z,19.415,0.0,Fitbit App
2021-05-02T15:35:00Z,24.624,0.0,Fitbit App
2021-05-02T15:40:00Z,23.996,0.0,Fitbit App
2021-05-02T15:45:00Z,22.284,0.0,Fitbit App
2021-05-02T15:50:00Z,22.387,0.0,Fitbit App
2021-05-02T15:55:00Z,24.016,0.0,Fitbit App
2021-05-02T16:00:00Z,39.281,0.0,Fitbit App
2021-05-02T16:05:00Z,42.755,0.0,Fitbit App
2021-05-02T16:10:00Z,29.593,0.0,Fitbit App
2021-05-02T16:15:00Z,27.532,0.0,Fitbit App
2021-05-02T16:20:00Z,28.895,0.0,Fitbit App
2021-05-02T16:30:00Z,21.068,0.0,Fitbit App
2021-05-02T16:35:00Z,28.344,0.0,Fitbit App
2021-05-02T16:40:00Z,32.184,0.0,Fitbit App
2021-05-02T16:55:00Z,35.749,0.0,Fitbit App
2021-05-02T17:00:00Z,27.472,0.0,Fitbit App
2021-05-02T17:05:00Z,22.035,0.0,Fitbit App
2021-05-02T17:10:00Z,18.204,0.0,Fitbit App
2021-05-03T00:45:00Z,18.705,0.0,Fitbit App
2021-05-03T00:50:00Z,24.555,0.0,Fitbit App
2021-05-03T00:55:00Z,18.826,0.0,Fitbit App
2021-05-03T01:00:00Z,19.94,0.0,Fitbit App
2021-05-03T01:05:00Z,23.853,0.0,Fitbit App
2021-05-03T01:10:00Z,23.553,0.0,Fitbit App
2021-05-03T01:15:00Z,20.129,0.0,Fitbit App
2021-05-03T01:20:00Z,18.662,0.0,Fitbit App
2021-05-03T01:25:00Z,21.808,0.0,Fitbit App
2021-05-03T01:30:00Z,15.418,0.0,Fitbit App
2021-05-03T01:35:00Z,21.801,0.0,Fitbit App
2021-05-03T01:40:00Z,23.764,0.0,Fitbit App
2021-05-03T01:45:00Z,25.491,0.0,Fitbit App
2021-05-03T01:50:00Z,21.866,0.0,Fitbit App
2021-05-03T01:55:00Z,18.226,0.0,Fitbit App
2021-05-03T02:00:00Z,18.126,0.0,Fitbit App
2021-05-03T02:05:00Z,14.511,0.0,Fitbit App
2021-05-03T02:10:00Z,18.851,0.0,Fitbit App
2021-05-03T02:15:00Z,20.589,0.0,Fitbit App
2021-05-03T02:20:00Z,16.812,0.0,Fitbit App
2021-05-03T02:25:00Z,17.302,0.0,Fitbit App
2021-05-03T02:30:00Z,19.796,0.0,Fitbit App
2021-05-03T02:35:00Z,20.8,0.0,Fitbit App
2021-05-03T02:40:00Z,16.522,0.0,Fitbit App
2021-05-03T02:45:00Z,16.857,0.0,Fitbit App
2021-05-03T02:50:00Z,17.704,0.0,Fitbit App
2021-05-03T02:55:00Z,16.532,0.0,Fitbit App
2021-05-03T03:00:00Z,17.638,0.0,Fitbit App
2021-05-03T03:05:00Z,17.951,0.0,Fitbit App
2021-05-03T03:10:00Z,17.939,0.0,Fitbit App
2021-05-03T03:15:00Z,21.369,0.0,Fitbit App
2021-05-03T03:20:00Z,21.632,0.0,Fitbit App
2021-05-03T03:25:00Z,18.132,0.0,Fitbit App
2021-05-03T03:30:00Z,14.22,0.0,Fitbit App
2021-05-03T03:35:00Z,15.188,0.0,Fitbit App
2021-05-03T03:40:00Z,14.347,0.0,Fitbit App
2021-05-03T03:45:00Z,21.842,0.0,Fitbit App
2021-05-03T03:50:00Z,19.296,0.0,Fitbit App
2021-05-03T03:55:00Z,23.478,0.0,Fitbit App
2021-05-03T04:00:00Z,25.814,0.0,Fitbit App
2021-05-03T04:05:00Z,25.524,0.0,Fitbit App
2021-05-03T04:10:00Z,26.538,0.0,Fitbit App
2021-05-03T04:15:00Z,24.263,0.0,Fitbit App
2021-05-03T04:20:00Z,25.714,0.0,Fitbit App
2021-05-03T04:25:00Z,23.28,0.0,Fitbit App
2021-05-03T04:30:00Z,19.655,0.0,Fitbit App
2021-05-03T04:35:00Z,20.939,0.0,Fitbit App
2021-05-03T04:40:00Z,20.632,0.0,Fitbit App
2021-05-03T04:45:00Z,22.228,0.0,Fitbit App
2021-05-03T04:50:00Z,21.129,0.0,Fitbit App
2021-05-03T04:55:00Z,22.288,0.0,Fitbit App
2021-05-03T05:00:00Z,22.004,0.0,Fitbit App
2021-05-03T05:05:00Z,18.566,0.0,Fitbit App
2021-05-03T05:10:00Z,27.739,0.0,Fitbit App
2021-05-03T05:15:00Z,20.672,0.0,Fitbit App
2021-05-03T05:20:00Z,23.853,0.0,Fitbit App
2021-05-03T05:25:00Z,23.447,0.0,Fitbit App
2021-05-03T05:30:00Z,22.468,0.0,Fitbit App
2021-05-03T05:35:00Z,21.705,0.0,Fitbit App
2021-05-03T05:40:00Z,20.726,0.0,Fitbit App
2021-05-03T05:45:00Z,22.967,0.0,Fitbit App
2021-05-03T05:50:00Z,24.653,0.0,Fitbit App
2021-05-03T05:55:00Z,26.349,0.0,Fitbit App
2021-05-03T06:00:00Z,22.805,0.0,Fitbit App
2021-05-03T06:05:00Z,18.155,0.0,Fitbit App
2021-05-03T06:10:00Z,21.053,0.0,Fitbit App
2021-05-03T06:15:00Z,21.208,0.0,Fitbit App
2021-05-03T06:20:00Z,20.77,0.0,Fitbit App
2021-05-03T06:25:00Z,23.905,0.0,Fitbit App
2021-05-03T06:30:00Z,21.683,0.0,Fitbit App
2021-05-03T06:35:00Z,20.588,0.0,Fitbit App
2021-05-03T06:40:00Z,19.634,0.0,Fitbit App
2021-05-03T06:45:00Z,21.178,0.0,Fitbit App
2021-05-03T06:50:00Z,19.828,0.0,Fitbit App
2021-05-03T06:55:00Z,29.214,0.0,Fitbit App
2021-05-03T07:00:00Z,27.22,0.0,Fitbit App
2021-05-03T07:05:00Z,21.04,0.0,Fitbit App
2021-05-03T07:10:00Z,16.346,0.0,Fitbit App
2021-05-03T07:15:00Z,17.89,0.0,Fitbit App
2021-05-03T07:20:00Z,21.697,0.0,Fitbit App
2021-05-03T07:25:00Z,17.046,0.0,Fitbit App
2021-05-03T07:30:00Z,20.069,0.0,Fitbit App
2021-05-03T07:35:00Z,22.842,0.0,Fitbit App
2021-05-03T07:40:00Z,22.878,0.0,Fitbit App
2021-05-03T07:45:00Z,18.34,0.0,Fitbit App
2021-05-03T07:50:00Z,20.065,0.0,Fitbit App
2021-05-03T07:55:00Z,20.088,0.0,Fitbit App
2021-05-03T08:00:00Z,19.479,0.0,Fitbit App
2021-05-03T08:05:00Z,19.982,0.0,Fitbit App
2021-05-03T08:10:00Z,20.198,0.0,Fitbit App
2021-05-03T08:15:00Z,20.638,0.0,Fitbit App
2021-05-03T08:20:00Z,22.049,0.0,Fitbit App
2021-05-03T08:25:00Z,19.96,0.0,Fitbit App
2021-05-03T08:30:00Z,25.165,0.0,Fitbit App
2021-05-03T08:35:00Z,18.591,0.0,Fitbit App
2021-05-03T08:40:00Z,18.699,0.0,Fitbit App
2021-05-03T08:45:00Z,20.666,0.0,Fitbit App
2021-05-03T08:50:00Z,19.202,0.0,Fitbit App
2021-05-03T08:55:00Z,21.325,0.0,Fitbit App
2021-05-03T09:00:00Z,21.322,0.0,Fitbit App
2021-05-03T09:05:00Z,22.917,0.0,Fitbit App
2021-05-03T09:10:00Z,34.541,0.0,Fitbit App
2021-05-03T09:15:00Z,28.14,0.0,Fitbit App
2021-05-04T00:55:00Z,17.27,0.0,Fitbit App
2021-05-04T01:00:00Z,18.192,0.0,Fitbit App
2021-05-04T01:05:00Z,15.087,0.0,Fitbit App
2021-05-04T01:10:00Z,19.087,0.0,Fitbit App
2021-05-04T01:15:00Z,19.228,0.0,Fitbit App
2021-05-04T01:20:00Z,18.334,0.0,Fitbit App
2021-05-04T01:25:00Z,17.354,0.0,Fitbit App
2021-05-04T01:30:00Z,17.501,0.0,Fitbit App
2021-05-04T01:35:00Z,17.381,0.0,Fitbit App
2021-05-04T01:40:00Z,18.747,0.0,Fitbit App
2021-05-04T01:45:00Z,17.081,0.0,Fitbit App
2021-05-04T01:50:00Z,15.691,0.0,Fitbit App
2021-05-04T01:55:00Z,17.761,0.0,Fitbit App
2021-05-04T02:00:00Z,17.748,0.0,Fitbit App
2021-05-04T02:05:00Z,16.583,0.0,Fitbit App
2021-05-04T02:10:00Z,16.163,0.0,Fitbit App
2021-05-04T02:15:00Z,13.096,0.0,Fitbit App
2021-05-04T02:20:00Z,15.367,0.0,Fitbit App
2021-05-04T02:25:00Z,14.518,0.0,Fitbit App
2021-05-04T02:30:00Z,14.99,0.0,Fitbit App
2021-05-04T02:35:00Z,16.696,0.0,Fitbit App
2021-05-04T02:40:00Z,17.494,0.0,Fitbit App
2021-05-04T02:45:00Z,21.893,0.0,Fitbit App
2021-05-04T02:50:00Z,22.061,0.0,Fitbit App
2021-05-04T02:55:00Z,26.511,0.0,Fitbit App
2021-05-04T03:00:00Z,25.977,0.0,Fitbit App
2021-05-04T03:05:00Z,26.575,0.0,Fitbit App
2021-05-04T03:10:00Z,28.303,0.0,Fitbit App
2021-05-04T03:15:00Z,27.687,0.0,Fitbit App
2021-05-04T03:20:00Z,19.632,0.0,Fitbit App
2021-05-04T03:25:00Z,15.927,0.0,Fitbit App
2021-05-04T03:30:00Z,17.115,0.0,Fitbit App
2021-05-04T03:35:00Z,19.642,0.0,Fitbit App
2021-05-04T03:40:00Z,21.603,0.0,Fitbit App
2021-05-04T03:45:00Z,21.399,0.0,Fitbit App
2021-05-04T03:50:00Z,21.363,0.0,Fitbit App
2021-05-04T03:55:00Z,24.38,0.0,Fitbit App
2021-05-04T04:00:00Z,24.601,0.0,Fitbit App
2021-05-04T04:05:00Z,29.787,0.0,Fitbit App
2021-05-04T04:10:00Z,23.869,0.0,Fitbit App
2021-05-04T04:15:00Z,25.02,0.0,Fitbit App
2021-05-04T04:20:00Z,21.775,0.0,Fitbit App
2021-05-04T04:25:00Z,23.669,0.0,Fitbit App
2021-05-04T04:30:00Z,21.546,0.0,Fitbit App
2021-05-04T04:35:00Z,21.633,0.0,Fitbit App
2021-05-04T04:40:00Z,23.643,0.0,Fitbit App
2021-05-04T04:45:00Z,22.698,0.0,Fitbit App
2021-05-04T04:50:00Z,21.744,0.0,Fitbit App
2021-05-04T04:55:00Z,22.689,0.0,Fitbit App
2021-05-04T05:00:00Z,22.969,0.0,Fitbit App
2021-05-04T05:05:00Z,21.349,0.0,Fitbit App
2021-05-04T05:10:00Z,20.51,0.0,Fitbit App
2021-05-04T05:15:00Z,16.891,0.0,Fitbit App
2021-05-04T05:20:00Z,14.761,0.0,Fitbit App
2021-05-04T05:25:00Z,19.358,0.0,Fitbit App
2021-05-04T05:30:00Z,14.111,0.0,Fitbit App
2021-05-04T05:35:00Z,18.478,0.0,Fitbit App
2021-05-04T05:40:00Z,17.029,0.0,Fitbit App
2021-05-04T05:45:00Z,22.927,0.0,Fitbit App
2021-05-04T05:50:00Z,21.325,0.0,Fitbit App
2021-05-04T05:55:00Z,25.894,0.0,Fitbit App
2021-05-04T06:00:00Z,23.329,0.0,Fitbit App
2021-05-04T06:05:00Z,23.786,0.0,Fitbit App
2021-05-04T06:10:00Z,21.53,0.0,Fitbit App
2021-05-04T06:15:00Z,21.57,0.0,Fitbit App
2021-05-04T06:20:00Z,21.426,0.0,Fitbit App
2021-05-04T06:25:00Z,22.333,0.0,Fitbit App
2021-05-04T06:30:00Z,23.309,0.0,Fitbit App
2021-05-04T06:35:00Z,20.93,0.0,Fitbit App
2021-05-04T06:40:00Z,22.366,0.0,Fitbit App
2021-05-04T06:45:00Z,19.018,0.0,Fitbit App
2021-05-04T06:50:00Z,14.425,0.0,Fitbit App
2021-05-04T06:55:00Z,19.109,0.0,Fitbit App
2021-05-04T07:00:00Z,18.769,0.0,Fitbit App
2021-05-04T07:05:00Z,22.512,0.0,Fitbit App
2021-05-04T07:10:00Z,19.6,0.0,Fitbit App
2021-05-04T07:15:00Z,22.52,0.0,Fitbit App
2021-05-04T07:20:00Z,21.829,0.0,Fitbit App
2021-05-04T07:25:00Z,23.819,0.0,Fitbit App
2021-05-04T07:30:00Z,21.946,0.0,Fitbit App
2021-05-04T07:35:00Z,24.068,0.0,Fitbit App
2021-05-04T07:40:00Z,18.647,0.0,Fitbit App
2021-05-04T07:45:00Z,24.492,0.0,Fitbit App
2021-05-04T07:50:00Z,18.949,0.0,Fitbit App
2021-05-04T07:55:00Z,20.459,0.0,Fitbit App
2021-05-04T08:00:00Z,19.675,0.0,Fitbit App
2021-05-04T08:05:00Z,17.833,0.0,Fitbit App
2021-05-04T08:10:00Z,19.748,0.0,Fitbit App
2021-05-04T08:15:00Z,19.003,0.0,Fitbit App
2021-05-04T08:20:00Z,20.201,0.0,Fitbit App
2021-05-04T08:25:00Z,19.554,0.0,Fitbit App
2021-05-04T08:30:00Z,16.591,0.0,Fitbit App
2021-05-04T08:35:00Z,14.885,0.0,Fitbit App
2021-05-04T08:40:00Z,22.999,0.0,Fitbit App
2021-05-04T08:45:00Z,23.638,0.0,Fitbit App
2021-05-04T08:50:00Z,26.702,0.0,Fitbit App
2021-05-04T08:55:00Z,24.715,0.0,Fitbit App
2021-05-04T09:00:00Z,19.465,0.0,Fitbit App
2021-05-04T09:05:00Z,21.858,0.0,Fitbit App
2021-05-04T09:10:00Z,23.597,0.0,Fitbit App
2021-05-04T09:15:00Z,23.998,0.0,Fitbit App
2021-05-04T09:20:00Z,19.78,0.0,Fitbit App
2021-05-04T09:30:00Z,24.432,0.0,Fitbit App
2021-05-04T09:35:00Z,29.277,0.0,Fitbit App
2021-05-05T00:25:00Z,11.379,0.0,Fitbit App
2021-05-05T00:30:00Z,11.257,0.0,Fitbit App
2021-05-05T00:35:00Z,17.03,0.0,Fitbit App
2021-05-05T00:40:00Z,19.502,0.0,Fitbit App
2021-05-05T00:45:00Z,20.329,0.0,Fitbit App
2021-05-05T00:50:00Z,21.128,0.0,Fitbit App
2021-05-05T00:55:00Z,16.891,0.0,Fitbit App
2021-05-05T01:00:00Z,16.511,0.0,Fitbit App
2021-05-05T01:05:00Z,15.344,0.0,Fitbit App
2021-05-05T01:10:00Z,13.055,0.0,Fitbit App
2021-05-05T01:15:00Z,15.605,0.0,Fitbit App
2021-05-05T01:20:00Z,14.044,0.0,Fitbit App
2021-05-05T01:25:00Z,17.605,0.0,Fitbit App
2021-05-05T01:30:00Z,17.304,0.0,Fitbit App
2021-05-05T01:35:00Z,15.882,0.0,Fitbit App
2021-05-05T01:40:00Z,17.102,0.0,Fitbit App
2021-05-05T01:45:00Z,19.02,0.0,Fitbit App
2021-05-05T01:50:00Z,16.129,0.0,Fitbit App
2021-05-05T01:55:00Z,15.27,0.0,Fitbit App
2021-05-05T02:00:00Z,16.372,0.0,Fitbit App
2021-05-05T02:05:00Z,16.861,0.0,Fitbit App
2021-05-05T02:10:00Z,17.234,0.0,Fitbit App
2021-05-05T02:15:00Z,12.543,0.0,Fitbit App
2021-05-05T02:20:00Z,10.439,0.0,Fitbit App
2021-05-05T02:25:00Z,14.028,0.0,Fitbit App
2021-05-05T02:30:00Z,16.181,0.0,Fitbit App
2021-05-05T02:35:00Z,12.616,0.0,Fitbit App
2021-05-05T02:40:00Z,17.413,0.0,Fitbit App
2021-05-05T02:45:00Z,16.985,0.0,Fitbit App
2021-05-05T02:50:00Z,14.062,0.0,Fitbit App
2021-05-05T02:55:00Z,16.198,0.0,Fitbit App
2021-05-05T03:00:00Z,16.388,0.0,Fitbit App
2021-05-05T03:05:00Z,15.146,0.0,Fitbit App
2021-05-05T03:10:00Z,16.739,0.0,Fitbit App
2021-05-05T03:15:00Z,18.188,0.0,Fitbit App
2021-05-05T03:20:00Z,19.208,0.0,Fitbit App
2021-05-05T03:25:00Z,18.486,0.0,Fitbit App
2021-05-05T03:30:00Z,20.231,0.0,Fitbit App
2021-05-05T03:35:00Z,18.737,0.0,Fitbit App
2021-05-05T03:40:00Z,20.713,0.0,Fitbit App
2021-05-05T03:45:00Z,19.097,0.0,Fitbit App
2021-05-05T03:50:00Z,21.472,0.0,Fitbit App
2021-05-05T03:55:00Z,23.156,0.0,Fitbit App
2021-05-05T04:00:00Z,24.392,0.0,Fitbit App
2021-05-05T04:05:00Z,23.877,0.0,Fitbit App
2021-05-05T04:10:00Z,20.313,0.0,Fitbit App
2021-05-05T04:15:00Z,13.496,0.0,Fitbit App
2021-05-05T04:20:00Z,13.693,0.0,Fitbit App
2021-05-05T04:25:00Z,15.399,0.0,Fitbit App
2021-05-05T04:30:00Z,20.617,0.0,Fitbit App
2021-05-05T04:40:00Z,17.813,0.0,Fitbit App
2021-05-05T04:45:00Z,17.618,0.0,Fitbit App
2021-05-05T04:50:00Z,20.896,0.0,Fitbit App
2021-05-05T04:55:00Z,23.371,0.0,Fitbit App
2021-05-05T05:00:00Z,21.849,0.0,Fitbit App
2021-05-05T05:05:00Z,26.096,0.0,Fitbit App
2021-05-05T05:10:00Z,28.137,0.0,Fitbit App
2021-05-05T05:15:00Z,29.077,0.0,Fitbit App
2021-05-05T05:20:00Z,26.267,0.0,Fitbit App
2021-05-05T05:25:00Z,20.676,0.0,Fitbit App
2021-05-05T05:30:00Z,16.565,0.0,Fitbit App
2021-05-05T05:35:00Z,17.453,0.0,Fitbit App
2021-05-05T05:40:00Z,16.355,0.0,Fitbit App
2021-05-05T05:45:00Z,19.351,0.0,Fitbit App
2021-05-05T05:50:00Z,19.682,0.0,Fitbit App
2021-05-05T05:55:00Z,18.515,0.0,Fitbit App
2021-05-05T06:00:00Z,20.358,0.0,Fitbit App
2021-05-05T06:05:00Z,19.224,0.0,Fitbit App
2021-05-05T06:10:00Z,18.981,0.0,Fitbit App
2021-05-05T06:15:00Z,15.988,0.0,Fitbit App
2021-05-05T06:20:00Z,16.8,0.0,Fitbit App
2021-05-05T06:25:00Z,16.801,0.0,Fitbit App
2021-05-05T23:30:00Z,20.318,0.0,Fitbit App
2021-05-05T23:35:00Z,15.687,0.0,Fitbit App
2021-05-05T23:40:00Z,18.668,0.0,Fitbit App
2021-05-05T23:45:00Z,18.691,0.0,Fitbit App
2021-05-05T23:50:00Z,22.0,0.0,Fitbit App
2021-05-05T23:55:00Z,19.496,0.0,Fitbit App
2021-05-06T00:00:00Z,22.616,0.0,Fitbit App
2021-05-06T00:05:00Z,21.232,0.0,Fitbit App
2021-05-06T00:10:00Z,20.873,0.0,Fitbit App
2021-05-06T00:15:00Z,25.123,0.0,Fitbit App
2021-05-06T00:20:00Z,21.079,0.0,Fitbit App
2021-05-06T00:25:00Z,17.594,0.0,Fitbit App
2021-05-06T00:30:00Z,19.263,0.0,Fitbit App
2021-05-06T00:35:00Z,22.479,0.0,Fitbit App
2021-05-06T00:40:00Z,20.494,0.0,Fitbit App
2021-05-06T00:45:00Z,12.35,0.0,Fitbit App
2021-05-06T00:50:00Z,16.001,0.0,Fitbit App
2021-05-06T00:55:00Z,14.276,0.0,Fitbit App
2021-05-06T01:00:00Z,13.751,0.0,Fitbit App
2021-05-06T01:05:00Z,15.591,0.0,Fitbit App
2021-05-06T01:10:00Z,18.287,0.0,Fitbit App
2021-05-06T01:15:00Z,16.329,0.0,Fitbit App
2021-05-06T01:20:00Z,18.922,0.0,Fitbit App
2021-05-06T01:25:00Z,24.722,0.0,Fitbit App
2021-05-06T01:30:00Z,21.417,0.0,Fitbit App
2021-05-06T01:35:00Z,24.21,0.0,Fitbit App
2021-05-06T01:40:00Z,22.399,0.0,Fitbit App
2021-05-06T01:45:00Z,25.024,0.0,Fitbit App
2021-05-06T01:50:00Z,24.696,0.0,Fitbit App
2021-05-06T01:55:00Z,27.537,0.0,Fitbit App
2021-05-06T02:00:00Z,25.901,0.0,Fitbit App
2021-05-06T02:05:00Z,25.855,0.0,Fitbit App
2021-05-06T02:10:00Z,25.341,0.0,Fitbit App
2021-05-06T02:15:00Z,21.714,0.0,Fitbit App
2021-05-06T02:20:00Z,18.417,0.0,Fitbit App
2021-05-06T02:25:00Z,18.321,0.0,Fitbit App
2021-05-06T02:30:00Z,20.351,0.0,Fitbit App
2021-05-06T02:35:00Z,19.765,0.0,Fitbit App
2021-05-06T02:40:00Z,16.312,0.0,Fitbit App
2021-05-06T02:45:00Z,17.381,0.0,Fitbit App
2021-05-06T02:50:00Z,17.882,0.0,Fitbit App
2021-05-06T02:55:00Z,20.9,0.0,Fitbit App
2021-05-06T03:00:00Z,20.251,0.0,Fitbit App
2021-05-06T03:05:00Z,19.995,0.0,Fitbit App
2021-05-06T03:10:00Z,31.357,0.0,Fitbit App
2021-05-06T03:15:00Z,25.347,0.0,Fitbit App
2021-05-06T03:20:00Z,24.914,0.0,Fitbit App
2021-05-06T03:25:00Z,27.459,0.0,Fitbit App
2021-05-06T03:30:00Z,23.195,0.0,Fitbit App
2021-05-06T03:35:00Z,17.152,0.0,Fitbit App
2021-05-06T03:40:00Z,19.584,0.0,Fitbit App
2021-05-06T03:45:00Z,21.321,0.0,Fitbit App
2021-05-06T03:50:00Z,19.093,0.0,Fitbit App
2021-05-06T03:55:00Z,21.019,0.0,Fitbit App
2021-05-06T04:00:00Z,20.749,0.0,Fitbit App
2021-05-06T04:05:00Z,29.77,0.0,Fitbit App
2021-05-06T04:10:00Z,31.272,0.0,Fitbit App
2021-05-06T04:15:00Z,35.357,0.0,Fitbit App
2021-05-06T04:20:00Z,40.704,0.0,Fitbit App
2021-05-06T04:25:00Z,37.995,0.0,Fitbit App
2021-05-06T04:30:00Z,37.484,0.0,Fitbit App
2021-05-06T04:35:00Z,30.896,0.0,Fitbit App
2021-05-06T04:40:00Z,21.649,0.0,Fitbit App
2021-05-06T04:45:00Z,22.221,0.0,Fitbit App
2021-05-06T04:50:00Z,22.695,0.0,Fitbit App
2021-05-06T04:55:00Z,20.487,0.0,Fitbit App
2021-05-06T05:00:00Z,23.792,0.0,Fitbit App
2021-05-06T05:05:00Z,22.424,0.0,Fitbit App
2021-05-06T05:10:00Z,24.302,0.0,Fitbit App
2021-05-06T05:15:00Z,15.041,0.0,Fitbit App
2021-05-06T05:20:00Z,20.061,0.0,Fitbit App
2021-05-06T05:25:00Z,17.024,0.0,Fitbit App
2021-05-06T05:30:00Z,26.0,0.0,Fitbit App
2021-05-06T05:35:00Z,25.879,0.0,Fitbit App
2021-05-06T05:40:00Z,24.371,0.0,Fitbit App
2021-05-06T05:45:00Z,24.366,0.0,Fitbit App
2021-05-06T05:50:00Z,21.44,0.0,Fitbit App
2021-05-06T05:55:00Z,22.217,0.0,Fitbit App
2021-05-06T06:00:00Z,22.75,0.0,Fitbit App
2021-05-06T06:05:00Z,22.515,0.0,Fitbit App
2021-05-06T06:10:00Z,22.533,0.0,Fitbit App
2021-05-06T06:15:00Z,23.065,0.0,Fitbit App
2021-05-06T06:20:00Z,22.679,0.0,Fitbit App
2021-05-06T06:25:00Z,21.541,0.0,Fitbit App
2021-05-06T06:30:00Z,23.976,0.0,Fitbit App
2021-05-06T06:35:00Z,25.851,0.0,Fitbit App
2021-05-06T06:40:00Z,19.692,0.0,Fitbit App
2021-05-06T06:45:00Z,18.461,0.0,Fitbit App
2021-05-06T06:50:00Z,18.897,0.0,Fitbit App
2021-05-06T06:55:00Z,17.149,0.0,Fitbit App
2021-05-06T07:00:00Z,18.263,0.0,Fitbit App
2021-05-06T07:05:00Z,18.847,0.0,Fitbit App
2021-05-06T07:10:00Z,19.885,0.0,Fitbit App
2021-05-06T07:15:00Z,16.866,0.0,Fitbit App
2021-05-06T07:20:00Z,16.845,0.0,Fitbit App
2021-05-06T07:25:00Z,18.758,0.0,Fitbit App
2021-05-06T07:30:00Z,19.154,0.0,Fitbit App
2021-05-06T07:35:00Z,24.376,0.0,Fitbit App
2021-05-06T07:40:00Z,24.362,0.0,Fitbit App
2021-05-06T07:45:00Z,24.496,0.0,Fitbit App
2021-05-06T07:50:00Z,24.57,0.0,Fitbit App
2021-05-06T07:55:00Z,25.07,0.0,Fitbit App
2021-05-06T08:00:00Z,20.4,0.0,Fitbit App
2021-05-06T08:05:00Z,25.063,0.0,Fitbit App
2021-05-07T00:20:00Z,14.246,0.0,Fitbit App
2021-05-07T00:25:00Z,16.226,0.0,Fitbit App
2021-05-07T00:30:00Z,17.381,0.0,Fitbit App
2021-05-07T00:35:00Z,18.218,0.0,Fitbit App
2021-05-07T00:40:00Z,17.027,0.0,Fitbit App
2021-05-07T00:45:00Z,16.443,0.0,Fitbit App
2021-05-07T00:50:00Z,16.741,0.0,Fitbit App
2021-05-07T00:55:00Z,18.034,0.0,Fitbit App
2021-05-07T01:00:00Z,19.169,0.0,Fitbit App
2021-05-07T01:05:00Z,15.908,0.0,Fitbit App
2021-05-07T01:10:00Z,13.759,0.0,Fitbit App
2021-05-07T01:15:00Z,16.247,0.0,Fitbit App
2021-05-07T01:20:00Z,13.805,0.0,Fitbit App
2021-05-07T01:25:00Z,18.068,0.0,Fitbit App
2021-05-07T01:30:00Z,16.531,0.0,Fitbit App
2021-05-07T01:35:00Z,15.807,0.0,Fitbit App
2021-05-07T01:40:00Z,19.42,0.0,Fitbit App
2021-05-07T01:45:00Z,23.005,0.0,Fitbit App
2021-05-07T01:50:00Z,18.178,0.0,Fitbit App
2021-05-07T01:55:00Z,21.045,0.0,Fitbit App
2021-05-07T02:00:00Z,22.905,0.0,Fitbit App
2021-05-07T02:05:00Z,25.304,0.0,Fitbit App
2021-05-07T02:10:00Z,23.761,0.0,Fitbit App
2021-05-07T02:15:00Z,25.554,0.0,Fitbit App
2021-05-07T02:20:00Z,24.925,0.0,Fitbit App
2021-05-07T02:25:00Z,27.63,0.0,Fitbit App
2021-05-07T02:30:00Z,19.878,0.0,Fitbit App
2021-05-07T02:35:00Z,19.25,0.0,Fitbit App
2021-05-07T02:40:00Z,17.216,0.0,Fitbit App
2021-05-07T02:45:00Z,18.592,0.0,Fitbit App
2021-05-07T02:50:00Z,18.156,0.0,Fitbit App
2021-05-07T02:55:00Z,17.645,0.0,Fitbit App
2021-05-07T03:00:00Z,17.529,0.0,Fitbit App
2021-05-07T03:05:00Z,15.598,0.0,Fitbit App
2021-05-07T03:10:00Z,14.692,0.0,Fitbit App
2021-05-07T03:15:00Z,17.269,0.0,Fitbit App
2021-05-07T03:20:00Z,20.261,0.0,Fitbit App
2021-05-07T03:25:00Z,16.746,0.0,Fitbit App
2021-05-07T03:30:00Z,16.142,0.0,Fitbit App
2021-05-07T03:35:00Z,17.498,0.0,Fitbit App
2021-05-07T03:40:00Z,50.908,0.0,Fitbit App
2021-05-07T03:45:00Z,32.63,0.0,Fitbit App
2021-05-07T03:50:00Z,21.656,0.0,Fitbit App
2021-05-07T03:55:00Z,26.584,0.0,Fitbit App
2021-05-07T04:00:00Z,30.274,0.0,Fitbit App
2021-05-07T04:05:00Z,26.117,0.0,Fitbit App
2021-05-07T04:10:00Z,26.186,0.0,Fitbit App
2021-05-07T04:15:00Z,27.81,0.0,Fitbit App
2021-05-07T04:20:00Z,25.103,0.0,Fitbit App
2021-05-07T04:25:00Z,28.553,0.0,Fitbit App
2021-05-07T04:30:00Z,28.115,0.0,Fitbit App
2021-05-07T04:35:00Z,24.271,0.0,Fitbit App
2021-05-07T04:40:00Z,28.214,0.0,Fitbit App
2021-05-07T04:45:00Z,25.72,0.0,Fitbit App
2021-05-07T04:50:00Z,21.519,0.0,Fitbit App
2021-05-07T04:55:00Z,18.244,0.0,Fitbit App
2021-05-07T05:00:00Z,20.865,0.0,Fitbit App
2021-05-07T05:05:00Z,22.051,0.0,Fitbit App
2021-05-07T05:10:00Z,19.989,0.0,Fitbit App
2021-05-07T05:15:00Z,22.473,0.0,Fitbit App
2021-05-07T05:20:00Z,25.29,0.0,Fitbit App
2021-05-07T05:25:00Z,23.099,0.0,Fitbit App
2021-05-07T05:30:00Z,18.841,0.0,Fitbit App
2021-05-07T05:35:00Z,20.256,0.0,Fitbit App
2021-05-07T05:40:00Z,20.128,0.0,Fitbit App
2021-05-07T05:45:00Z,20.343,0.0,Fitbit App
2021-05-07T05:50:00Z,20.811,0.0,Fitbit App
2021-05-07T05:55:00Z,22.73,0.0,Fitbit App
2021-05-07T06:00:00Z,25.118,0.0,Fitbit App
2021-05-07T06:05:00Z,19.001,0.0,Fitbit App
2021-05-07T06:10:00Z,20.055,0.0,Fitbit App
2021-05-07T06:15:00Z,20.053,0.0,Fitbit App
2021-05-07T06:20:00Z,21.096,0.0,Fitbit App
2021-05-07T06:25:00Z,21.96,0.0,Fitbit App
2021-05-07T06:30:00Z,23.43,0.0,Fitbit App
2021-05-07T06:35:00Z,24.044,0.0,Fitbit App
2021-05-07T06:40:00Z,23.144,0.0,Fitbit App
2021-05-07T06:45:00Z,23.124,0.0,Fitbit App
2021-05-07T06:50:00Z,25.248,0.0,Fitbit App
2021-05-07T06:55:00Z,22.774,0.0,Fitbit App
2021-05-07T07:00:00Z,19.278,0.0,Fitbit App
2021-05-07T07:05:00Z,20.794,0.0,Fitbit App
2021-05-07T07:10:00Z,22.499,0.0,Fitbit App
2021-05-07T07:15:00Z,21.757,0.0,Fitbit App
2021-05-07T07:20:00Z,28.077,0.0,Fitbit App
2021-05-07T07:25:00Z,25.666,0.0,Fitbit App
2021-05-07T07:30:00Z,19.038,0.0,Fitbit App
2021-05-07T07:35:00Z,18.568,0.0,Fitbit App
2021-05-07T07:40:00Z,17.766,0.0,Fitbit App
2021-05-07T07:45:00Z,20.095,0.0,Fitbit App
2021-05-07T07:50:00Z,18.422,0.0,Fitbit App
2021-05-07T07:55:00Z,22.968,0.0,Fitbit App
2021-05-07T08:00:00Z,17.341,0.0,Fitbit App
2021-05-08T23:50:00Z,14.409,0.0,Fitbit App
2021-05-08T23:55:00Z,16.059,0.0,Fitbit App
2021-05-09T00:00:00Z,13.638,0.0,Fitbit App
2021-05-09T00:05:00Z,13.08,0.0,Fitbit App
2021-05-09T00:10:00Z,12.206,0.0,Fitbit App
2021-05-09T00:15:00Z,10.719,0.0,Fitbit App
2021-05-09T00:20:00Z,11.575,0.0,Fitbit App
2021-05-09T00:25:00Z,11.227,0.0,Fitbit App
2021-05-09T00:30:00Z,13.196,0.0,Fitbit App
2021-05-09T00:35:00Z,14.245,0.0,Fitbit App
2021-05-09T00:40:00Z,11.303,0.0,Fitbit App
2021-05-09T00:45:00Z,9.263,0.0,Fitbit App
2021-05-09T00:50:00Z,10.61,0.0,Fitbit App
2021-05-09T00:55:00Z,8.367,0.0,Fitbit App
2021-05-09T01:00:00Z,8.525,0.0,Fitbit App
2021-05-09T01:05:00Z,8.382,0.0,Fitbit App
2021-05-09T01:10:00Z,11.165,0.0,Fitbit App
2021-05-09T01:15:00Z,9.049,0.0,Fitbit App
2021-05-09T01:20:00Z,14.058,0.0,Fitbit App
2021-05-09T01:25:00Z,10.576,0.0,Fitbit App
2021-05-09T01:30:00Z,11.011,0.0,Fitbit App
2021-05-09T01:35:00Z,11.234,0.0,Fitbit App
2021-05-09T01:40:00Z,11.258,0.0,Fitbit App
2021-05-09T01:45:00Z,11.568,0.0,Fitbit App
2021-05-09T01:50:00Z,13.309,0.0,Fitbit App
2021-05-09T01:55:00Z,15.788,0.0,Fitbit App
2021-05-09T02:00:00Z,15.635,0.0,Fitbit App
2021-05-09T02:05:00Z,17.15,0.0,Fitbit App
2021-05-09T02:10:00Z,19.039,0.0,Fitbit App
2021-05-09T02:15:00Z,16.952,0.0,Fitbit App
2021-05-09T02:20:00Z,17.688,0.0,Fitbit App
2021-05-09T02:25:00Z,16.77,0.0,Fitbit App
2021-05-09T02:30:00Z,15.317,0.0,Fitbit App
2021-05-09T02:35:00Z,15.876,0.0,Fitbit App
2021-05-09T02:40:00Z,17.053,0.0,Fitbit App
2021-05-09T02:45:00Z,15.232,0.0,Fitbit App
2021-05-09T02:50:00Z,14.062,0.0,Fitbit App
2021-05-09T02:55:00Z,17.294,0.0,Fitbit App
2021-05-09T03:00:00Z,13.138,0.0,Fitbit App
2021-05-09T03:05:00Z,15.468,0.0,Fitbit App
2021-05-09T03:10:00Z,14.229,0.0,Fitbit App
2021-05-09T03:15:00Z,12.739,0.0,Fitbit App
2021-05-09T03:20:00Z,17.947,0.0,Fitbit App
2021-05-09T03:25:00Z,14.68,0.0,Fitbit App
2021-05-09T03:30:00Z,15.019,0.0,Fitbit App
2021-05-09T03:35:00Z,15.416,0.0,Fitbit App
2021-05-09T03:40:00Z,17.508,0.0,Fitbit App
2021-05-09T03:45:00Z,18.944,0.0,Fitbit App
2021-05-09T03:50:00Z,17.297,0.0,Fitbit App
2021-05-09T03:55:00Z,18.917,0.0,Fitbit App
2021-05-09T04:00:00Z,17.765,0.0,Fitbit App
2021-05-09T04:05:00Z,18.903,0.0,Fitbit App
2021-05-09T04:10:00Z,16.713,0.0,Fitbit App
2021-05-09T04:15:00Z,14.553,0.0,Fitbit App
2021-05-09T04:20:00Z,16.718,0.0,Fitbit App
2021-05-09T04:25:00Z,20.145,0.0,Fitbit App
2021-05-09T04:30:00Z,22.854,0.0,Fitbit App
2021-05-09T04:35:00Z,21.392,0.0,Fitbit App
2021-05-09T04:40:00Z,21.69,0.0,Fitbit App
2021-05-09T04:45:00Z,15.839,0.0,Fitbit App
2021-05-09T04:50:00Z,15.772,0.0,Fitbit App
2021-05-09T04:55:00Z,14.405,0.0,Fitbit App
2021-05-09T05:00:00Z,14.685,0.0,Fitbit App
2021-05-09T05:05:00Z,13.42,0.0,Fitbit App
2021-05-09T05:10:00Z,12.088,0.0,Fitbit App
2021-05-09T05:15:00Z,15.537,0.0,Fitbit App
2021-05-09T05:20:00Z,13.882,0.0,Fitbit App
2021-05-09T05:25:00Z,14.694,0.0,Fitbit App
2021-05-09T05:30:00Z,15.287,0.0,Fitbit App
2021-05-09T05:35:00Z,13.994,0.0,Fitbit App
2021-05-09T05:40:00Z,13.031,0.0,Fitbit App
2021-05-09T05:45:00Z,13.249,0.0,Fitbit App
2021-05-09T05:50:00Z,16.643,0.0,Fitbit App
2021-05-09T05:55:00Z,18.846,0.0,Fitbit App
2021-05-09T06:00:00Z,19.502,0.0,Fitbit App
2021-05-09T06:05:00Z,18.207,0.0,Fitbit App
2021-05-09T06:10:00Z,21.142,0.0,Fitbit App
2021-05-09T06:15:00Z,18.879,0.0,Fitbit App
2021-05-09T06:20:00Z,18.535,0.0,Fitbit App
2021-05-09T06:25:00Z,14.239,0.0,Fitbit App
2021-05-09T06:30:00Z,17.363,0.0,Fitbit App
2021-05-09T06:35:00Z,14.443,0.0,Fitbit App
2021-05-09T06:40:00Z,12.783,0.0,Fitbit App
2021-05-09T06:45:00Z,15.752,0.0,Fitbit App
2021-05-09T06:50:00Z,16.92,0.0,Fitbit App
2021-05-09T06:55:00Z,18.218,0.0,Fitbit App
2021-05-09T07:00:00Z,14.638,0.0,Fitbit App
2021-05-09T23:15:00Z,8.751,0.0,Fitbit App
2021-05-09T23:20:00Z,9.447,0.0,Fitbit App
2021-05-09T23:25:00Z,10.562,0.0,Fitbit App
2021-05-09T23:30:00Z,11.136,0.0,Fitbit App
2021-05-09T23:35:00Z,10.169,0.0,Fitbit App
2021-05-09T23:40:00Z,11.609,0.0,Fitbit App
2021-05-09T23:45:00Z,11.213,0.0,Fitbit App
2021-05-09T23:50:00Z,14.136,0.0,Fitbit App
2021-05-09T23:55:00Z,14.334,0.0,Fitbit App
2021-05-10T00:00:00Z,11.153,0.0,Fitbit App
2021-05-10T00:05:00Z,11.357,0.0,Fitbit App
2021-05-10T00:10:00Z,9.14,0.0,Fitbit App
2021-05-10T00:15:00Z,8.176,0.0,Fitbit App
2021-05-10T00:20:00Z,8.994,0.0,Fitbit App
2021-05-10T00:25:00Z,10.813,0.0,Fitbit App
2021-05-10T00:30:00Z,8.463,0.0,Fitbit App
2021-05-10T00:35:00Z,8.585,0.0,Fitbit App
2021-05-10T00:40:00Z,8.741,0.0,Fitbit App
2021-05-10T00:45:00Z,10.071,0.0,Fitbit App
2021-05-10T00:50:00Z,9.984,0.0,Fitbit App
2021-05-10T00:55:00Z,10.255,0.0,Fitbit App
2021-05-10T01:00:00Z,10.339,0.0,Fitbit App
2021-05-10T01:05:00Z,11.695,0.0,Fitbit App
2021-05-10T01:10:00Z,10.777,0.0,Fitbit App
2021-05-10T01:15:00Z,12.032,0.0,Fitbit App
2021-05-10T01:20:00Z,13.451,0.0,Fitbit App
2021-05-10T01:25:00Z,11.493,0.0,Fitbit App
2021-05-10T01:30:00Z,11.341,0.0,Fitbit App
2021-05-10T01:35:00Z,11.347,0.0,Fitbit App
2021-05-10T01:40:00Z,13.766,0.0,Fitbit App
2021-05-10T01:45:00Z,12.68,0.0,Fitbit App
2021-05-10T01:50:00Z,16.514,0.0,Fitbit App
2021-05-10T01:55:00Z,17.222,0.0,Fitbit App
2021-05-10T02:00:00Z,12.21,0.0,Fitbit App
2021-05-10T02:05:00Z,10.656,0.0,Fitbit App
2021-05-10T02:10:00Z,10.965,0.0,Fitbit App
2021-05-10T02:15:00Z,14.491,0.0,Fitbit App
2021-05-10T02:20:00Z,12.907,0.0,Fitbit App
2021-05-10T02:25:00Z,13.135,0.0,Fitbit App
2021-05-10T02:30:00Z,13.38,0.0,Fitbit App
2021-05-10T02:35:00Z,14.685,0.0,Fitbit App
2021-05-10T02:40:00Z,12.746,0.0,Fitbit App
2021-05-10T02:45:00Z,13.085,0.0,Fitbit App
2021-05-10T02:50:00Z,11.919,0.0,Fitbit App
2021-05-10T02:55:00Z,12.826,0.0,Fitbit App
2021-05-10T03:00:00Z,14.503,0.0,Fitbit App
2021-05-10T03:05:00Z,13.002,0.0,Fitbit App
2021-05-10T03:10:00Z,17.05,0.0,Fitbit App
2021-05-10T03:15:00Z,14.846,0.0,Fitbit App
2021-05-10T03:20:00Z,18.46,0.0,Fitbit App
2021-05-10T03:25:00Z,16.899,0.0,Fitbit App
2021-05-10T03:30:00Z,18.332,0.0,Fitbit App
2021-05-10T03:35:00Z,19.497,0.0,Fitbit App
2021-05-10T03:40:00Z,19.114,0.0,Fitbit App
2021-05-10T03:45:00Z,18.55,0.0,Fitbit App
2021-05-10T03:50:00Z,17.073,0.0,Fitbit App
2021-05-10T03:55:00Z,17.114,0.0,Fitbit App
2021-05-10T04:00:00Z,13.656,0.0,Fitbit App
2021-05-10T04:05:00Z,17.333,0.0,Fitbit App
2021-05-10T04:10:00Z,14.772,0.0,Fitbit App
2021-05-10T04:15:00Z,14.75,0.0,Fitbit App
2021-05-10T04:20:00Z,13.12,0.0,Fitbit App
2021-05-10T04:25:00Z,14.928,0.0,Fitbit App
2021-05-10T04:30:00Z,18.854,0.0,Fitbit App
2021-05-10T04:35:00Z,19.182,0.0,Fitbit App
2021-05-10T04:40:00Z,15.187,0.0,Fitbit App
2021-05-10T04:45:00Z,15.224,0.0,Fitbit App
2021-05-10T04:50:00Z,14.809,0.0,Fitbit App
2021-05-10T04:55:00Z,15.786,0.0,Fitbit App
2021-05-10T05:00:00Z,16.798,0.0,Fitbit App
2021-05-10T05:05:00Z,15.15,0.0,Fitbit App
2021-05-10T05:10:00Z,16.505,0.0,Fitbit App
2021-05-10T05:15:00Z,14.702,0.0,Fitbit App
2021-05-10T05:20:00Z,14.677,0.0,Fitbit App
2021-05-10T05:25:00Z,15.064,0.0,Fitbit App
2021-05-10T05:30:00Z,14.253,0.0,Fitbit App
2021-05-10T05:35:00Z,19.43,0.0,Fitbit App
2021-05-10T05:40:00Z,19.076,0.0,Fitbit App
2021-05-10T05:45:00Z,20.753,0.0,Fitbit App
2021-05-10T05:50:00Z,21.78,0.0,Fitbit App
2021-05-10T05:55:00Z,17.584,0.0,Fitbit App
2021-05-10T06:00:00Z,19.972,0.0,Fitbit App
2021-05-10T06:05:00Z,18.748,0.0,Fitbit App
2021-05-10T06:10:00Z,16.387,0.0,Fitbit App
2021-05-10T06:15:00Z,17.573,0.0,Fitbit App
2021-05-10T06:20:00Z,15.031,0.0,Fitbit App
2021-05-10T06:25:00Z,14.303,0.0,Fitbit App
2021-05-10T22:45:00Z,12.099,0.0,Fitbit App
2021-05-10T22:50:00Z,14.952,0.0,Fitbit App
2021-05-10T22:55:00Z,16.2,0.0,Fitbit App
2021-05-10T23:00:00Z,19.827,0.0,Fitbit App
2021-05-10T23:05:00Z,20.617,0.0,Fitbit App
2021-05-10T23:10:00Z,18.545,0.0,Fitbit App
2021-05-10T23:15:00Z,17.915,0.0,Fitbit App
2021-05-10T23:20:00Z,19.755,0.0,Fitbit App
2021-05-10T23:25:00Z,20.427,0.0,Fitbit App
2021-05-10T23:30:00Z,21.142,0.0,Fitbit App
2021-05-10T23:35:00Z,18.908,0.0,Fitbit App
2021-05-10T23:40:00Z,20.928,0.0,Fitbit App
2021-05-10T23:45:00Z,19.196,0.0,Fitbit App
2021-05-10T23:50:00Z,16.204,0.0,Fitbit App
2021-05-10T23:55:00Z,12.883,0.0,Fitbit App
2021-05-11T00:00:00Z,10.102,0.0,Fitbit App
2021-05-11T00:05:00Z,11.756,0.0,Fitbit App
2021-05-11T00:10:00Z,34.701,0.0,Fitbit App
2021-05-11T00:15:00Z,37.17,0.0,Fitbit App
2021-05-11T00:20:00Z,24.003,0.0,Fitbit App
2021-05-11T00:25:00Z,29.529,0.0,Fitbit App
2021-05-11T00:30:00Z,31.461,0.0,Fitbit App
2021-05-11T00:35:00Z,23.488,0.0,Fitbit App
2021-05-11T00:40:00Z,24.618,0.0,Fitbit App
2021-05-11T00:45:00Z,22.436,0.0,Fitbit App
2021-05-11T00:50:00Z,21.312,0.0,Fitbit App
2021-05-11T00:55:00Z,24.468,0.0,Fitbit App
2021-05-11T01:00:00Z,24.393,0.0,Fitbit App
2021-05-11T01:05:00Z,30.794,0.0,Fitbit App
2021-05-11T01:10:00Z,26.044,0.0,Fitbit App
2021-05-11T01:15:00Z,15.664,0.0,Fitbit App
2021-05-11T01:20:00Z,16.517,0.0,Fitbit App
2021-05-11T01:25:00Z,17.58,0.0,Fitbit App
2021-05-11T01:30:00Z,19.065,0.0,Fitbit App
2021-05-11T01:35:00Z,17.987,0.0,Fitbit App
2021-05-11T01:40:00Z,19.405,0.0,Fitbit App
2021-05-11T01:45:00Z,18.428,0.0,Fitbit App
2021-05-11T01:50:00Z,20.696,0.0,Fitbit App
2021-05-11T01:55:00Z,22.907,0.0,Fitbit App
2021-05-11T02:00:00Z,22.294,0.0,Fitbit App
2021-05-11T02:05:00Z,21.615,0.0,Fitbit App
2021-05-11T02:10:00Z,20.692,0.0,Fitbit App
2021-05-11T02:15:00Z,23.767,0.0,Fitbit App
2021-05-11T02:20:00Z,20.494,0.0,Fitbit App
2021-05-11T02:25:00Z,24.519,0.0,Fitbit App
2021-05-11T02:30:00Z,23.234,0.0,Fitbit App
2021-05-11T02:35:00Z,21.217,0.0,Fitbit App
2021-05-11T02:40:00Z,23.684,0.0,Fitbit App
2021-05-11T02:45:00Z,18.283,0.0,Fitbit App
2021-05-11T02:50:00Z,16.83,0.0,Fitbit App
2021-05-11T02:55:00Z,17.546,0.0,Fitbit App
2021-05-11T03:00:00Z,19.116,0.0,Fitbit App
2021-05-11T03:05:00Z,17.384,0.0,Fitbit App
2021-05-11T03:10:00Z,15.542,0.0,Fitbit App
2021-05-11T03:15:00Z,15.012,0.0,Fitbit App
2021-05-11T03:20:00Z,17.659,0.0,Fitbit App
2021-05-11T03:25:00Z,17.936,0.0,Fitbit App
2021-05-11T03:30:00Z,20.724,0.0,Fitbit App
2021-05-11T03:35:00Z,24.967,0.0,Fitbit App
2021-05-11T03:40:00Z,21.822,0.0,Fitbit App
2021-05-11T03:45:00Z,21.979,0.0,Fitbit App
2021-05-11T03:50:00Z,22.682,0.0,Fitbit App
2021-05-11T03:55:00Z,21.137,0.0,Fitbit App
2021-05-11T04:00:00Z,22.65,0.0,Fitbit App
2021-05-11T04:05:00Z,24.964,0.0,Fitbit App
2021-05-11T04:10:00Z,25.471,0.0,Fitbit App
2021-05-11T04:15:00Z,28.833,0.0,Fitbit App
2021-05-11T04:20:00Z,22.601,0.0,Fitbit App
2021-05-11T04:25:00Z,19.145,0.0,Fitbit App
2021-05-11T04:30:00Z,20.903,0.0,Fitbit App
2021-05-11T04:35:00Z,27.696,0.0,Fitbit App
2021-05-11T04:40:00Z,17.689,0.0,Fitbit App
2021-05-11T04:45:00Z,20.767,0.0,Fitbit App
2021-05-11T04:50:00Z,21.621,0.0,Fitbit App
2021-05-11T04:55:00Z,23.155,0.0,Fitbit App
2021-05-11T05:00:00Z,28.876,0.0,Fitbit App
2021-05-11T05:05:00Z,30.289,0.0,Fitbit App
2021-05-11T05:10:00Z,27.09,0.0,Fitbit App
2021-05-11T05:15:00Z,29.823,0.0,Fitbit App
2021-05-11T05:20:00Z,29.632,0.0,Fitbit App
2021-05-11T05:25:00Z,33.131,0.0,Fitbit App
2021-05-11T05:30:00Z,30.202,0.0,Fitbit App
2021-05-11T05:35:00Z,24.615,0.0,Fitbit App
2021-05-11T05:40:00Z,19.133,0.0,Fitbit App
2021-05-11T05:45:00Z,25.822,0.0,Fitbit App
2021-05-11T05:50:00Z,22.405,0.0,Fitbit App
2021-05-11T05:55:00Z,25.037,0.0,Fitbit App
2021-05-11T06:00:00Z,25.839,0.0,Fitbit App
2021-05-11T06:05:00Z,22.407,0.0,Fitbit App
2021-05-11T06:10:00Z,23.888,0.0,Fitbit App
2021-05-11T06:15:00Z,22.898,0.0,Fitbit App
2021-05-11T06:20:00Z,23.987,0.0,Fitbit App
2021-05-11T06:25:00Z,24.714,0.0,Fitbit App
2021-05-11T06:30:00Z,29.945,0.0,Fitbit App
2021-05-11T06:35:00Z,29.248,0.0,Fitbit App
2021-05-11T06:40:00Z,30.199,0.0,Fitbit App
2021-05-11T06:45:00Z,22.33,0.0,Fitbit App
2021-05-11T06:50:00Z,26.04,0.0,Fitbit App
2021-05-11T06:55:00Z,24.433,0.0,Fitbit App
2021-05-11T07:00:00Z,22.216,0.0,Fitbit App
2021-05-11T07:05:00Z,17.284,0.0,Fitbit App
2021-05-11T07:10:00Z,23.594,0.0,Fitbit App
2021-05-11T07:15:00Z,26.893,0.0,Fitbit App
2021-05-11T07:20:00Z,23.914,0.0,Fitbit App
2021-05-11T07:25:00Z,26.854,0.0,Fitbit App
2021-05-11T07:30:00Z,19.641,0.0,Fitbit App
2021-05-11T07:35:00Z,22.867,0.0,Fitbit App
2021-05-12T01:55:00Z,15.971,0.0,Fitbit App
2021-05-12T02:00:00Z,15.972,0.0,Fitbit App
2021-05-12T02:05:00Z,18.049,0.0,Fitbit App
2021-05-12T02:10:00Z,17.838,0.0,Fitbit App
2021-05-12T02:15:00Z,19.968,0.0,Fitbit App
2021-05-12T02:20:00Z,17.275,0.0,Fitbit App
2021-05-12T02:25:00Z,20.35,0.0,Fitbit App
2021-05-12T02:30:00Z,18.877,0.0,Fitbit App
2021-05-12T02:35:00Z,18.274,0.0,Fitbit App
2021-05-12T02:40:00Z,17.627,0.0,Fitbit App
2021-05-12T02:45:00Z,17.985,0.0,Fitbit App
2021-05-12T02:50:00Z,18.862,0.0,Fitbit App
2021-05-12T02:55:00Z,21.623,0.0,Fitbit App
2021-05-12T03:00:00Z,21.046,0.0,Fitbit App
2021-05-12T03:05:00Z,21.08,0.0,Fitbit App
2021-05-12T03:10:00Z,20.62,0.0,Fitbit App
2021-05-12T03:15:00Z,17.733,0.0,Fitbit App
2021-05-12T03:20:00Z,21.088,0.0,Fitbit App
2021-05-12T03:25:00Z,22.192,0.0,Fitbit App
2021-05-12T03:30:00Z,17.443,0.0,Fitbit App
2021-05-12T03:35:00Z,10.608,0.0,Fitbit App
2021-05-12T03:40:00Z,14.671,0.0,Fitbit App
2021-05-12T03:45:00Z,15.107,0.0,Fitbit App
2021-05-12T03:50:00Z,17.442,0.0,Fitbit App
2021-05-12T03:55:00Z,44.352,0.0,Fitbit App
2021-05-12T04:05:00Z,28.301,0.0,Fitbit App
2021-05-12T04:10:00Z,17.599,0.0,Fitbit App
2021-05-12T04:15:00Z,14.728,0.0,Fitbit App
2021-05-12T04:20:00Z,16.826,0.0,Fitbit App
2021-05-12T04:25:00Z,14.363,0.0,Fitbit App
2021-05-12T04:30:00Z,15.051,0.0,Fitbit App
2021-05-12T04:35:00Z,15.568,0.0,Fitbit App
2021-05-12T04:40:00Z,14.945,0.0,Fitbit App
2021-05-12T04:45:00Z,16.166,0.0,Fitbit App
2021-05-12T04:50:00Z,15.721,0.0,Fitbit App
2021-05-12T04:55:00Z,17.485,0.0,Fitbit App
2021-05-12T05:00:00Z,25.054,0.0,Fitbit App
2021-05-12T05:05:00Z,17.753,0.0,Fitbit App
2021-05-12T05:10:00Z,17.363,0.0,Fitbit App
2021-05-12T05:15:00Z,15.482,0.0,Fitbit App
2021-05-12T05:20:00Z,17.365,0.0,Fitbit App
2021-05-12T05:25:00Z,18.007,0.0,Fitbit App
2021-05-12T05:30:00Z,17.146,0.0,Fitbit App
2021-05-12T05:35:00Z,16.456,0.0,Fitbit App
2021-05-12T05:40:00Z,16.057,0.0,Fitbit App
2021-05-12T05:45:00Z,20.084,0.0,Fitbit App
2021-05-12T05:50:00Z,16.971,0.0,Fitbit App
2021-05-12T05:55:00Z,17.462,0.0,Fitbit App
2021-05-12T06:00:00Z,27.892,0.0,Fitbit App
2021-05-12T06:10:00Z,17.873,0.0,Fitbit App
2021-05-12T06:15:00Z,15.851,0.0,Fitbit App
2021-05-12T06:20:00Z,21.716,0.0,Fitbit App
2021-05-12T06:25:00Z,18.659,0.0,Fitbit App
2021-05-12T06:30:00Z,21.133,0.0,Fitbit App
2021-05-12T06:35:00Z,19.115,0.0,Fitbit App
2021-05-12T06:40:00Z,17.185,0.0,Fitbit App
2021-05-12T06:45:00Z,17.171,0.0,Fitbit App
2021-05-12T06:50:00Z,23.876,0.0,Fitbit App
2021-05-12T06:55:00Z,25.488,0.0,Fitbit App
2021-05-12T07:00:00Z,26.548,0.0,Fitbit App
2021-05-12T07:05:00Z,25.124,0.0,Fitbit App
2021-05-12T07:10:00Z,25.859,0.0,Fitbit App
2021-05-12T07:15:00Z,24.153,0.0,Fitbit App
2021-05-12T07:20:00Z,19.975,0.0,Fitbit App
2021-05-12T07:25:00Z,23.965,0.0,Fitbit App
2021-05-12T07:30:00Z,23.232,0.0,Fitbit App
2021-05-12T23:40:00Z,15.346,0.0,Fitbit App
2021-05-12T23:45:00Z,17.288,0.0,Fitbit App
2021-05-12T23:50:00Z,21.461,0.0,Fitbit App
2021-05-12T23:55:00Z,19.9,0.0,Fitbit App
2021-05-13T00:00:00Z,21.345,0.0,Fitbit App
2021-05-13T00:05:00Z,21.465,0.0,Fitbit App
2021-05-13T00:10:00Z,21.286,0.0,Fitbit App
2021-05-13T00:15:00Z,22.05,0.0,Fitbit App
2021-05-13T00:20:00Z,18.504,0.0,Fitbit App
2021-05-13T00:25:00Z,18.682,0.0,Fitbit App
2021-05-13T00:30:00Z,24.337,0.0,Fitbit App
2021-05-13T00:35:00Z,21.093,0.0,Fitbit App
2021-05-13T00:40:00Z,17.957,0.0,Fitbit App
2021-05-13T00:45:00Z,20.021,0.0,Fitbit App
2021-05-13T00:50:00Z,17.698,0.0,Fitbit App
2021-05-13T00:55:00Z,15.414,0.0,Fitbit App
2021-05-13T01:00:00Z,16.412,0.0,Fitbit App
2021-05-13T01:05:00Z,18.992,0.0,Fitbit App
2021-05-13T01:10:00Z,17.255,0.0,Fitbit App
2021-05-13T01:15:00Z,14.017,0.0,Fitbit App
2021-05-13T01:20:00Z,12.782,0.0,Fitbit App
2021-05-13T01:25:00Z,19.385,0.0,Fitbit App
2021-05-13T01:30:00Z,18.218,0.0,Fitbit App
2021-05-13T01:35:00Z,15.076,0.0,Fitbit App
2021-05-13T01:40:00Z,17.662,0.0,Fitbit App
2021-05-13T01:45:00Z,14.772,0.0,Fitbit App
2021-05-13T01:50:00Z,18.121,0.0,Fitbit App
2021-05-13T01:55:00Z,17.995,0.0,Fitbit App
2021-05-13T02:00:00Z,17.421,0.0,Fitbit App
2021-05-13T02:05:00Z,17.732,0.0,Fitbit App
2021-05-13T02:10:00Z,19.24,0.0,Fitbit App
2021-05-13T02:15:00Z,25.478,0.0,Fitbit App
2021-05-13T02:20:00Z,22.097,0.0,Fitbit App
2021-05-13T02:25:00Z,19.13,0.0,Fitbit App
2021-05-13T02:30:00Z,18.651,0.0,Fitbit App
2021-05-13T02:35:00Z,22.202,0.0,Fitbit App
2021-05-13T02:40:00Z,21.912,0.0,Fitbit App
2021-05-13T02:45:00Z,23.635,0.0,Fitbit App
2021-05-13T02:50:00Z,27.282,0.0,Fitbit App
2021-05-13T02:55:00Z,22.323,0.0,Fitbit App
2021-05-13T03:00:00Z,22.213,0.0,Fitbit App
2021-05-13T03:05:00Z,32.361,0.0,Fitbit App
2021-05-13T03:10:00Z,20.381,0.0,Fitbit App
2021-05-13T03:15:00Z,21.878,0.0,Fitbit App
2021-05-13T03:20:00Z,23.901,0.0,Fitbit App
2021-05-13T03:25:00Z,23.783,0.0,Fitbit App
2021-05-13T03:30:00Z,26.547,0.0,Fitbit App
2021-05-13T03:35:00Z,29.678,0.0,Fitbit App
2021-05-13T03:40:00Z,23.321,0.0,Fitbit App
2021-05-13T03:45:00Z,27.221,0.0,Fitbit App
2021-05-13T03:50:00Z,30.069,0.0,Fitbit App
2021-05-13T03:55:00Z,24.646,0.0,Fitbit App
2021-05-13T04:00:00Z,18.966,0.0,Fitbit App
2021-05-13T04:05:00Z,22.188,0.0,Fitbit App
2021-05-13T04:10:00Z,20.58,0.0,Fitbit App
2021-05-13T04:15:00Z,22.952,0.0,Fitbit App
2021-05-13T04:20:00Z,24.826,0.0,Fitbit App
2021-05-13T04:25:00Z,23.567,0.0,Fitbit App
2021-05-13T04:30:00Z,19.948,0.0,Fitbit App
2021-05-13T04:35:00Z,17.805,0.0,Fitbit App
2021-05-13T04:40:00Z,19.081,0.0,Fitbit App
2021-05-13T04:45:00Z,24.162,0.0,Fitbit App
2021-05-13T04:50:00Z,26.927,0.0,Fitbit App
2021-05-13T04:55:00Z,22.988,0.0,Fitbit App
2021-05-13T05:00:00Z,25.541,0.0,Fitbit App
2021-05-13T05:05:00Z,25.217,0.0,Fitbit App
2021-05-13T05:10:00Z,26.171,0.0,Fitbit App
2021-05-13T05:15:00Z,25.134,0.0,Fitbit App
2021-05-13T05:20:00Z,23.717,0.0,Fitbit App
2021-05-13T05:25:00Z,27.137,0.0,Fitbit App
2021-05-13T05:30:00Z,26.632,0.0,Fitbit App
2021-05-13T05:35:00Z,23.411,0.0,Fitbit App
2021-05-13T05:40:00Z,26.821,0.0,Fitbit App
2021-05-13T05:45:00Z,21.893,0.0,Fitbit App
2021-05-13T05:50:00Z,23.527,0.0,Fitbit App
2021-05-13T05:55:00Z,28.174,0.0,Fitbit App
2021-05-13T06:00:00Z,30.094,0.0,Fitbit App
2021-05-13T06:05:00Z,31.114,0.0,Fitbit App
2021-05-13T06:10:00Z,26.749,0.0,Fitbit App
2021-05-13T06:15:00Z,28.481,0.0,Fitbit App
2021-05-13T06:20:00Z,18.523,0.0,Fitbit App
2021-05-13T06:25:00Z,25.814,0.0,Fitbit App
2021-05-13T06:30:00Z,21.991,0.0,Fitbit App
2021-05-13T06:35:00Z,22.378,0.0,Fitbit App
2021-05-13T06:40:00Z,22.665,0.0,Fitbit App
2021-05-13T06:45:00Z,24.485,0.0,Fitbit App
2021-05-13T06:50:00Z,26.615,0.0,Fitbit App
2021-05-13T06:55:00Z,29.406,0.0,Fitbit App
2021-05-13T07:00:00Z,23.145,0.0,Fitbit App
2021-05-13T07:05:00Z,20.589,0.0,Fitbit App
2021-05-13T07:10:00Z,21.156,0.0,Fitbit App
2021-05-13T07:15:00Z,19.994,0.0,Fitbit App
2021-05-13T07:20:00Z,23.879,0.0,Fitbit App
2021-05-13T07:25:00Z,18.636,0.0,Fitbit App
2021-05-13T07:30:00Z,22.392,0.0,Fitbit App
2021-05-13T07:35:00Z,23.984,0.0,Fitbit App
2021-05-13T07:40:00Z,28.008,0.0,Fitbit App
2021-05-13T07:45:00Z,39.129,0.0,Fitbit App
2021-05-13T07:50:00Z,33.806,0.0,Fitbit App
2021-05-13T07:55:00Z,31.472,0.0,Fitbit App
2021-05-13T08:00:00Z,26.462,0.0,Fitbit App
2021-05-13T08:05:00Z,29.283,0.0,Fitbit App
2021-05-13T08:10:00Z,25.063,0.0,Fitbit App
2021-05-13T08:15:00Z,24.861,0.0,Fitbit App
2021-05-13T08:20:00Z,25.708,0.0,Fitbit App
2021-05-13T08:25:00Z,33.102,0.0,Fitbit App
2021-05-13T08:30:00Z,40.545,0.0,Fitbit App
2021-05-13T08:35:00Z,31.791,0.0,Fitbit App
2021-05-13T08:40:00Z,29.131,0.0,Fitbit App
2021-05-13T08:45:00Z,19.451,0.0,Fitbit App
2021-05-13T08:50:00Z,20.3,0.0,Fitbit App
2021-05-13T08:55:00Z,22.728,0.0,Fitbit App
2021-05-13T09:00:00Z,22.961,0.0,Fitbit App
2021-05-13T09:05:00Z,19.247,0.0,Fitbit App
2021-05-13T09:10:00Z,22.99,0.0,Fitbit App
2021-05-13T09:15:00Z,25.362,0.0,Fitbit App
2021-05-13T09:20:00Z,20.667,0.0,Fitbit App
2021-05-13T09:25:00Z,19.838,0.0,Fitbit App
2021-05-13T09:30:00Z,22.985,0.0,Fitbit App
2021-05-19T23:05:00Z,11.456,0.0,Fitbit App
2021-05-19T23:10:00Z,11.882,0.0,Fitbit App
2021-05-19T23:15:00Z,11.756,0.0,Fitbit App
2021-05-19T23:20:00Z,10.86,0.0,Fitbit App
2021-05-19T23:25:00Z,9.538,0.0,Fitbit App
2021-05-19T23:30:00Z,10.391,0.0,Fitbit App
2021-05-19T23:35:00Z,10.042,0.0,Fitbit App
2021-05-19T23:40:00Z,8.78,0.0,Fitbit App
2021-05-19T23:45:00Z,8.911,0.0,Fitbit App
2021-05-19T23:50:00Z,8.404,0.0,Fitbit App
2021-05-19T23:55:00Z,9.111,0.0,Fitbit App
2021-05-20T00:00:00Z,8.589,0.0,Fitbit App
2021-05-20T00:05:00Z,9.436,0.0,Fitbit App
2021-05-20T00:10:00Z,9.878,0.0,Fitbit App
2021-05-20T00:15:00Z,8.805,0.0,Fitbit App
2021-05-20T00:20:00Z,8.292,0.0,Fitbit App
2021-05-20T00:25:00Z,7.823,0.0,Fitbit App
2021-05-20T00:30:00Z,8.025,0.0,Fitbit App
2021-05-20T00:35:00Z,10.629,0.0,Fitbit App
2021-05-20T00:40:00Z,9.328,0.0,Fitbit App
2021-05-20T00:45:00Z,9.537,0.0,Fitbit App
2021-05-20T00:50:00Z,10.32,0.0,Fitbit App
2021-05-20T00:55:00Z,10.255,0.0,Fitbit App
2021-05-20T01:00:00Z,10.835,0.0,Fitbit App
2021-05-20T01:05:00Z,14.315,0.0,Fitbit App
2021-05-20T01:10:00Z,16.072,0.0,Fitbit App
2021-05-20T01:15:00Z,10.348,0.0,Fitbit App
2021-05-20T01:20:00Z,9.213,0.0,Fitbit App
2021-05-20T01:25:00Z,9.568,0.0,Fitbit App
2021-05-20T01:30:00Z,10.082,0.0,Fitbit App
2021-05-20T01:35:00Z,11.502,0.0,Fitbit App
2021-05-20T01:40:00Z,10.882,0.0,Fitbit App
2021-05-20T01:45:00Z,11.106,0.0,Fitbit App
2021-05-20T01:50:00Z,12.344,0.0,Fitbit App
2021-05-20T01:55:00Z,10.353,0.0,Fitbit App
2021-05-20T02:00:00Z,9.962,0.0,Fitbit App
2021-05-20T02:05:00Z,10.752,0.0,Fitbit App
2021-05-20T02:10:00Z,10.605,0.0,Fitbit App
2021-05-20T02:15:00Z,13.436,0.0,Fitbit App
2021-05-20T02:40:00Z,11.011,0.0,Fitbit App
2021-05-20T02:45:00Z,10.387,0.0,Fitbit App
2021-05-20T02:50:00Z,13.754,0.0,Fitbit App
2021-05-20T02:55:00Z,11.926,0.0,Fitbit App
2021-05-20T03:00:00Z,14.233,0.0,Fitbit App
2021-05-20T03:05:00Z,13.967,0.0,Fitbit App
2021-05-20T03:10:00Z,16.025,0.0,Fitbit App
2021-05-20T03:15:00Z,12.391,0.0,Fitbit App
2021-05-20T03:20:00Z,11.085,0.0,Fitbit App
2021-05-20T03:25:00Z,10.793,0.0,Fitbit App
2021-05-20T03:30:00Z,10.542,0.0,Fitbit App
2021-05-20T03:35:00Z,11.127,0.0,Fitbit App
2021-05-20T03:40:00Z,11.114,0.0,Fitbit App
2021-05-20T03:45:00Z,11.427,0.0,Fitbit App
2021-05-20T03:50:00Z,14.644,0.0,Fitbit App
2021-05-20T03:55:00Z,10.246,0.0,Fitbit App
2021-05-20T04:00:00Z,10.889,0.0,Fitbit App
2021-05-20T04:05:00Z,10.587,0.0,Fitbit App
2021-05-20T04:10:00Z,12.779,0.0,Fitbit App
2021-05-20T04:20:00Z,16.725,0.0,Fitbit App
2021-05-20T04:25:00Z,13.404,0.0,Fitbit App
2021-05-20T04:30:00Z,15.052,0.0,Fitbit App
2021-05-20T04:35:00Z,16.273,0.0,Fitbit App
2021-05-20T04:40:00Z,14.369,0.0,Fitbit App
2021-05-20T05:20:00Z,16.911,0.0,Fitbit App
2021-05-20T05:25:00Z,18.925,0.0,Fitbit App
2021-05-20T05:30:00Z,16.135,0.0,Fitbit App
2021-05-20T05:35:00Z,12.993,0.0,Fitbit App
2021-05-20T05:40:00Z,12.292,0.0,Fitbit App
2021-05-20T05:45:00Z,11.875,0.0,Fitbit App
2021-05-20T05:50:00Z,12.139,0.0,Fitbit App
2021-05-20T05:55:00Z,13.647,0.0,Fitbit App
2021-05-20T06:00:00Z,16.043,0.0,Fitbit App
2021-05-20T06:05:00Z,13.028,0.0,Fitbit App
2021-05-20T06:10:00Z,13.096,0.0,Fitbit App
2021-05-20T06:15:00Z,13.886,0.0,Fitbit App
2021-05-20T06:20:00Z,11.544,0.0,Fitbit App
2021-05-20T06:25:00Z,16.862,0.0,Fitbit App
2021-05-20T06:30:00Z,16.584,0.0,Fitbit App
2021-05-20T06:35:00Z,15.293,0.0,Fitbit App
2021-05-20T06:40:00Z,14.278,0.0,Fitbit App
2021-05-20T06:45:00Z,12.741,0.0,Fitbit App
2021-05-20T06:50:00Z,17.589,0.0,Fitbit App
2021-05-20T06:55:00Z,15.522,0.0,Fitbit App
2021-05-20T07:00:00Z,16.871,0.0,Fitbit App
2021-05-20T07:05:00Z,18.714,0.0,Fitbit App
2021-05-20T07:10:00Z,20.276,0.0,Fitbit App
2021-05-20T07:15:00Z,17.247,0.0,Fitbit App
2021-05-20T07:20:00Z,16.232,0.0,Fitbit App
2021-05-20T07:25:00Z,15.034,0.0,Fitbit App
2021-05-20T07:30:00Z,20.534,0.0,Fitbit App
2021-05-20T07:35:00Z,22.291,0.0,Fitbit App
2021-05-20T07:40:00Z,20.722,0.0,Fitbit App
2021-05-20T07:45:00Z,22.833,0.0,Fitbit App
2021-05-20T07:50:00Z,19.197,0.0,Fitbit App
2021-05-20T07:55:00Z,18.089,0.0,Fitbit App
2021-05-20T08:00:00Z,17.772,0.0,Fitbit App
2021-05-20T08:05:00Z,15.1,0.0,Fitbit App
2021-05-20T08:10:00Z,14.629,0.0,Fitbit App
2021-05-20T23:45:00Z,14.476,0.0,Fitbit App
2021-05-20T23:50:00Z,14.191,0.0,Fitbit App
2021-05-20T23:55:00Z,15.692,0.0,Fitbit App
2021-05-21T00:00:00Z,14.017,0.0,Fitbit App
2021-05-21T00:05:00Z,12.4,0.0,Fitbit App
2021-05-21T00:10:00Z,15.411,0.0,Fitbit App
2021-05-21T00:15:00Z,12.452,0.0,Fitbit App
2021-05-21T00:20:00Z,11.984,0.0,Fitbit App
2021-05-21T00:25:00Z,10.629,0.0,Fitbit App
2021-05-21T00:30:00Z,9.575,0.0,Fitbit App
2021-05-21T00:35:00Z,9.41,0.0,Fitbit App
2021-05-21T00:40:00Z,9.591,0.0,Fitbit App
2021-05-21T00:45:00Z,10.066,0.0,Fitbit App
2021-05-21T00:50:00Z,10.579,0.0,Fitbit App
2021-05-21T00:55:00Z,10.39,0.0,Fitbit App
2021-05-21T01:00:00Z,9.894,0.0,Fitbit App
2021-05-21T01:05:00Z,11.179,0.0,Fitbit App
2021-05-21T01:10:00Z,12.8,0.0,Fitbit App
2021-05-21T01:15:00Z,13.959,0.0,Fitbit App
2021-05-21T01:20:00Z,12.1,0.0,Fitbit App
2021-05-21T01:25:00Z,10.832,0.0,Fitbit App
2021-05-21T01:30:00Z,10.0,0.0,Fitbit App
2021-05-21T01:35:00Z,11.656,0.0,Fitbit App
2021-05-21T01:40:00Z,12.134,0.0,Fitbit App
2021-05-21T01:45:00Z,14.624,0.0,Fitbit App
2021-05-21T01:50:00Z,17.201,0.0,Fitbit App
2021-05-21T01:55:00Z,10.522,0.0,Fitbit App
2021-05-21T02:00:00Z,16.037,0.0,Fitbit App
2021-05-21T02:05:00Z,16.458,0.0,Fitbit App
2021-05-21T02:10:00Z,14.175,0.0,Fitbit App
2021-05-21T02:15:00Z,12.452,0.0,Fitbit App
2021-05-21T02:20:00Z,12.386,0.0,Fitbit App
2021-05-21T02:25:00Z,15.307,0.0,Fitbit App
2021-05-21T02:30:00Z,14.822,0.0,Fitbit App
2021-05-21T02:35:00Z,12.507,0.0,Fitbit App
2021-05-21T02:40:00Z,12.521,0.0,Fitbit App
2021-05-21T02:45:00Z,16.289,0.0,Fitbit App
2021-05-21T02:50:00Z,15.256,0.0,Fitbit App
2021-05-21T02:55:00Z,17.642,0.0,Fitbit App
2021-05-21T03:00:00Z,20.728,0.0,Fitbit App
2021-05-21T03:05:00Z,23.021,0.0,Fitbit App
2021-05-21T03:10:00Z,19.805,0.0,Fitbit App
2021-05-21T03:15:00Z,18.787,0.0,Fitbit App
2021-05-21T03:20:00Z,17.014,0.0,Fitbit App
2021-05-21T03:25:00Z,18.633,0.0,Fitbit App
2021-05-21T03:30:00Z,17.211,0.0,Fitbit App
2021-05-21T03:35:00Z,11.741,0.0,Fitbit App
2021-05-21T03:40:00Z,13.711,0.0,Fitbit App
2021-05-21T03:45:00Z,16.573,0.0,Fitbit App
2021-05-21T03:50:00Z,19.789,0.0,Fitbit App
2021-05-21T03:55:00Z,14.704,0.0,Fitbit App
2021-05-21T04:00:00Z,13.277,0.0,Fitbit App
2021-05-21T04:05:00Z,12.153,0.0,Fitbit App
2021-05-21T04:10:00Z,13.124,0.0,Fitbit App
2021-05-21T04:15:00Z,11.327,0.0,Fitbit App
2021-05-21T04:20:00Z,10.54,0.0,Fitbit App
2021-05-21T04:25:00Z,10.714,0.0,Fitbit App
2021-05-21T04:30:00Z,10.324,0.0,Fitbit App
2021-05-21T04:40:00Z,13.553,0.0,Fitbit App
2021-05-21T04:45:00Z,13.443,0.0,Fitbit App
2021-05-21T04:50:00Z,13.42,0.0,Fitbit App
2021-05-21T04:55:00Z,17.435,0.0,Fitbit App
2021-05-21T05:00:00Z,17.0,0.0,Fitbit App
2021-05-21T05:05:00Z,16.821,0.0,Fitbit App
2021-05-21T05:10:00Z,17.996,0.0,Fitbit App
2021-05-21T05:15:00Z,19.018,0.0,Fitbit App
2021-05-21T05:20:00Z,18.851,0.0,Fitbit App
2021-05-21T05:25:00Z,22.002,0.0,Fitbit App
2021-05-21T05:30:00Z,18.665,0.0,Fitbit App
2021-05-21T05:35:00Z,12.814,0.0,Fitbit App
2021-05-21T05:40:00Z,12.109,0.0,Fitbit App
2021-05-21T05:45:00Z,12.92,0.0,Fitbit App
2021-05-21T05:50:00Z,14.418,0.0,Fitbit App
2021-05-21T05:55:00Z,12.977,0.0,Fitbit App
2021-05-21T06:00:00Z,14.658,0.0,Fitbit App
2021-05-21T06:05:00Z,14.214,0.0,Fitbit App
2021-05-21T06:10:00Z,11.356,0.0,Fitbit App
2021-05-21T06:15:00Z,15.39,0.0,Fitbit App
2021-05-21T06:20:00Z,16.07,0.0,Fitbit App
2021-05-21T06:25:00Z,14.877,0.0,Fitbit App
2021-05-21T06:30:00Z,13.652,0.0,Fitbit App
2021-05-21T06:35:00Z,20.808,0.0,Fitbit App
2021-05-21T06:40:00Z,20.329,0.0,Fitbit App
2021-05-21T06:45:00Z,19.346,0.0,Fitbit App
2021-05-21T06:50:00Z,14.976,0.0,Fitbit App
2021-05-21T06:55:00Z,16.573,0.0,Fitbit App
2021-05-21T07:00:00Z,15.609,0.0,Fitbit App
2021-05-21T07:05:00Z,14.315,0.0,Fitbit App
2021-05-21T07:10:00Z,23.009,0.0,Fitbit App
2021-05-21T07:15:00Z,14.803,0.0,Fitbit App
2021-05-22T00:50:00Z,16.72,0.0,Fitbit App
2021-05-22T01:00:00Z,11.337,0.0,Fitbit App
2021-05-22T01:05:00Z,10.4,0.0,Fitbit App
2021-05-22T01:10:00Z,12.356,0.0,Fitbit App
2021-05-22T01:15:00Z,11.37,0.0,Fitbit App
2021-05-22T01:20:00Z,11.576,0.0,Fitbit App
2021-05-22T01:25:00Z,11.8,0.0,Fitbit App
2021-05-22T01:30:00Z,13.271,0.0,Fitbit App
2021-05-22T01:35:00Z,13.706,0.0,Fitbit App
2021-05-22T01:40:00Z,11.664,0.0,Fitbit App
2021-05-22T01:45:00Z,11.613,0.0,Fitbit App
2021-05-22T01:50:00Z,12.867,0.0,Fitbit App
2021-05-22T01:55:00Z,9.663,0.0,Fitbit App
2021-05-22T02:00:00Z,12.696,0.0,Fitbit App
2021-05-22T02:05:00Z,11.899,0.0,Fitbit App
2021-05-22T02:10:00Z,14.653,0.0,Fitbit App
2021-05-22T02:15:00Z,11.853,0.0,Fitbit App
2021-05-22T02:20:00Z,12.088,0.0,Fitbit App
2021-05-22T02:25:00Z,12.325,0.0,Fitbit App
2021-05-22T02:30:00Z,14.466,0.0,Fitbit App
2021-05-22T02:35:00Z,15.776,0.0,Fitbit App
2021-05-22T02:40:00Z,16.294,0.0,Fitbit App
2021-05-22T02:45:00Z,13.246,0.0,Fitbit App
2021-05-22T02:50:00Z,15.773,0.0,Fitbit App
2021-05-22T02:55:00Z,16.202,0.0,Fitbit App
2021-05-22T03:00:00Z,17.028,0.0,Fitbit App
2021-05-22T03:05:00Z,22.282,0.0,Fitbit App
2021-05-22T03:10:00Z,24.447,0.0,Fitbit App
2021-05-22T03:15:00Z,22.699,0.0,Fitbit App
2021-05-22T03:20:00Z,17.765,0.0,Fitbit App
2021-05-22T03:25:00Z,18.216,0.0,Fitbit App
2021-05-22T03:30:00Z,15.018,0.0,Fitbit App
2021-05-22T03:35:00Z,15.002,0.0,Fitbit App
2021-05-22T03:40:00Z,16.183,0.0,Fitbit App
2021-05-22T03:45:00Z,12.529,0.0,Fitbit App
2021-05-22T03:50:00Z,15.689,0.0,Fitbit App
2021-05-22T03:55:00Z,18.186,0.0,Fitbit App
2021-05-22T04:00:00Z,15.184,0.0,Fitbit App
2021-05-22T04:05:00Z,18.038,0.0,Fitbit App
2021-05-22T04:10:00Z,18.484,0.0,Fitbit App
2021-05-22T04:15:00Z,19.078,0.0,Fitbit App
2021-05-22T04:20:00Z,17.845,0.0,Fitbit App
2021-05-22T04:25:00Z,18.299,0.0,Fitbit App
2021-05-22T04:30:00Z,18.426,0.0,Fitbit App
2021-05-22T04:35:00Z,21.317,0.0,Fitbit App
2021-05-22T04:40:00Z,24.577,0.0,Fitbit App
2021-05-22T04:45:00Z,21.538,0.0,Fitbit App
2021-05-22T04:50:00Z,28.53,0.0,Fitbit App
2021-05-22T04:55:00Z,21.249,0.0,Fitbit App
2021-05-22T05:00:00Z,11.985,0.0,Fitbit App
2021-05-22T05:05:00Z,20.491,0.0,Fitbit App
2021-05-22T05:10:00Z,17.537,0.0,Fitbit App
2021-05-22T05:15:00Z,12.718,0.0,Fitbit App
2021-05-22T05:20:00Z,12.034,0.0,Fitbit App
2021-05-22T05:25:00Z,12.694,0.0,Fitbit App
2021-05-22T05:30:00Z,19.921,0.0,Fitbit App
2021-05-22T05:35:00Z,22.545,0.0,Fitbit App
2021-05-22T05:40:00Z,17.843,0.0,Fitbit App
2021-05-22T05:45:00Z,17.895,0.0,Fitbit App
2021-05-22T05:50:00Z,17.905,0.0,Fitbit App
2021-05-22T05:55:00Z,21.296,0.0,Fitbit App
2021-05-22T06:00:00Z,21.974,0.0,Fitbit App
2021-05-22T06:05:00Z,20.427,0.0,Fitbit App
2021-05-22T06:10:00Z,23.372,0.0,Fitbit App
2021-05-22T06:15:00Z,20.855,0.0,Fitbit App
2021-05-22T06:20:00Z,22.007,0.0,Fitbit App
2021-05-22T06:25:00Z,24.463,0.0,Fitbit App
2021-05-22T06:30:00Z,24.962,0.0,Fitbit App
2021-05-22T06:35:00Z,19.926,0.0,Fitbit App
2021-05-22T06:40:00Z,31.69,0.0,Fitbit App
2021-05-22T06:45:00Z,27.61,0.0,Fitbit App
2021-05-22T06:50:00Z,19.669,0.0,Fitbit App
2021-05-22T06:55:00Z,15.478,0.0,Fitbit App
2021-05-22T07:00:00Z,16.967,0.0,Fitbit App
2021-05-22T07:05:00Z,17.199,0.0,Fitbit App
2021-05-22T07:10:00Z,23.91,0.0,Fitbit App
2021-05-22T07:15:00Z,17.129,0.0,Fitbit App
2021-05-22T07:20:00Z,19.161,0.0,Fitbit App
2021-05-22T07:25:00Z,18.04,0.0,Fitbit App
2021-05-22T07:30:00Z,17.88,0.0,Fitbit App
2021-05-22T07:35:00Z,17.507,0.0,Fitbit App
2021-05-22T07:40:00Z,14.606,0.0,Fitbit App
2021-05-22T07:45:00Z,15.593,0.0,Fitbit App
2021-05-22T07:50:00Z,12.161,0.0,Fitbit App
2021-05-22T07:55:00Z,16.872,0.0,Fitbit App
2021-05-22T08:00:00Z,18.105,0.0,Fitbit App
2021-05-22T08:05:00Z,18.662,0.0,Fitbit App
2021-05-22T08:10:00Z,18.778,0.0,Fitbit App
2021-05-22T08:15:00Z,16.055,0.0,Fitbit App
2021-05-22T08:20:00Z,16.091,0.0,Fitbit App
2021-05-22T08:25:00Z,15.99,0.0,Fitbit App
2021-05-22T08:30:00Z,16.567,0.0,Fitbit App
2021-05-22T08:35:00Z,18.414,0.0,Fitbit App
2021-05-22T08:40:00Z,16.036,0.0,Fitbit App
2021-05-22T08:45:00Z,16.708,0.0,Fitbit App
2021-05-22T08:50:00Z,13.662,0.0,Fitbit App
2021-05-22T08:55:00Z,16.956,0.0,Fitbit App
2021-05-22T09:00:00Z,15.177,0.0,Fitbit App
2021-05-22T09:05:00Z,17.035,0.0,Fitbit App
2021-05-23T02:15:00Z,8.235,0.0,Fitbit App
2021-05-23T02:20:00Z,7.358,0.0,Fitbit App
2021-05-23T02:25:00Z,8.751,0.0,Fitbit App
2021-05-23T02:30:00Z,7.226,0.0,Fitbit App
2021-05-23T02:35:00Z,8.264,0.0,Fitbit App
2021-05-23T02:40:00Z,8.17,0.0,Fitbit App
2021-05-23T02:45:00Z,8.312,0.0,Fitbit App
2021-05-23T02:50:00Z,7.717,0.0,Fitbit App
2021-05-23T02:55:00Z,7.83,0.0,Fitbit App
2021-05-23T03:00:00Z,8.165,0.0,Fitbit App
2021-05-23T03:05:00Z,19.173,0.0,Fitbit App
2021-05-23T03:10:00Z,11.411,0.0,Fitbit App
2021-05-23T03:15:00Z,17.999,0.0,Fitbit App
2021-05-23T03:20:00Z,11.84,0.0,Fitbit App
2021-05-23T03:25:00Z,11.834,0.0,Fitbit App
2021-05-23T03:30:00Z,10.154,0.0,Fitbit App
2021-05-23T03:35:00Z,11.0,0.0,Fitbit App
2021-05-23T03:40:00Z,10.658,0.0,Fitbit App
2021-05-23T03:45:00Z,11.753,0.0,Fitbit App
2021-05-23T03:50:00Z,12.785,0.0,Fitbit App
2021-05-23T03:55:00Z,11.434,0.0,Fitbit App
2021-05-23T04:00:00Z,12.244,0.0,Fitbit App
2021-05-23T04:05:00Z,11.935,0.0,Fitbit App
2021-05-23T04:10:00Z,10.132,0.0,Fitbit App
2021-05-23T04:15:00Z,10.916,0.0,Fitbit App
2021-05-23T04:20:00Z,9.441,0.0,Fitbit App
2021-05-23T04:25:00Z,15.105,0.0,Fitbit App
2021-05-23T04:30:00Z,13.221,0.0,Fitbit App
2021-05-23T04:35:00Z,13.013,0.0,Fitbit App
2021-05-23T04:40:00Z,14.096,0.0,Fitbit App
2021-05-23T04:45:00Z,12.091,0.0,Fitbit App
2021-05-23T04:50:00Z,11.237,0.0,Fitbit App
2021-05-23T04:55:00Z,15.202,0.0,Fitbit App
2021-05-23T05:00:00Z,16.322,0.0,Fitbit App
2021-05-23T05:05:00Z,16.974,0.0,Fitbit App
2021-05-23T05:10:00Z,13.581,0.0,Fitbit App
2021-05-23T05:15:00Z,18.592,0.0,Fitbit App
2021-05-23T05:20:00Z,14.724,0.0,Fitbit App
2021-05-23T05:25:00Z,14.251,0.0,Fitbit App
2021-05-23T05:30:00Z,22.334,0.0,Fitbit App
2021-05-23T05:35:00Z,15.393,0.0,Fitbit App
2021-05-23T05:40:00Z,17.56,0.0,Fitbit App
2021-05-23T05:45:00Z,17.582,0.0,Fitbit App
2021-05-23T05:50:00Z,15.345,0.0,Fitbit App
2021-05-23T05:55:00Z,14.193,0.0,Fitbit App
2021-05-23T06:00:00Z,20.961,0.0,Fitbit App
2021-05-23T06:05:00Z,19.206,0.0,Fitbit App
2021-05-23T06:10:00Z,19.404,0.0,Fitbit App
2021-05-23T06:20:00Z,18.403,0.0,Fitbit App
2021-05-23T06:25:00Z,17.526,0.0,Fitbit App
2021-05-23T06:30:00Z,18.281,0.0,Fitbit App
2021-05-23T06:35:00Z,16.21,0.0,Fitbit App
2021-05-23T06:40:00Z,14.545,0.0,Fitbit App
2021-05-23T06:45:00Z,18.348,0.0,Fitbit App
2021-05-23T06:50:00Z,19.421,0.0,Fitbit App
2021-05-23T06:55:00Z,19.793,0.0,Fitbit App
2021-05-23T07:00:00Z,12.688,0.0,Fitbit App
2021-05-23T07:05:00Z,11.928,0.0,Fitbit App
2021-05-23T07:10:00Z,21.906,0.0,Fitbit App
2021-05-23T07:15:00Z,18.677,0.0,Fitbit App
2021-05-23T07:20:00Z,17.291,0.0,Fitbit App
2021-05-23T07:25:00Z,13.25,0.0,Fitbit App
2021-05-23T07:30:00Z,13.854,0.0,Fitbit App
2021-05-23T07:35:00Z,12.149,0.0,Fitbit App
2021-05-23T07:40:00Z,14.228,0.0,Fitbit App
2021-05-23T07:45:00Z,13.209,0.0,Fitbit App
2021-05-23T07:50:00Z,12.508,0.0,Fitbit App
2021-05-23T07:55:00Z,11.888,0.0,Fitbit App
2021-05-23T08:00:00Z,14.016,0.0,Fitbit App
2021-05-23T08:05:00Z,14.734,0.0,Fitbit App
2021-05-23T08:10:00Z,14.172,0.0,Fitbit App
2021-05-23T08:15:00Z,13.961,0.0,Fitbit App
2021-05-23T08:20:00Z,20.084,0.0,Fitbit App
2021-05-23T08:25:00Z,21.553,0.0,Fitbit App
2021-05-23T08:30:00Z,17.934,0.0,Fitbit App
2021-05-23T08:35:00Z,21.393,0.0,Fitbit App
2021-05-23T08:40:00Z,17.973,0.0,Fitbit App
2021-05-23T08:45:00Z,21.259,0.0,Fitbit App
2021-05-23T08:50:00Z,23.929,0.0,Fitbit App
2021-05-23T08:55:00Z,28.918,0.0,Fitbit App
2021-05-23T09:00:00Z,27.119,0.0,Fitbit App
2021-05-23T09:05:00Z,25.114,0.0,Fitbit App
2021-05-24T00:05:00Z,10.354,0.0,Fitbit App
2021-05-24T00:10:00Z,10.87,0.0,Fitbit App
2021-05-24T00:15:00Z,9.998,0.0,Fitbit App
2021-05-24T00:20:00Z,10.599,0.0,Fitbit App
2021-05-24T00:25:00Z,10.386,0.0,Fitbit App
2021-05-24T00:30:00Z,9.345,0.0,Fitbit App
2021-05-24T00:35:00Z,10.353,0.0,Fitbit App
2021-05-24T00:40:00Z,10.606,0.0,Fitbit App
2021-05-24T00:45:00Z,10.92,0.0,Fitbit App
2021-05-24T00:50:00Z,11.565,0.0,Fitbit App
2021-05-24T00:55:00Z,13.41,0.0,Fitbit App
2021-05-24T01:00:00Z,13.808,0.0,Fitbit App
2021-05-24T01:05:00Z,13.65,0.0,Fitbit App
2021-05-24T01:10:00Z,14.496,0.0,Fitbit App
2021-05-24T01:15:00Z,10.876,0.0,Fitbit App
2021-05-24T01:20:00Z,15.536,0.0,Fitbit App
2021-05-24T01:25:00Z,11.794,0.0,Fitbit App
2021-05-24T01:30:00Z,8.587,0.0,Fitbit App
2021-05-24T01:35:00Z,8.929,0.0,Fitbit App
2021-05-24T01:40:00Z,9.309,0.0,Fitbit App
2021-05-24T01:45:00Z,8.982,0.0,Fitbit App
2021-05-24T01:50:00Z,10.471,0.0,Fitbit App
2021-05-24T01:55:00Z,10.71,0.0,Fitbit App
2021-05-24T02:00:00Z,13.485,0.0,Fitbit App
2021-05-24T02:05:00Z,12.501,0.0,Fitbit App
2021-05-24T02:10:00Z,24.105,0.0,Fitbit App
2021-05-24T02:15:00Z,29.157,0.0,Fitbit App
2021-05-24T02:20:00Z,17.443,0.0,Fitbit App
2021-05-24T02:25:00Z,17.09,0.0,Fitbit App
2021-05-24T02:30:00Z,16.745,0.0,Fitbit App
2021-05-24T02:35:00Z,20.23,0.0,Fitbit App
2021-05-24T02:40:00Z,27.174,0.0,Fitbit App
2021-05-24T02:45:00Z,29.982,0.0,Fitbit App
2021-05-24T02:50:00Z,32.226,0.0,Fitbit App
2021-05-24T02:55:00Z,31.807,0.0,Fitbit App
2021-05-24T03:00:00Z,25.084,0.0,Fitbit App
2021-05-24T03:05:00Z,22.689,0.0,Fitbit App
2021-05-24T03:10:00Z,14.114,0.0,Fitbit App
2021-05-24T03:15:00Z,10.837,0.0,Fitbit App
2021-05-24T03:20:00Z,13.665,0.0,Fitbit App
2021-05-24T03:25:00Z,15.68,0.0,Fitbit App
2021-05-24T03:30:00Z,15.065,0.0,Fitbit App
2021-05-24T03:35:00Z,12.678,0.0,Fitbit App
2021-05-24T03:40:00Z,13.174,0.0,Fitbit App
2021-05-24T03:45:00Z,14.266,0.0,Fitbit App
2021-05-24T03:50:00Z,15.232,0.0,Fitbit App
2021-05-24T03:55:00Z,15.174,0.0,Fitbit App
2021-05-24T04:00:00Z,14.343,0.0,Fitbit App
2021-05-24T04:05:00Z,17.477,0.0,Fitbit App
2021-05-24T04:10:00Z,15.228,0.0,Fitbit App
2021-05-24T04:15:00Z,17.873,0.0,Fitbit App
2021-05-24T04:20:00Z,13.907,0.0,Fitbit App
2021-05-24T04:25:00Z,17.714,0.0,Fitbit App
2021-05-24T04:30:00Z,15.768,0.0,Fitbit App
2021-05-24T04:35:00Z,17.086,0.0,Fitbit App
2021-05-24T04:40:00Z,14.614,0.0,Fitbit App
2021-05-24T04:45:00Z,15.365,0.0,Fitbit App
2021-05-24T04:50:00Z,27.736,0.0,Fitbit App
2021-05-24T04:55:00Z,27.906,0.0,Fitbit App
2021-05-24T05:00:00Z,15.29,0.0,Fitbit App
2021-05-24T05:05:00Z,14.192,0.0,Fitbit App
2021-05-24T05:10:00Z,16.417,0.0,Fitbit App
2021-05-24T05:15:00Z,15.268,0.0,Fitbit App
2021-05-24T05:20:00Z,19.805,0.0,Fitbit App
2021-05-24T05:25:00Z,21.882,0.0,Fitbit App
2021-05-24T05:30:00Z,20.945,0.0,Fitbit App
2021-05-24T05:35:00Z,22.32,0.0,Fitbit App
2021-05-24T05:40:00Z,22.22,0.0,Fitbit App
2021-05-24T05:45:00Z,26.246,0.0,Fitbit App
2021-05-24T05:50:00Z,20.904,0.0,Fitbit App
2021-05-24T05:55:00Z,25.198,0.0,Fitbit App
2021-05-24T06:00:00Z,30.329,0.0,Fitbit App
2021-05-24T06:05:00Z,27.521,0.0,Fitbit App
2021-05-24T06:10:00Z,27.839,0.0,Fitbit App
2021-05-24T06:15:00Z,25.651,0.0,Fitbit App
2021-05-24T06:20:00Z,27.38,0.0,Fitbit App
2021-05-24T06:25:00Z,25.952,0.0,Fitbit App
2021-05-24T06:30:00Z,25.77,0.0,Fitbit App
2021-05-24T06:35:00Z,20.299,0.0,Fitbit App
2021-05-24T06:40:00Z,19.93,0.0,Fitbit App
2021-05-24T06:45:00Z,17.427,0.0,Fitbit App
2021-05-24T06:50:00Z,23.613,0.0,Fitbit App
2021-05-24T06:55:00Z,22.748,0.0,Fitbit App
2021-05-24T07:00:00Z,26.229,0.0,Fitbit App
2021-05-24T07:05:00Z,29.337,0.0,Fitbit App
2021-05-24T07:10:00Z,27.611,0.0,Fitbit App
2021-05-24T07:15:00Z,20.819,0.0,Fitbit App
2021-05-24T07:20:00Z,25.056,0.0,Fitbit App
2021-05-24T07:25:00Z,23.931,0.0,Fitbit App
2021-05-24T07:30:00Z,26.297,0.0,Fitbit App
2021-05-24T07:35:00Z,26.401,0.0,Fitbit App
2021-05-24T07:40:00Z,24.128,0.0,Fitbit App
2021-05-24T07:45:00Z,25.409,0.0,Fitbit App
2021-05-24T07:50:00Z,24.355,0.0,Fitbit App
2021-05-24T07:55:00Z,26.179,0.0,Fitbit App
2021-05-24T08:00:00Z,18.729,0.0,Fitbit App
2021-05-24T08:05:00Z,22.697,0.0,Fitbit App
2021-05-24T08:10:00Z,16.288,0.0,Fitbit App
2021-05-24T08:15:00Z,15.207,0.0,Fitbit App
2021-05-24T08:20:00Z,16.973,0.0,Fitbit App
2021-05-24T08:25:00Z,15.352,0.0,Fitbit App
2021-05-24T08:30:00Z,17.555,0.0,Fitbit App
2021-05-24T08:35:00Z,20.449,0.0,Fitbit App
2021-05-25T00:50:00Z,11.927,0.0,Fitbit App
2021-05-25T00:55:00Z,10.313,0.0,Fitbit App
2021-05-25T01:00:00Z,12.193,0.0,Fitbit App
2021-05-25T01:05:00Z,10.685,0.0,Fitbit App
2021-05-25T01:10:00Z,10.299,0.0,Fitbit App
2021-05-25T01:15:00Z,10.654,0.0,Fitbit App
2021-05-25T01:20:00Z,11.591,0.0,Fitbit App
2021-05-25T01:25:00Z,13.496,0.0,Fitbit App
2021-05-25T01:30:00Z,16.299,0.0,Fitbit App
2021-05-25T01:35:00Z,13.707,0.0,Fitbit App
2021-05-25T01:40:00Z,11.883,0.0,Fitbit App
2021-05-25T01:45:00Z,10.991,0.0,Fitbit App
2021-05-25T01:50:00Z,10.66,0.0,Fitbit App
2021-05-25T01:55:00Z,11.541,0.0,Fitbit App
2021-05-25T02:00:00Z,12.505,0.0,Fitbit App
2021-05-25T02:05:00Z,13.238,0.0,Fitbit App
2021-05-25T02:10:00Z,15.905,0.0,Fitbit App
2021-05-25T02:15:00Z,15.488,0.0,Fitbit App
2021-05-25T02:20:00Z,13.243,0.0,Fitbit App
2021-05-25T02:25:00Z,12.373,0.0,Fitbit App
2021-05-25T02:30:00Z,12.405,0.0,Fitbit App
2021-05-25T02:35:00Z,13.309,0.0,Fitbit App
2021-05-25T02:40:00Z,13.864,0.0,Fitbit App
2021-05-25T02:45:00Z,15.058,0.0,Fitbit App
2021-05-25T02:50:00Z,13.592,0.0,Fitbit App
2021-05-25T02:55:00Z,9.636,0.0,Fitbit App
2021-05-25T03:00:00Z,12.428,0.0,Fitbit App
2021-05-25T03:05:00Z,12.045,0.0,Fitbit App
2021-05-25T03:10:00Z,16.821,0.0,Fitbit App
2021-05-25T03:15:00Z,15.042,0.0,Fitbit App
2021-05-25T03:20:00Z,16.508,0.0,Fitbit App
2021-05-25T03:25:00Z,19.016,0.0,Fitbit App
2021-05-25T03:30:00Z,19.311,0.0,Fitbit App
2021-05-25T03:35:00Z,19.489,0.0,Fitbit App
2021-05-25T03:40:00Z,17.849,0.0,Fitbit App
2021-05-25T03:45:00Z,17.736,0.0,Fitbit App
2021-05-25T03:50:00Z,15.243,0.0,Fitbit App
2021-05-25T03:55:00Z,13.621,0.0,Fitbit App
2021-05-25T04:00:00Z,15.554,0.0,Fitbit App
2021-05-25T04:05:00Z,15.288,0.0,Fitbit App
2021-05-25T04:10:00Z,18.342,0.0,Fitbit App
2021-05-25T04:15:00Z,15.839,0.0,Fitbit App
2021-05-25T04:20:00Z,24.093,0.0,Fitbit App
2021-05-25T04:25:00Z,26.458,0.0,Fitbit App
2021-05-25T04:30:00Z,22.834,0.0,Fitbit App
2021-05-25T04:35:00Z,17.042,0.0,Fitbit App
2021-05-25T04:40:00Z,14.013,0.0,Fitbit App
2021-05-25T04:45:00Z,10.535,0.0,Fitbit App
2021-05-25T04:50:00Z,20.222,0.0,Fitbit App
2021-05-25T04:55:00Z,19.176,0.0,Fitbit App
2021-05-25T05:00:00Z,19.48,0.0,Fitbit App
2021-05-25T05:05:00Z,20.188,0.0,Fitbit App
2021-05-25T05:10:00Z,22.407,0.0,Fitbit App
2021-05-25T05:15:00Z,21.665,0.0,Fitbit App
2021-05-25T05:20:00Z,21.317,0.0,Fitbit App
2021-05-25T05:25:00Z,20.014,0.0,Fitbit App
2021-05-25T05:30:00Z,24.253,0.0,Fitbit App
2021-05-25T05:35:00Z,22.149,0.0,Fitbit App
2021-05-25T05:40:00Z,21.732,0.0,Fitbit App
2021-05-25T05:45:00Z,26.412,0.0,Fitbit App
2021-05-25T05:50:00Z,24.974,0.0,Fitbit App
2021-05-25T05:55:00Z,22.526,0.0,Fitbit App
2021-05-25T06:00:00Z,25.323,0.0,Fitbit App
2021-05-25T06:05:00Z,35.899,0.0,Fitbit App
2021-05-25T06:10:00Z,29.156,0.0,Fitbit App
2021-05-25T06:15:00Z,25.659,0.0,Fitbit App
2021-05-25T06:20:00Z,21.195,0.0,Fitbit App
2021-05-25T06:25:00Z,33.238,0.0,Fitbit App
2021-05-25T06:30:00Z,25.638,0.0,Fitbit App
2021-05-25T06:35:00Z,26.441,0.0,Fitbit App
2021-05-25T06:40:00Z,24.505,0.0,Fitbit App
2021-05-25T06:45:00Z,23.047,0.0,Fitbit App
2021-05-25T06:50:00Z,28.214,0.0,Fitbit App
2021-05-25T06:55:00Z,18.8,0.0,Fitbit App
2021-05-25T07:00:00Z,22.399,0.0,Fitbit App
2021-05-25T07:05:00Z,23.282,0.0,Fitbit App
2021-05-25T07:10:00Z,31.95,0.0,Fitbit App
2021-05-25T07:15:00Z,37.345,0.0,Fitbit App
2021-05-25T07:20:00Z,31.451,0.0,Fitbit App
2021-05-25T07:25:00Z,29.668,0.0,Fitbit App
2021-05-25T07:30:00Z,30.331,0.0,Fitbit App
2021-05-25T07:35:00Z,25.903,0.0,Fitbit App
2021-05-25T07:40:00Z,24.745,0.0,Fitbit App
2021-05-25T07:45:00Z,23.366,0.0,Fitbit App
2021-05-25T07:50:00Z,24.512,0.0,Fitbit App
2021-05-25T07:55:00Z,24.639,0.0,Fitbit App
2021-05-27T00:30:00Z,12.155,0.0,Fitbit App
2021-05-27T00:35:00Z,12.706,0.0,Fitbit App
2021-05-27T00:40:00Z,15.507,0.0,Fitbit App
2021-05-27T00:45:00Z,12.49,0.0,Fitbit App
2021-05-27T00:50:00Z,11.798,0.0,Fitbit App
2021-05-27T00:55:00Z,11.489,0.0,Fitbit App
2021-05-27T01:00:00Z,11.533,0.0,Fitbit App
2021-05-27T01:05:00Z,12.107,0.0,Fitbit App
2021-05-27T01:10:00Z,10.527,0.0,Fitbit App
2021-05-27T01:15:00Z,11.179,0.0,Fitbit App
2021-05-27T01:20:00Z,10.078,0.0,Fitbit App
2021-05-27T01:25:00Z,9.691,0.0,Fitbit App
2021-05-27T01:30:00Z,10.438,0.0,Fitbit App
2021-05-27T01:35:00Z,10.142,0.0,Fitbit App
2021-05-27T01:40:00Z,10.697,0.0,Fitbit App
2021-05-27T01:45:00Z,10.731,0.0,Fitbit App
2021-05-27T01:50:00Z,12.453,0.0,Fitbit App
2021-05-27T01:55:00Z,17.085,0.0,Fitbit App
2021-05-27T02:00:00Z,22.079,0.0,Fitbit App
2021-05-27T02:05:00Z,23.016,0.0,Fitbit App
2021-05-27T02:10:00Z,17.348,0.0,Fitbit App
2021-05-27T02:15:00Z,13.941,0.0,Fitbit App
2021-05-27T02:20:00Z,14.894,0.0,Fitbit App
2021-05-27T02:25:00Z,17.287,0.0,Fitbit App
2021-05-27T02:30:00Z,20.925,0.0,Fitbit App
2021-05-27T02:35:00Z,21.981,0.0,Fitbit App
2021-05-27T02:40:00Z,20.832,0.0,Fitbit App
2021-05-27T02:45:00Z,16.039,0.0,Fitbit App
2021-05-27T02:50:00Z,10.804,0.0,Fitbit App
2021-05-27T02:55:00Z,13.174,0.0,Fitbit App
2021-05-27T03:00:00Z,13.125,0.0,Fitbit App
2021-05-27T03:05:00Z,13.937,0.0,Fitbit App
2021-05-27T03:10:00Z,12.857,0.0,Fitbit App
2021-05-27T03:15:00Z,11.38,0.0,Fitbit App
2021-05-27T03:20:00Z,8.37,0.0,Fitbit App
2021-05-27T03:25:00Z,9.531,0.0,Fitbit App
2021-05-27T03:30:00Z,10.386,0.0,Fitbit App
2021-05-27T03:35:00Z,9.007,0.0,Fitbit App
2021-05-27T03:40:00Z,18.814,0.0,Fitbit App
2021-05-27T03:45:00Z,17.625,0.0,Fitbit App
2021-05-27T03:50:00Z,18.885,0.0,Fitbit App
2021-05-27T03:55:00Z,17.506,0.0,Fitbit App
2021-05-27T04:00:00Z,21.062,0.0,Fitbit App
2021-05-27T04:05:00Z,20.546,0.0,Fitbit App
2021-05-27T04:10:00Z,19.466,0.0,Fitbit App
2021-05-27T04:15:00Z,26.196,0.0,Fitbit App
2021-05-27T04:20:00Z,24.663,0.0,Fitbit App
2021-05-27T04:25:00Z,24.903,0.0,Fitbit App
2021-05-27T04:30:00Z,21.968,0.0,Fitbit App
2021-05-27T04:35:00Z,24.998,0.0,Fitbit App
2021-05-27T04:40:00Z,27.246,0.0,Fitbit App
2021-05-27T04:45:00Z,25.335,0.0,Fitbit App
2021-05-27T04:50:00Z,26.194,0.0,Fitbit App
2021-05-27T04:55:00Z,18.767,0.0,Fitbit App
2021-05-27T05:00:00Z,19.924,0.0,Fitbit App
2021-05-27T05:05:00Z,21.584,0.0,Fitbit App
2021-05-27T05:10:00Z,56.702,0.0,Fitbit App
2021-05-27T05:15:00Z,21.32,0.0,Fitbit App
2021-05-27T05:20:00Z,16.835,0.0,Fitbit App
2021-05-27T05:25:00Z,20.21,0.0,Fitbit App
2021-05-27T05:30:00Z,19.889,0.0,Fitbit App
2021-05-27T05:35:00Z,13.241,0.0,Fitbit App
2021-05-27T05:40:00Z,16.876,0.0,Fitbit App
2021-05-27T05:45:00Z,18.559,0.0,Fitbit App
2021-05-27T05:50:00Z,16.101,0.0,Fitbit App
2021-05-27T05:55:00Z,18.272,0.0,Fitbit App
2021-05-27T06:00:00Z,15.558,0.0,Fitbit App
2021-05-27T06:05:00Z,13.516,0.0,Fitbit App
2021-05-27T06:10:00Z,17.402,0.0,Fitbit App
2021-05-27T06:15:00Z,22.069,0.0,Fitbit App
2021-05-27T06:20:00Z,21.413,0.0,Fitbit App
2021-05-27T06:25:00Z,22.291,0.0,Fitbit App
2021-05-27T06:30:00Z,20.567,0.0,Fitbit App
2021-05-27T06:35:00Z,24.041,0.0,Fitbit App
2021-05-27T06:40:00Z,24.664,0.0,Fitbit App
2021-05-27T06:45:00Z,22.706,0.0,Fitbit App
2021-05-27T06:50:00Z,26.502,0.0,Fitbit App
2021-05-27T06:55:00Z,22.703,0.0,Fitbit App
2021-05-27T07:00:00Z,18.812,0.0,Fitbit App
2021-05-27T07:05:00Z,26.245,0.0,Fitbit App
2021-05-27T07:10:00Z,22.103,0.0,Fitbit App
2021-05-27T07:15:00Z,21.77,0.0,Fitbit App
2021-05-30T03:35:00Z,19.436,0.0,Fitbit App
2021-05-30T03:40:00Z,16.454,0.0,Fitbit App
2021-05-30T03:45:00Z,17.786,0.0,Fitbit App
2021-05-30T03:50:00Z,18.129,0.0,Fitbit App
2021-05-30T03:55:00Z,17.706,0.0,Fitbit App
2021-05-30T04:00:00Z,19.018,0.0,Fitbit App
2021-05-30T04:05:00Z,21.036,0.0,Fitbit App
2021-05-30T04:10:00Z,15.96,0.0,Fitbit App
2021-05-30T04:15:00Z,18.604,0.0,Fitbit App
2021-05-30T04:20:00Z,18.138,0.0,Fitbit App
2021-05-30T04:25:00Z,18.206,0.0,Fitbit App
2021-05-30T04:30:00Z,19.78,0.0,Fitbit App
2021-05-30T04:35:00Z,26.69,0.0,Fitbit App
2021-05-30T04:40:00Z,20.721,0.0,Fitbit App
2021-05-30T04:45:00Z,23.341,0.0,Fitbit App
2021-05-30T04:50:00Z,24.61,0.0,Fitbit App
2021-05-30T04:55:00Z,20.268,0.0,Fitbit App
2021-05-30T05:00:00Z,17.87,0.0,Fitbit App
2021-05-30T05:05:00Z,17.233,0.0,Fitbit App
2021-05-30T05:10:00Z,16.422,0.0,Fitbit App
2021-05-30T05:15:00Z,18.495,0.0,Fitbit App
2021-05-30T05:20:00Z,16.948,0.0,Fitbit App
2021-05-30T05:25:00Z,19.452,0.0,Fitbit App
2021-05-30T05:30:00Z,20.201,0.0,Fitbit App
2021-05-30T05:35:00Z,22.232,0.0,Fitbit App
2021-05-30T05:40:00Z,15.964,0.0,Fitbit App
2021-05-30T05:45:00Z,12.504,0.0,Fitbit App
2021-05-30T05:50:00Z,12.918,0.0,Fitbit App
2021-05-30T05:55:00Z,12.404,0.0,Fitbit App
2021-05-30T06:00:00Z,12.138,0.0,Fitbit App
2021-05-30T06:05:00Z,12.05,0.0,Fitbit App
2021-05-30T06:10:00Z,12.683,0.0,Fitbit App
2021-05-30T06:15:00Z,14.021,0.0,Fitbit App
2021-05-30T06:35:00Z,36.485,0.0,Fitbit App
2021-05-30T06:40:00Z,22.201,0.0,Fitbit App
2021-05-30T06:45:00Z,19.665,0.0,Fitbit App
2021-05-30T06:50:00Z,23.428,0.0,Fitbit App
2021-05-30T06:55:00Z,22.879,0.0,Fitbit App
2021-05-30T07:00:00Z,21.529,0.0,Fitbit App
2021-05-30T07:05:00Z,22.245,0.0,Fitbit App
2021-05-30T07:10:00Z,23.92,0.0,Fitbit App
2021-05-30T07:15:00Z,24.109,0.0,Fitbit App
2021-05-30T07:20:00Z,21.037,0.0,Fitbit App
2021-05-30T07:25:00Z,19.045,0.0,Fitbit App
2021-05-30T07:30:00Z,15.075,0.0,Fitbit App
2021-05-30T07:35:00Z,27.825,0.0,Fitbit App
2021-05-30T07:40:00Z,18.981,0.0,Fitbit App
2021-05-30T07:45:00Z,19.143,0.0,Fitbit App
2021-05-30T07:50:00Z,20.343,0.0,Fitbit App
2021-05-30T07:55:00Z,19.624,0.0,Fitbit App
2021-05-30T08:00:00Z,19.297,0.0,Fitbit App
2021-05-30T08:05:00Z,19.0,0.0,Fitbit App
2021-05-30T08:10:00Z,15.382,0.0,Fitbit App
2021-05-30T08:15:00Z,15.671,0.0,Fitbit App
2021-05-30T08:20:00Z,15.067,0.0,Fitbit App
2021-05-30T08:25:00Z,16.316,0.0,Fitbit App
2021-05-30T08:30:00Z,17.956,0.0,Fitbit App
2021-05-30T08:35:00Z,18.427,0.0,Fitbit App
2021-05-30T08:40:00Z,18.028,0.0,Fitbit App
2021-05-31T00:25:00Z,15.908,0.0,Fitbit App
2021-05-31T00:30:00Z,19.353,0.0,Fitbit App
2021-05-31T00:35:00Z,26.305,0.0,Fitbit App
2021-05-31T00:40:00Z,26.991,0.0,Fitbit App
2021-05-31T00:45:00Z,29.95,0.0,Fitbit App
2021-05-31T00:50:00Z,31.365,0.0,Fitbit App
2021-05-31T00:55:00Z,34.15,0.0,Fitbit App
2021-05-31T01:00:00Z,34.112,0.0,Fitbit App
2021-05-31T01:05:00Z,33.17,0.0,Fitbit App
2021-05-31T01:10:00Z,30.433,0.0,Fitbit App
2021-05-31T01:15:00Z,29.823,0.0,Fitbit App
2021-05-31T01:20:00Z,8.763,0.0,Fitbit App
2021-05-31T01:25:00Z,10.392,0.0,Fitbit App
2021-05-31T01:30:00Z,11.49,0.0,Fitbit App
2021-05-31T01:35:00Z,8.176,0.0,Fitbit App
2021-05-31T01:40:00Z,7.829,0.0,Fitbit App
2021-05-31T01:45:00Z,20.934,0.0,Fitbit App
2021-05-31T01:50:00Z,17.797,0.0,Fitbit App
2021-05-31T01:55:00Z,12.602,0.0,Fitbit App
2021-05-31T02:00:00Z,12.966,0.0,Fitbit App
2021-05-31T02:05:00Z,12.304,0.0,Fitbit App
2021-05-31T02:10:00Z,24.524,0.0,Fitbit App
2021-05-31T02:15:00Z,32.979,0.0,Fitbit App
2021-05-31T02:20:00Z,38.042,0.0,Fitbit App
2021-05-31T02:25:00Z,40.886,0.0,Fitbit App
2021-05-31T02:30:00Z,44.634,0.0,Fitbit App
2021-05-31T02:35:00Z,54.862,0.0,Fitbit App
2021-05-31T02:40:00Z,54.538,0.0,Fitbit App
2021-05-31T02:45:00Z,49.298,0.0,Fitbit App
2021-05-31T02:50:00Z,20.673,0.0,Fitbit App
2021-05-31T02:55:00Z,11.811,0.0,Fitbit App
2021-05-31T03:00:00Z,10.887,0.0,Fitbit App
2021-05-31T03:05:00Z,11.403,0.0,Fitbit App
2021-05-31T03:10:00Z,12.036,0.0,Fitbit App
2021-05-31T03:15:00Z,12.804,0.0,Fitbit App
2021-05-31T03:20:00Z,20.988,0.0,Fitbit App
2021-05-31T03:25:00Z,13.952,0.0,Fitbit App
2021-05-31T03:30:00Z,13.348,0.0,Fitbit App
2021-05-31T03:35:00Z,15.406,0.0,Fitbit App
2021-05-31T03:40:00Z,15.25,0.0,Fitbit App
2021-05-31T03:45:00Z,16.301,0.0,Fitbit App
2021-05-31T03:50:00Z,19.896,0.0,Fitbit App
2021-05-31T03:55:00Z,19.678,0.0,Fitbit App
2021-05-31T04:00:00Z,16.871,0.0,Fitbit App
2021-05-31T04:05:00Z,21.208,0.0,Fitbit App
2021-05-31T04:10:00Z,23.804,0.0,Fitbit App
2021-05-31T04:15:00Z,24.55,0.0,Fitbit App
2021-05-31T04:20:00Z,17.02,0.0,Fitbit App
2021-05-31T04:25:00Z,17.373,0.0,Fitbit App
2021-05-31T04:30:00Z,23.175,0.0,Fitbit App
2021-05-31T04:35:00Z,18.771,0.0,Fitbit App
2021-05-31T04:40:00Z,23.627,0.0,Fitbit App
2021-05-31T04:45:00Z,22.402,0.0,Fitbit App
2021-05-31T04:50:00Z,27.405,0.0,Fitbit App
2021-05-31T04:55:00Z,20.443,0.0,Fitbit App
2021-05-31T05:00:00Z,19.003,0.0,Fitbit App
2021-05-31T05:05:00Z,18.509,0.0,Fitbit App
2021-05-31T05:10:00Z,17.788,0.0,Fitbit App
2021-05-31T05:15:00Z,18.229,0.0,Fitbit App
2021-05-31T05:20:00Z,18.738,0.0,Fitbit App
2021-05-31T05:25:00Z,19.167,0.0,Fitbit App
2021-05-31T05:30:00Z,13.395,0.0,Fitbit App
2021-05-31T05:35:00Z,19.696,0.0,Fitbit App
2021-05-31T05:40:00Z,15.044,0.0,Fitbit App
2021-05-31T05:45:00Z,15.289,0.0,Fitbit App
2021-05-31T05:50:00Z,16.212,0.0,Fitbit App
2021-05-31T05:55:00Z,14.143,0.0,Fitbit App
2021-05-31T06:00:00Z,21.634,0.0,Fitbit App
2021-05-31T06:05:00Z,21.64,0.0,Fitbit App
2021-05-31T06:10:00Z,21.613,0.0,Fitbit App
2021-05-31T06:15:00Z,19.812,0.0,Fitbit App
2021-05-31T06:20:00Z,21.244,0.0,Fitbit App
2021-05-31T06:25:00Z,18.024,0.0,Fitbit App
2021-05-31T06:30:00Z,16.437,0.0,Fitbit App
2021-05-31T06:35:00Z,25.761,0.0,Fitbit App
2021-05-31T06:40:00Z,14.285,0.0,Fitbit App
2021-05-31T06:45:00Z,12.674,0.0,Fitbit App
2021-05-31T06:50:00Z,16.361,0.0,Fitbit App
2021-05-31T06:55:00Z,12.048,0.0,Fitbit App
2021-05-31T07:00:00Z,14.884,0.0,Fitbit App
2021-05-31T07:05:00Z,17.333,0.0,Fitbit App
2021-05-31T07:10:00Z,26.139,0.0,Fitbit App
2021-05-31T07:20:00Z,17.192,0.0,Fitbit App
2021-05-31T07:25:00Z,19.157,0.0,Fitbit App
2021-05-31T07:30:00Z,14.067,0.0,Fitbit App
