timestamp,oxygen saturation percentage,data source
2022-08-01T02:07:29Z,93.3,Charge 4
2022-08-01T02:08:29Z,93.6,Charge 4
2022-08-01T02:09:29Z,93.7,Charge 4
2022-08-01T02:10:29Z,93.5,Charge 4
2022-08-01T02:11:29Z,92.6,Charge 4
2022-08-01T02:12:29Z,92.6,Charge 4
2022-08-01T05:20:29Z,94.1,Charge 4
2022-08-01T05:21:29Z,94.6,Charge 4
2022-08-01T05:22:29Z,94.4,Charge 4
2022-08-01T05:23:29Z,94.3,Charge 4
2022-08-01T05:24:29Z,93.8,Charge 4
2022-08-01T05:25:29Z,94.4,Charge 4
2022-08-01T23:40:00Z,92.0,Charge 4
2022-08-01T23:41:00Z,92.5,Charge 4
2022-08-01T23:42:00Z,91.4,Charge 4
2022-08-01T23:43:00Z,91.4,Charge 4
2022-08-01T23:44:00Z,91.3,Charge 4
2022-08-01T23:45:00Z,92.4,Charge 4
2022-08-01T23:46:00Z,93.6,Charge 4
2022-08-01T23:47:00Z,94.6,Charge 4
2022-08-01T23:48:00Z,94.5,Charge 4
2022-08-01T23:49:00Z,94.3,Charge 4
2022-08-01T23:50:00Z,93.9,Charge 4
2022-08-01T23:51:00Z,93.4,Charge 4
2022-08-01T23:52:00Z,93.5,Charge 4
2022-08-01T23:53:00Z,93.9,Charge 4
2022-08-01T23:54:00Z,94.1,Charge 4
2022-08-01T23:55:00Z,94.3,Charge 4
2022-08-02T00:28:00Z,94.6,Charge 4
2022-08-02T00:29:00Z,95.0,Charge 4
2022-08-02T00:30:00Z,95.5,Charge 4
2022-08-02T00:31:00Z,95.9,Charge 4
2022-08-02T01:02:00Z,96.9,Charge 4
2022-08-02T01:03:00Z,97.5,Charge 4
2022-08-02T01:04:00Z,97.4,Charge 4
2022-08-02T01:05:00Z,96.8,Charge 4
2022-08-02T01:06:00Z,96.1,Charge 4
2022-08-02T01:07:00Z,97.1,Charge 4
2022-08-02T01:08:00Z,98.1,Charge 4
2022-08-02T01:09:00Z,98.4,Charge 4
2022-08-02T01:10:00Z,98.4,Charge 4
2022-08-02T01:11:00Z,98.1,Charge 4
2022-08-02T01:52:00Z,91.8,Charge 4
2022-08-02T01:53:00Z,91.7,Charge 4
2022-08-02T01:54:00Z,91.7,Charge 4
2022-08-02T01:55:00Z,91.5,Charge 4
2022-08-02T01:56:00Z,91.4,Charge 4
2022-08-02T01:57:00Z,91.3,Charge 4
2022-08-02T01:58:00Z,91.3,Charge 4
2022-08-02T01:59:00Z,91.4,Charge 4
2022-08-02T02:00:00Z,91.1,Charge 4
2022-08-02T02:01:00Z,90.9,Charge 4
2022-08-02T02:02:00Z,90.9,Charge 4
2022-08-02T02:03:00Z,90.6,Charge 4
2022-08-02T02:04:00Z,90.3,Charge 4
2022-08-02T02:05:00Z,90.4,Charge 4
2022-08-02T02:06:00Z,90.4,Charge 4
2022-08-02T02:07:00Z,90.2,Charge 4
2022-08-02T02:08:00Z,90.3,Charge 4
2022-08-02T02:09:00Z,90.2,Charge 4
2022-08-02T02:10:00Z,90.5,Charge 4
2022-08-02T02:11:00Z,90.6,Charge 4
2022-08-02T02:12:00Z,90.9,Charge 4
2022-08-02T02:13:00Z,90.9,Charge 4
2022-08-02T02:14:00Z,90.8,Charge 4
2022-08-02T03:55:00Z,97.7,Charge 4
2022-08-02T03:56:00Z,97.4,Charge 4
2022-08-02T03:57:00Z,97.4,Charge 4
2022-08-02T03:58:00Z,97.5,Charge 4
2022-08-02T03:59:00Z,97.4,Charge 4
2022-08-02T04:00:00Z,97.5,Charge 4
2022-08-02T04:01:00Z,97.9,Charge 4
2022-08-02T04:02:00Z,98.2,Charge 4
2022-08-02T04:03:00Z,98.4,Charge 4
2022-08-02T04:04:00Z,98.4,Charge 4
2022-08-02T04:12:00Z,94.5,Charge 4
2022-08-02T04:13:00Z,94.6,Charge 4
2022-08-02T04:14:00Z,95.0,Charge 4
2022-08-02T04:15:00Z,94.7,Charge 4
2022-08-02T04:16:00Z,94.1,Charge 4
2022-08-02T05:05:00Z,97.9,Charge 4
2022-08-02T05:06:00Z,97.6,Charge 4
2022-08-02T05:07:00Z,97.9,Charge 4
2022-08-02T05:08:00Z,98.1,Charge 4
2022-08-02T05:09:00Z,98.0,Charge 4
2022-08-02T05:10:00Z,97.5,Charge 4
2022-08-02T05:11:00Z,98.0,Charge 4
2022-08-02T05:12:00Z,97.3,Charge 4
2022-08-02T05:13:00Z,97.6,Charge 4
2022-08-02T05:14:00Z,97.8,Charge 4
2022-08-02T05:15:00Z,98.0,Charge 4
2022-08-02T05:16:00Z,97.6,Charge 4
2022-08-02T05:17:00Z,98.0,Charge 4
2022-08-02T06:01:00Z,98.8,Charge 4
2022-08-02T06:02:00Z,99.3,Charge 4
2022-08-02T06:03:00Z,99.3,Charge 4
2022-08-02T06:04:00Z,99.2,Charge 4
2022-08-02T06:05:00Z,99.1,Charge 4
2022-08-02T06:06:00Z,99.4,Charge 4
2022-08-02T06:07:00Z,99.2,Charge 4
2022-08-02T06:08:00Z,99.1,Charge 4
2022-08-02T06:09:00Z,99.1,Charge 4
2022-08-02T23:06:29Z,96.8,Charge 4
2022-08-02T23:07:29Z,97.2,Charge 4
2022-08-02T23:08:29Z,96.9,Charge 4
2022-08-02T23:09:29Z,98.0,Charge 4
2022-08-02T23:10:29Z,98.2,Charge 4
2022-08-02T23:11:29Z,98.0,Charge 4
2022-08-02T23:19:29Z,98.3,Charge 4
2022-08-02T23:20:29Z,95.1,Charge 4
2022-08-03T00:09:00Z,100.0,Charge 4
2022-08-03T00:10:00Z,100.0,Charge 4
2022-08-03T00:11:00Z,99.4,Charge 4
2022-08-03T00:12:00Z,99.0,Charge 4
2022-08-03T00:13:00Z,98.5,Charge 4
2022-08-03T00:14:00Z,98.0,Charge 4
2022-08-03T00:15:00Z,96.7,Charge 4
2022-08-03T00:16:00Z,97.0,Charge 4
2022-08-03T00:17:00Z,97.4,Charge 4
2022-08-03T00:18:00Z,97.5,Charge 4
2022-08-03T00:19:00Z,96.9,Charge 4
2022-08-03T00:20:00Z,97.1,Charge 4
2022-08-03T00:21:00Z,97.1,Charge 4
2022-08-03T00:22:00Z,96.5,Charge 4
2022-08-03T00:23:00Z,96.4,Charge 4
2022-08-03T03:07:00Z,91.9,Charge 4
2022-08-03T03:08:00Z,91.7,Charge 4
2022-08-03T03:09:00Z,92.0,Charge 4
2022-08-03T03:10:00Z,92.2,Charge 4
2022-08-03T03:11:00Z,92.7,Charge 4
2022-08-03T03:12:00Z,92.6,Charge 4
2022-08-03T03:13:00Z,92.7,Charge 4
2022-08-03T03:14:00Z,92.9,Charge 4
2022-08-03T03:15:00Z,94.7,Charge 4
2022-08-03T03:16:00Z,96.0,Charge 4
2022-08-03T03:17:00Z,96.9,Charge 4
2022-08-03T03:18:00Z,97.7,Charge 4
2022-08-03T03:19:00Z,97.1,Charge 4
2022-08-03T03:20:00Z,98.0,Charge 4
2022-08-03T03:59:00Z,94.2,Charge 4
2022-08-03T04:00:00Z,94.9,Charge 4
2022-08-03T04:01:00Z,94.0,Charge 4
2022-08-03T04:02:00Z,93.8,Charge 4
2022-08-03T04:03:00Z,93.8,Charge 4
2022-08-04T00:28:59Z,92.3,Charge 4
2022-08-04T00:29:59Z,92.1,Charge 4
2022-08-04T00:30:59Z,92.4,Charge 4
2022-08-04T00:31:59Z,91.9,Charge 4
2022-08-04T00:32:59Z,91.9,Charge 4
2022-08-04T00:33:59Z,91.4,Charge 4
2022-08-04T00:34:59Z,90.8,Charge 4
2022-08-04T00:35:59Z,90.6,Charge 4
2022-08-04T00:36:59Z,91.3,Charge 4
2022-08-04T00:37:59Z,90.6,Charge 4
2022-08-04T00:56:59Z,94.9,Charge 4
2022-08-04T00:57:59Z,96.8,Charge 4
2022-08-04T00:58:59Z,97.2,Charge 4
2022-08-04T00:59:59Z,97.9,Charge 4
2022-08-04T01:00:59Z,98.2,Charge 4
2022-08-04T01:01:59Z,96.7,Charge 4
2022-08-04T01:02:59Z,98.1,Charge 4
2022-08-04T01:03:59Z,97.3,Charge 4
2022-08-04T01:04:59Z,95.7,Charge 4
2022-08-04T01:05:59Z,95.5,Charge 4
2022-08-04T01:42:59Z,90.5,Charge 4
2022-08-04T01:43:59Z,90.7,Charge 4
2022-08-04T01:44:59Z,91.0,Charge 4
2022-08-04T01:45:59Z,91.1,Charge 4
2022-08-04T01:46:59Z,91.1,Charge 4
2022-08-04T01:47:59Z,91.1,Charge 4
2022-08-04T01:48:59Z,91.0,Charge 4
2022-08-04T01:49:59Z,90.9,Charge 4
2022-08-04T01:50:59Z,90.8,Charge 4
2022-08-04T01:51:59Z,90.6,Charge 4
2022-08-04T01:52:59Z,90.7,Charge 4
2022-08-04T01:53:59Z,90.7,Charge 4
2022-08-04T01:54:59Z,90.8,Charge 4
2022-08-04T01:55:59Z,90.9,Charge 4
2022-08-04T01:56:59Z,91.4,Charge 4
2022-08-04T01:57:59Z,91.6,Charge 4
2022-08-04T01:58:59Z,91.6,Charge 4
2022-08-04T01:59:59Z,91.6,Charge 4
2022-08-04T02:00:59Z,91.4,Charge 4
2022-08-04T02:01:59Z,91.4,Charge 4
2022-08-04T02:02:59Z,91.3,Charge 4
2022-08-04T02:03:59Z,91.2,Charge 4
2022-08-04T02:04:59Z,91.1,Charge 4
2022-08-04T02:05:59Z,91.0,Charge 4
2022-08-04T02:06:59Z,90.9,Charge 4
2022-08-04T02:07:59Z,90.9,Charge 4
2022-08-04T02:08:59Z,90.8,Charge 4
2022-08-04T02:09:59Z,91.0,Charge 4
2022-08-04T02:10:59Z,91.0,Charge 4
2022-08-04T02:41:59Z,95.8,Charge 4
2022-08-04T02:42:59Z,95.5,Charge 4
2022-08-04T02:43:59Z,95.4,Charge 4
2022-08-04T02:44:59Z,94.4,Charge 4
2022-08-04T02:45:59Z,94.5,Charge 4
2022-08-04T02:46:59Z,94.3,Charge 4
2022-08-04T02:47:59Z,93.9,Charge 4
2022-08-04T02:48:59Z,93.7,Charge 4
2022-08-04T02:49:59Z,93.5,Charge 4
2022-08-04T03:30:59Z,97.3,Charge 4
2022-08-04T03:31:59Z,98.0,Charge 4
2022-08-04T03:32:59Z,98.7,Charge 4
2022-08-04T03:33:59Z,99.1,Charge 4
2022-08-04T03:34:59Z,99.2,Charge 4
2022-08-04T03:35:59Z,99.4,Charge 4
2022-08-04T03:36:59Z,99.8,Charge 4
2022-08-04T03:37:59Z,99.8,Charge 4
2022-08-04T03:38:59Z,99.7,Charge 4
2022-08-04T03:39:59Z,99.6,Charge 4
2022-08-04T03:40:59Z,99.4,Charge 4
2022-08-04T03:41:59Z,99.1,Charge 4
2022-08-04T03:42:59Z,99.3,Charge 4
2022-08-04T03:43:59Z,99.1,Charge 4
2022-08-04T03:44:59Z,99.1,Charge 4
2022-08-04T03:45:59Z,98.9,Charge 4
2022-08-04T03:46:59Z,99.0,Charge 4
2022-08-04T03:47:59Z,98.7,Charge 4
2022-08-04T03:48:59Z,98.2,Charge 4
2022-08-04T03:49:59Z,98.0,Charge 4
2022-08-04T03:50:59Z,98.0,Charge 4
2022-08-04T03:51:59Z,98.0,Charge 4
2022-08-04T03:52:59Z,98.0,Charge 4
2022-08-04T03:53:59Z,98.5,Charge 4
2022-08-04T03:54:59Z,97.8,Charge 4
2022-08-04T03:55:59Z,97.4,Charge 4
2022-08-04T03:56:59Z,97.7,Charge 4
2022-08-04T03:57:59Z,97.2,Charge 4
2022-08-04T03:58:59Z,98.0,Charge 4
2022-08-04T03:59:59Z,97.8,Charge 4
2022-08-04T04:00:59Z,97.7,Charge 4
2022-08-04T04:01:59Z,98.3,Charge 4
2022-08-04T04:02:59Z,98.1,Charge 4
2022-08-04T04:03:59Z,97.9,Charge 4
2022-08-04T04:04:59Z,97.9,Charge 4
2022-08-04T04:05:59Z,97.5,Charge 4
2022-08-04T04:19:59Z,94.9,Charge 4
2022-08-04T04:20:59Z,95.6,Charge 4
2022-08-04T04:21:59Z,95.9,Charge 4
2022-08-04T04:22:59Z,96.8,Charge 4
2022-08-04T04:23:59Z,96.7,Charge 4
2022-08-04T04:24:59Z,97.5,Charge 4
2022-08-04T22:21:29Z,92.6,Charge 4
2022-08-04T22:22:29Z,92.8,Charge 4
2022-08-04T22:23:29Z,93.2,Charge 4
2022-08-04T22:24:29Z,93.2,Charge 4
2022-08-04T22:25:29Z,93.1,Charge 4
2022-08-04T22:26:29Z,93.1,Charge 4
2022-08-04T22:50:29Z,93.3,Charge 4
2022-08-04T22:51:29Z,94.1,Charge 4
2022-08-04T22:52:29Z,94.1,Charge 4
2022-08-04T22:53:29Z,94.4,Charge 4
2022-08-04T22:54:29Z,94.6,Charge 4
2022-08-04T22:55:29Z,94.9,Charge 4
2022-08-04T22:56:29Z,94.7,Charge 4
2022-08-04T23:04:29Z,92.6,Charge 4
2022-08-04T23:05:29Z,92.6,Charge 4
2022-08-04T23:06:29Z,93.7,Charge 4
2022-08-04T23:07:29Z,95.1,Charge 4
2022-08-04T23:08:29Z,96.4,Charge 4
2022-08-04T23:09:29Z,95.0,Charge 4
2022-08-04T23:10:29Z,94.3,Charge 4
2022-08-04T23:48:29Z,96.4,Charge 4
2022-08-04T23:49:29Z,96.9,Charge 4
2022-08-04T23:50:29Z,97.2,Charge 4
2022-08-04T23:51:29Z,97.5,Charge 4
2022-08-04T23:52:29Z,97.7,Charge 4
2022-08-04T23:53:29Z,97.9,Charge 4
2022-08-04T23:54:29Z,98.1,Charge 4
2022-08-04T23:55:29Z,98.1,Charge 4
2022-08-04T23:56:29Z,98.0,Charge 4
2022-08-04T23:57:29Z,98.0,Charge 4
2022-08-04T23:58:29Z,98.0,Charge 4
2022-08-04T23:59:29Z,98.0,Charge 4
2022-08-05T00:00:29Z,97.8,Charge 4
2022-08-05T00:01:29Z,97.7,Charge 4
2022-08-05T00:02:29Z,97.7,Charge 4
2022-08-05T00:03:29Z,97.9,Charge 4
2022-08-05T00:04:29Z,97.8,Charge 4
2022-08-05T00:05:29Z,97.8,Charge 4
2022-08-05T00:06:29Z,97.7,Charge 4
2022-08-05T00:07:29Z,97.6,Charge 4
2022-08-05T00:08:29Z,97.6,Charge 4
2022-08-05T00:09:29Z,97.4,Charge 4
2022-08-05T00:10:29Z,97.6,Charge 4
2022-08-05T00:11:29Z,97.6,Charge 4
2022-08-05T00:12:29Z,97.5,Charge 4
2022-08-05T00:13:29Z,97.4,Charge 4
2022-08-05T00:14:29Z,97.2,Charge 4
2022-08-05T00:55:29Z,94.9,Charge 4
2022-08-05T00:56:29Z,95.3,Charge 4
2022-08-05T00:57:29Z,95.9,Charge 4
2022-08-05T00:58:29Z,96.3,Charge 4
2022-08-05T01:26:29Z,94.3,Charge 4
2022-08-05T01:27:29Z,94.1,Charge 4
2022-08-05T01:28:29Z,94.0,Charge 4
2022-08-05T01:29:29Z,94.1,Charge 4
2022-08-05T01:30:29Z,94.4,Charge 4
2022-08-05T01:31:29Z,94.7,Charge 4
2022-08-05T01:32:29Z,94.9,Charge 4
2022-08-05T01:33:29Z,94.9,Charge 4
2022-08-05T01:34:29Z,95.3,Charge 4
2022-08-05T01:35:29Z,94.9,Charge 4
2022-08-05T01:36:29Z,95.0,Charge 4
2022-08-05T01:37:29Z,95.6,Charge 4
2022-08-05T01:38:29Z,95.4,Charge 4
2022-08-05T01:39:29Z,95.5,Charge 4
2022-08-05T01:40:29Z,95.8,Charge 4
2022-08-05T01:41:29Z,96.1,Charge 4
2022-08-05T01:42:29Z,96.0,Charge 4
2022-08-05T01:43:29Z,96.5,Charge 4
2022-08-05T01:44:29Z,96.2,Charge 4
2022-08-05T01:45:29Z,96.2,Charge 4
2022-08-05T01:46:29Z,96.4,Charge 4
2022-08-05T01:47:29Z,96.4,Charge 4
2022-08-05T01:48:29Z,96.7,Charge 4
2022-08-05T01:49:29Z,96.3,Charge 4
2022-08-05T01:50:29Z,96.8,Charge 4
2022-08-05T01:51:29Z,96.9,Charge 4
2022-08-05T01:52:29Z,96.7,Charge 4
2022-08-05T01:53:29Z,96.8,Charge 4
2022-08-05T01:54:29Z,97.1,Charge 4
2022-08-05T01:55:29Z,97.1,Charge 4
2022-08-05T01:56:29Z,96.8,Charge 4
2022-08-05T01:57:29Z,96.8,Charge 4
2022-08-05T01:58:29Z,96.9,Charge 4
2022-08-05T01:59:29Z,96.7,Charge 4
2022-08-05T02:00:29Z,96.7,Charge 4
2022-08-05T02:01:29Z,96.7,Charge 4
2022-08-05T02:02:29Z,96.8,Charge 4
2022-08-05T02:03:29Z,96.9,Charge 4
2022-08-05T02:04:29Z,96.8,Charge 4
2022-08-05T02:05:29Z,97.0,Charge 4
2022-08-05T02:06:29Z,97.1,Charge 4
2022-08-05T02:07:29Z,96.9,Charge 4
2022-08-05T02:08:29Z,96.9,Charge 4
2022-08-05T02:09:29Z,96.7,Charge 4
2022-08-05T02:10:29Z,96.6,Charge 4
2022-08-05T02:11:29Z,96.6,Charge 4
2022-08-05T02:12:29Z,97.0,Charge 4
2022-08-05T02:13:29Z,97.2,Charge 4
2022-08-05T02:14:29Z,97.4,Charge 4
2022-08-05T02:15:29Z,97.2,Charge 4
2022-08-05T02:16:29Z,97.5,Charge 4
2022-08-05T02:17:29Z,97.8,Charge 4
2022-08-05T02:18:29Z,97.8,Charge 4
2022-08-05T02:19:29Z,97.9,Charge 4
2022-08-05T02:20:29Z,97.5,Charge 4
2022-08-05T02:21:29Z,97.8,Charge 4
2022-08-05T02:22:29Z,97.8,Charge 4
2022-08-05T02:23:29Z,97.9,Charge 4
2022-08-05T02:24:29Z,98.0,Charge 4
2022-08-05T02:25:29Z,97.9,Charge 4
2022-08-05T02:43:29Z,96.0,Charge 4
2022-08-05T02:44:29Z,96.2,Charge 4
2022-08-05T02:45:29Z,96.4,Charge 4
2022-08-05T02:46:29Z,96.5,Charge 4
2022-08-05T02:47:29Z,96.6,Charge 4
2022-08-05T02:48:29Z,96.6,Charge 4
2022-08-05T03:12:29Z,95.9,Charge 4
2022-08-05T03:13:29Z,96.5,Charge 4
2022-08-05T03:14:29Z,96.9,Charge 4
2022-08-05T03:15:29Z,97.2,Charge 4
2022-08-05T03:16:29Z,97.1,Charge 4
2022-08-05T03:17:29Z,97.2,Charge 4
2022-08-05T03:18:29Z,97.5,Charge 4
2022-08-05T03:19:29Z,97.6,Charge 4
2022-08-05T03:20:29Z,97.5,Charge 4
2022-08-05T03:21:29Z,97.4,Charge 4
2022-08-05T03:22:29Z,97.1,Charge 4
2022-08-05T03:23:29Z,97.7,Charge 4
2022-08-05T03:24:29Z,98.0,Charge 4
2022-08-05T03:25:29Z,97.9,Charge 4
2022-08-05T03:26:29Z,98.0,Charge 4
2022-08-05T03:27:29Z,97.8,Charge 4
2022-08-05T03:28:29Z,97.6,Charge 4
2022-08-05T03:29:29Z,97.9,Charge 4
2022-08-05T03:30:29Z,97.9,Charge 4
2022-08-05T03:31:29Z,98.5,Charge 4
2022-08-05T03:32:29Z,98.8,Charge 4
2022-08-05T03:33:29Z,99.4,Charge 4
2022-08-05T03:34:29Z,99.5,Charge 4
2022-08-05T03:42:29Z,96.3,Charge 4
2022-08-05T03:43:29Z,96.9,Charge 4
2022-08-05T03:44:29Z,97.3,Charge 4
2022-08-05T03:45:29Z,96.9,Charge 4
2022-08-05T03:46:29Z,97.0,Charge 4
2022-08-05T05:00:29Z,97.2,Charge 4
2022-08-05T05:01:29Z,97.6,Charge 4
2022-08-05T05:02:29Z,97.7,Charge 4
2022-08-05T05:03:29Z,97.8,Charge 4
2022-08-05T05:04:29Z,98.1,Charge 4
2022-08-05T05:05:29Z,98.0,Charge 4
2022-08-05T05:06:29Z,97.9,Charge 4
2022-08-05T05:07:29Z,97.7,Charge 4
2022-08-05T05:08:29Z,97.7,Charge 4
2022-08-05T05:09:29Z,97.8,Charge 4
2022-08-05T05:10:29Z,98.0,Charge 4
2022-08-05T05:11:29Z,97.7,Charge 4
2022-08-05T05:12:29Z,97.8,Charge 4
2022-08-05T05:24:29Z,97.6,Charge 4
2022-08-05T05:25:29Z,97.3,Charge 4
2022-08-05T05:26:29Z,97.3,Charge 4
2022-08-05T05:27:29Z,97.3,Charge 4
2022-08-05T23:00:30Z,92.1,Charge 4
2022-08-05T23:01:30Z,92.1,Charge 4
2022-08-05T23:02:30Z,92.2,Charge 4
2022-08-05T23:03:30Z,92.0,Charge 4
2022-08-05T23:04:30Z,91.8,Charge 4
2022-08-05T23:05:30Z,92.0,Charge 4
2022-08-05T23:06:30Z,92.0,Charge 4
2022-08-05T23:07:30Z,92.1,Charge 4
2022-08-05T23:08:30Z,92.0,Charge 4
2022-08-05T23:09:30Z,91.9,Charge 4
2022-08-05T23:10:30Z,91.9,Charge 4
2022-08-05T23:11:30Z,91.8,Charge 4
2022-08-05T23:12:30Z,91.9,Charge 4
2022-08-05T23:13:30Z,91.9,Charge 4
2022-08-05T23:14:30Z,91.7,Charge 4
2022-08-05T23:15:30Z,91.6,Charge 4
2022-08-05T23:16:30Z,91.7,Charge 4
2022-08-05T23:17:30Z,91.5,Charge 4
2022-08-05T23:18:30Z,91.9,Charge 4
2022-08-05T23:19:30Z,92.1,Charge 4
2022-08-05T23:20:30Z,92.0,Charge 4
2022-08-05T23:21:30Z,92.1,Charge 4
2022-08-05T23:22:30Z,91.8,Charge 4
2022-08-05T23:23:30Z,91.7,Charge 4
2022-08-05T23:24:30Z,91.7,Charge 4
2022-08-05T23:25:30Z,91.8,Charge 4
2022-08-05T23:26:30Z,92.0,Charge 4
2022-08-05T23:27:30Z,92.2,Charge 4
2022-08-05T23:28:30Z,92.2,Charge 4
2022-08-05T23:29:30Z,92.1,Charge 4
2022-08-05T23:30:30Z,92.2,Charge 4
2022-08-05T23:31:30Z,92.4,Charge 4
2022-08-05T23:32:30Z,92.3,Charge 4
2022-08-05T23:33:30Z,92.2,Charge 4
2022-08-05T23:34:30Z,92.1,Charge 4
2022-08-05T23:35:30Z,92.2,Charge 4
2022-08-05T23:36:30Z,91.8,Charge 4
2022-08-05T23:37:30Z,91.7,Charge 4
2022-08-05T23:38:30Z,91.7,Charge 4
2022-08-05T23:39:30Z,91.7,Charge 4
2022-08-05T23:40:30Z,91.3,Charge 4
2022-08-05T23:41:30Z,91.7,Charge 4
2022-08-06T01:05:30Z,91.1,Charge 4
2022-08-06T01:06:30Z,90.9,Charge 4
2022-08-06T01:07:30Z,91.0,Charge 4
2022-08-06T01:08:30Z,91.1,Charge 4
2022-08-06T04:35:30Z,92.7,Charge 4
2022-08-06T04:36:30Z,92.6,Charge 4
2022-08-06T04:37:30Z,93.2,Charge 4
2022-08-06T04:38:30Z,93.4,Charge 4
2022-08-06T04:39:30Z,92.9,Charge 4
2022-08-06T04:40:30Z,93.1,Charge 4
2022-08-10T05:06:59Z,95.0,Charge 4
2022-08-10T05:07:59Z,94.6,Charge 4
2022-08-10T05:08:59Z,94.5,Charge 4
2022-08-10T05:09:59Z,94.5,Charge 4
2022-08-10T05:10:59Z,95.1,Charge 4
2022-08-10T05:11:59Z,95.4,Charge 4
2022-08-10T05:12:59Z,96.0,Charge 4
2022-08-11T23:49:30Z,91.4,Charge 4
2022-08-11T23:50:30Z,90.9,Charge 4
2022-08-11T23:51:30Z,90.8,Charge 4
2022-08-11T23:52:30Z,91.2,Charge 4
2022-08-11T23:53:30Z,91.5,Charge 4
2022-08-11T23:54:30Z,91.8,Charge 4
2022-08-11T23:55:30Z,91.6,Charge 4
2022-08-11T23:56:30Z,91.7,Charge 4
2022-08-11T23:57:30Z,91.8,Charge 4
2022-08-11T23:58:30Z,91.4,Charge 4
2022-08-11T23:59:30Z,91.2,Charge 4
2022-08-12T00:00:30Z,91.7,Charge 4
2022-08-12T00:01:30Z,92.0,Charge 4
2022-08-12T00:02:30Z,91.8,Charge 4
2022-08-12T00:03:30Z,91.4,Charge 4
2022-08-12T00:04:30Z,91.1,Charge 4
2022-08-12T00:05:30Z,91.1,Charge 4
2022-08-12T00:06:30Z,91.4,Charge 4
2022-08-12T00:07:30Z,91.5,Charge 4
2022-08-12T00:08:30Z,91.6,Charge 4
2022-08-12T00:09:30Z,91.7,Charge 4
2022-08-12T00:10:30Z,91.4,Charge 4
2022-08-12T00:11:30Z,91.8,Charge 4
2022-08-12T00:38:30Z,95.6,Charge 4
2022-08-12T00:39:30Z,95.7,Charge 4
2022-08-12T00:40:30Z,96.0,Charge 4
2022-08-12T00:41:30Z,96.0,Charge 4
2022-08-12T22:51:30Z,93.7,Charge 4
2022-08-12T22:52:30Z,94.8,Charge 4
2022-08-12T22:53:30Z,94.6,Charge 4
2022-08-12T22:54:30Z,94.9,Charge 4
2022-08-12T22:55:30Z,94.7,Charge 4
2022-08-12T22:56:30Z,96.0,Charge 4
2022-08-12T22:57:30Z,96.6,Charge 4
2022-08-12T22:58:30Z,95.9,Charge 4
2022-08-12T22:59:30Z,96.1,Charge 4
2022-08-13T00:42:30Z,92.1,Charge 4
2022-08-13T00:43:30Z,92.8,Charge 4
2022-08-13T00:44:30Z,92.6,Charge 4
2022-08-13T00:45:30Z,92.3,Charge 4
2022-08-13T00:46:30Z,92.3,Charge 4
2022-08-13T02:33:30Z,94.7,Charge 4
2022-08-13T02:34:30Z,95.0,Charge 4
2022-08-13T02:35:30Z,95.1,Charge 4
2022-08-13T02:36:30Z,95.4,Charge 4
2022-08-13T02:37:30Z,95.5,Charge 4
2022-08-13T02:38:30Z,95.2,Charge 4
2022-08-13T02:39:30Z,95.2,Charge 4
2022-08-13T02:40:30Z,95.0,Charge 4
2022-08-13T02:41:30Z,95.3,Charge 4
2022-08-13T02:42:30Z,95.2,Charge 4
2022-08-13T02:43:30Z,95.8,Charge 4
2022-08-13T02:44:30Z,95.3,Charge 4
2022-08-13T02:45:30Z,95.1,Charge 4
2022-08-13T02:46:30Z,94.9,Charge 4
2022-08-13T02:47:30Z,95.3,Charge 4
2022-08-13T02:48:30Z,94.9,Charge 4
2022-08-13T02:49:30Z,94.9,Charge 4
2022-08-13T02:50:30Z,94.9,Charge 4
2022-08-13T02:51:30Z,94.9,Charge 4
2022-08-13T02:52:30Z,94.5,Charge 4
2022-08-13T02:53:30Z,94.7,Charge 4
2022-08-13T02:54:30Z,94.8,Charge 4
2022-08-13T02:55:30Z,94.7,Charge 4
2022-08-13T02:56:30Z,94.6,Charge 4
2022-08-13T02:57:30Z,95.2,Charge 4
2022-08-13T02:58:30Z,95.2,Charge 4
2022-08-14T21:58:59Z,94.2,Charge 4
2022-08-14T21:59:59Z,94.4,Charge 4
2022-08-14T22:00:59Z,94.5,Charge 4
2022-08-14T22:01:59Z,94.8,Charge 4
2022-08-14T22:02:59Z,95.1,Charge 4
2022-08-14T22:03:59Z,94.8,Charge 4
2022-08-14T22:04:59Z,94.8,Charge 4
2022-08-14T22:05:59Z,94.3,Charge 4
2022-08-14T22:06:59Z,93.8,Charge 4
2022-08-14T22:07:59Z,94.6,Charge 4
2022-08-14T22:08:59Z,94.8,Charge 4
2022-08-14T22:09:59Z,94.8,Charge 4
2022-08-14T22:10:59Z,94.2,Charge 4
2022-08-15T00:55:59Z,96.1,Charge 4
2022-08-15T00:56:59Z,95.7,Charge 4
2022-08-15T00:57:59Z,95.9,Charge 4
2022-08-15T00:58:59Z,95.7,Charge 4
2022-08-15T03:40:59Z,96.4,Charge 4
2022-08-15T03:41:59Z,96.8,Charge 4
2022-08-15T03:42:59Z,96.8,Charge 4
2022-08-15T03:43:59Z,96.9,Charge 4
2022-08-15T03:44:59Z,97.1,Charge 4
2022-08-15T03:45:59Z,97.2,Charge 4
2022-08-15T03:46:59Z,97.1,Charge 4
2022-08-15T03:47:59Z,97.0,Charge 4
2022-08-15T03:48:59Z,97.0,Charge 4
2022-08-15T03:49:59Z,96.9,Charge 4
2022-08-15T03:50:59Z,97.0,Charge 4
2022-08-15T03:51:59Z,96.9,Charge 4
2022-08-15T03:52:59Z,96.9,Charge 4
2022-08-15T03:53:59Z,96.9,Charge 4
2022-08-15T03:54:59Z,96.9,Charge 4
2022-08-15T03:55:59Z,97.0,Charge 4
2022-08-15T03:56:59Z,96.8,Charge 4
2022-08-15T03:57:59Z,96.7,Charge 4
2022-08-15T03:58:59Z,96.6,Charge 4
2022-08-15T03:59:59Z,96.2,Charge 4
2022-08-15T04:00:59Z,96.3,Charge 4
2022-08-15T04:01:59Z,96.7,Charge 4
2022-08-15T04:02:59Z,96.6,Charge 4
2022-08-15T04:03:59Z,96.6,Charge 4
2022-08-15T23:54:00Z,94.2,Charge 4
2022-08-15T23:55:00Z,94.9,Charge 4
2022-08-15T23:56:00Z,95.7,Charge 4
2022-08-15T23:57:00Z,96.3,Charge 4
2022-08-15T23:58:00Z,97.0,Charge 4
2022-08-15T23:59:00Z,97.4,Charge 4
2022-08-16T00:00:00Z,97.3,Charge 4
2022-08-16T00:01:00Z,97.2,Charge 4
2022-08-16T00:02:00Z,97.2,Charge 4
2022-08-16T00:52:00Z,93.7,Charge 4
2022-08-16T00:53:00Z,93.6,Charge 4
2022-08-16T00:54:00Z,93.9,Charge 4
2022-08-16T00:55:00Z,93.9,Charge 4
2022-08-16T00:56:00Z,93.7,Charge 4
2022-08-16T00:57:00Z,93.8,Charge 4
2022-08-16T00:58:00Z,93.7,Charge 4
2022-08-16T01:31:00Z,99.7,Charge 4
2022-08-16T01:32:00Z,100.0,Charge 4
2022-08-16T01:33:00Z,99.8,Charge 4
2022-08-16T01:34:00Z,99.5,Charge 4
2022-08-16T01:35:00Z,99.2,Charge 4
2022-08-16T01:36:00Z,99.1,Charge 4
2022-08-16T01:37:00Z,98.9,Charge 4
2022-08-16T01:38:00Z,98.7,Charge 4
2022-08-16T01:39:00Z,98.8,Charge 4
2022-08-16T02:03:00Z,96.1,Charge 4
2022-08-16T02:04:00Z,95.8,Charge 4
2022-08-16T02:05:00Z,96.1,Charge 4
2022-08-16T02:06:00Z,95.5,Charge 4
2022-08-16T02:07:00Z,94.9,Charge 4
2022-08-16T02:08:00Z,94.4,Charge 4
2022-08-16T02:16:00Z,95.2,Charge 4
2022-08-16T02:17:00Z,95.4,Charge 4
2022-08-16T02:18:00Z,95.2,Charge 4
2022-08-16T02:19:00Z,95.5,Charge 4
2022-08-16T02:20:00Z,96.0,Charge 4
2022-08-16T02:21:00Z,95.3,Charge 4
2022-08-16T02:22:00Z,95.5,Charge 4
2022-08-16T02:23:00Z,95.1,Charge 4
2022-08-16T02:24:00Z,95.7,Charge 4
2022-08-16T02:25:00Z,95.6,Charge 4
2022-08-16T02:26:00Z,95.9,Charge 4
2022-08-16T02:27:00Z,95.9,Charge 4
2022-08-16T02:28:00Z,96.2,Charge 4
2022-08-16T02:29:00Z,96.6,Charge 4
2022-08-16T02:30:00Z,96.4,Charge 4
2022-08-16T02:31:00Z,96.2,Charge 4
2022-08-16T02:32:00Z,95.3,Charge 4
2022-08-16T02:45:00Z,98.4,Charge 4
2022-08-16T02:46:00Z,99.1,Charge 4
2022-08-16T02:47:00Z,98.5,Charge 4
2022-08-16T02:48:00Z,98.9,Charge 4
2022-08-16T02:49:00Z,99.3,Charge 4
2022-08-16T02:50:00Z,98.9,Charge 4
2022-08-16T02:51:00Z,99.4,Charge 4
2022-08-16T02:52:00Z,99.4,Charge 4
2022-08-16T02:53:00Z,99.8,Charge 4
2022-08-16T02:54:00Z,100.0,Charge 4
2022-08-16T02:55:00Z,99.8,Charge 4
2022-08-16T02:56:00Z,99.1,Charge 4
2022-08-16T02:57:00Z,98.6,Charge 4
2022-08-16T02:58:00Z,98.3,Charge 4
2022-08-16T03:25:00Z,91.4,Charge 4
2022-08-16T03:26:00Z,91.7,Charge 4
2022-08-16T03:27:00Z,92.0,Charge 4
2022-08-16T03:28:00Z,92.2,Charge 4
2022-08-16T03:29:00Z,92.4,Charge 4
2022-08-16T03:30:00Z,92.7,Charge 4
2022-08-16T03:31:00Z,93.3,Charge 4
2022-08-16T03:32:00Z,93.3,Charge 4
2022-08-16T03:33:00Z,92.5,Charge 4
2022-08-16T03:34:00Z,93.2,Charge 4
2022-08-16T03:35:00Z,93.6,Charge 4
2022-08-16T03:36:00Z,92.5,Charge 4
2022-08-16T03:37:00Z,92.5,Charge 4
2022-08-16T03:38:00Z,93.2,Charge 4
2022-08-16T03:39:00Z,92.9,Charge 4
2022-08-16T05:05:00Z,92.9,Charge 4
2022-08-16T05:06:00Z,92.7,Charge 4
2022-08-16T05:07:00Z,93.2,Charge 4
2022-08-16T05:08:00Z,93.2,Charge 4
2022-08-16T05:09:00Z,92.5,Charge 4
2022-08-16T05:10:00Z,93.3,Charge 4
2022-08-16T22:06:29Z,89.0,Charge 4
2022-08-16T22:07:29Z,89.3,Charge 4
2022-08-16T22:08:29Z,89.4,Charge 4
2022-08-16T22:09:29Z,88.6,Charge 4
2022-08-16T22:10:29Z,88.7,Charge 4
2022-08-16T22:11:29Z,89.2,Charge 4
2022-08-16T22:12:29Z,89.4,Charge 4
2022-08-16T22:13:29Z,89.7,Charge 4
2022-08-16T22:14:29Z,90.9,Charge 4
2022-08-16T22:15:29Z,91.6,Charge 4
2022-08-16T22:16:29Z,92.2,Charge 4
2022-08-16T22:17:29Z,92.3,Charge 4
2022-08-16T22:18:29Z,92.1,Charge 4
2022-08-16T22:19:29Z,91.8,Charge 4
2022-08-16T22:20:29Z,91.7,Charge 4
2022-08-16T22:21:29Z,92.0,Charge 4
2022-08-16T22:22:29Z,92.3,Charge 4
2022-08-16T22:23:29Z,92.6,Charge 4
2022-08-16T22:24:29Z,92.4,Charge 4
2022-08-16T22:25:29Z,91.9,Charge 4
2022-08-17T00:51:29Z,93.3,Charge 4
2022-08-17T00:52:29Z,93.1,Charge 4
2022-08-17T00:53:29Z,92.5,Charge 4
2022-08-17T00:54:29Z,93.7,Charge 4
2022-08-17T00:55:29Z,93.4,Charge 4
2022-08-17T00:56:29Z,93.7,Charge 4
2022-08-17T00:57:29Z,93.5,Charge 4
2022-08-17T00:58:29Z,92.9,Charge 4
2022-08-17T00:59:29Z,92.6,Charge 4
2022-08-17T01:00:29Z,92.9,Charge 4
2022-08-17T01:01:29Z,93.0,Charge 4
2022-08-17T01:02:29Z,94.5,Charge 4
2022-08-17T01:03:29Z,94.5,Charge 4
2022-08-17T01:04:29Z,95.0,Charge 4
2022-08-17T01:05:29Z,94.0,Charge 4
2022-08-17T01:06:29Z,94.5,Charge 4
2022-08-17T01:07:29Z,93.9,Charge 4
2022-08-17T01:08:29Z,92.9,Charge 4
2022-08-17T01:09:29Z,93.0,Charge 4
2022-08-17T01:10:29Z,93.9,Charge 4
2022-08-17T01:11:29Z,94.3,Charge 4
2022-08-17T01:12:29Z,94.4,Charge 4
2022-08-17T01:13:29Z,94.2,Charge 4
2022-08-17T01:14:29Z,93.6,Charge 4
2022-08-17T01:15:29Z,94.8,Charge 4
2022-08-17T01:16:29Z,94.3,Charge 4
2022-08-17T01:17:29Z,93.7,Charge 4
2022-08-17T01:18:29Z,93.6,Charge 4
2022-08-17T14:07:00Z,95.2,Charge 4
2022-08-17T14:08:00Z,94.9,Charge 4
2022-08-17T14:09:00Z,95.0,Charge 4
2022-08-17T14:10:00Z,94.4,Charge 4
2022-08-17T14:11:00Z,94.7,Charge 4
2022-08-17T14:12:00Z,94.3,Charge 4
2022-08-17T14:13:00Z,94.1,Charge 4
2022-08-17T14:14:00Z,94.2,Charge 4
2022-08-17T14:15:00Z,94.9,Charge 4
2022-08-17T14:16:00Z,94.9,Charge 4
2022-08-17T14:17:00Z,94.6,Charge 4
2022-08-17T14:18:00Z,94.9,Charge 4
2022-08-17T14:19:00Z,94.7,Charge 4
2022-08-17T14:20:00Z,94.5,Charge 4
2022-08-17T14:21:00Z,94.6,Charge 4
2022-08-17T14:22:00Z,94.2,Charge 4
2022-08-17T14:23:00Z,94.0,Charge 4
2022-08-17T14:24:00Z,94.3,Charge 4
2022-08-17T14:25:00Z,94.4,Charge 4
2022-08-17T14:26:00Z,94.3,Charge 4
2022-08-17T14:27:00Z,94.2,Charge 4
2022-08-17T14:28:00Z,94.1,Charge 4
2022-08-20T06:18:59Z,91.4,Charge 4
2022-08-20T06:19:59Z,91.8,Charge 4
2022-08-20T06:20:59Z,91.3,Charge 4
2022-08-20T06:21:59Z,91.8,Charge 4
2022-08-20T06:22:59Z,91.5,Charge 4
2022-08-20T06:23:59Z,91.2,Charge 4
2022-08-20T06:24:59Z,91.9,Charge 4
2022-08-21T07:19:30Z,94.3,Charge 4
2022-08-21T07:20:30Z,94.0,Charge 4
2022-08-21T07:21:30Z,93.7,Charge 4
2022-08-21T07:22:30Z,92.6,Charge 4
2022-08-21T23:35:00Z,91.2,Charge 4
2022-08-21T23:36:00Z,91.7,Charge 4
2022-08-21T23:37:00Z,92.8,Charge 4
2022-08-21T23:38:00Z,92.8,Charge 4
2022-08-21T23:39:00Z,93.0,Charge 4
2022-08-21T23:40:00Z,93.7,Charge 4
2022-08-21T23:41:00Z,93.4,Charge 4
2022-08-22T01:13:00Z,90.5,Charge 4
2022-08-22T01:14:00Z,90.8,Charge 4
2022-08-22T01:15:00Z,91.2,Charge 4
2022-08-22T01:16:00Z,91.3,Charge 4
2022-08-22T01:17:00Z,91.5,Charge 4
2022-08-22T01:18:00Z,91.5,Charge 4
2022-08-22T01:19:00Z,91.3,Charge 4
2022-08-22T01:20:00Z,91.1,Charge 4
2022-08-22T01:21:00Z,90.8,Charge 4
2022-08-22T01:22:00Z,90.7,Charge 4
2022-08-22T01:23:00Z,90.8,Charge 4
2022-08-22T01:24:00Z,90.9,Charge 4
2022-08-22T01:25:00Z,90.8,Charge 4
2022-08-22T01:26:00Z,90.4,Charge 4
2022-08-22T01:27:00Z,90.4,Charge 4
2022-08-22T01:28:00Z,90.4,Charge 4
2022-08-22T01:29:00Z,90.2,Charge 4
2022-08-22T01:30:00Z,89.9,Charge 4
2022-08-22T01:31:00Z,90.0,Charge 4
2022-08-22T01:32:00Z,90.3,Charge 4
2022-08-22T01:33:00Z,90.1,Charge 4
2022-08-22T01:34:00Z,89.9,Charge 4
2022-08-22T01:35:00Z,89.4,Charge 4
2022-08-22T01:36:00Z,89.2,Charge 4
2022-08-22T01:37:00Z,89.0,Charge 4
2022-08-22T01:38:00Z,89.2,Charge 4
2022-08-22T01:39:00Z,89.4,Charge 4
2022-08-22T01:40:00Z,89.7,Charge 4
2022-08-22T22:33:29Z,88.8,Charge 4
2022-08-22T22:34:29Z,88.2,Charge 4
2022-08-22T22:35:29Z,87.5,Charge 4
2022-08-22T22:36:29Z,87.8,Charge 4
2022-08-23T02:36:29Z,92.3,Charge 4
2022-08-23T02:37:29Z,92.3,Charge 4
2022-08-23T02:38:29Z,93.9,Charge 4
2022-08-23T02:39:29Z,95.3,Charge 4
2022-08-23T03:48:29Z,94.5,Charge 4
2022-08-23T03:49:29Z,94.9,Charge 4
2022-08-23T03:50:29Z,95.0,Charge 4
2022-08-23T03:51:29Z,95.1,Charge 4
2022-08-23T03:52:29Z,95.0,Charge 4
2022-08-23T03:53:29Z,95.0,Charge 4
2022-08-23T03:54:29Z,94.9,Charge 4
2022-08-23T03:55:29Z,94.8,Charge 4
2022-08-23T03:56:29Z,94.8,Charge 4
2022-08-23T03:57:29Z,94.7,Charge 4
2022-08-23T03:58:29Z,94.9,Charge 4
2022-08-23T22:40:59Z,90.3,Charge 4
2022-08-23T22:41:59Z,89.9,Charge 4
2022-08-23T22:42:59Z,90.2,Charge 4
2022-08-23T22:43:59Z,89.7,Charge 4
2022-08-23T22:44:59Z,89.3,Charge 4
2022-08-23T22:45:59Z,90.3,Charge 4
2022-08-23T22:46:59Z,90.2,Charge 4
2022-08-23T22:47:59Z,91.2,Charge 4
2022-08-23T22:48:59Z,90.9,Charge 4
2022-08-23T22:49:59Z,90.2,Charge 4
2022-08-23T22:50:59Z,90.0,Charge 4
2022-08-23T22:51:59Z,91.6,Charge 4
2022-08-23T22:52:59Z,91.1,Charge 4
2022-08-23T22:53:59Z,91.1,Charge 4
2022-08-23T22:54:59Z,90.5,Charge 4
2022-08-23T23:08:59Z,92.9,Charge 4
2022-08-23T23:09:59Z,93.2,Charge 4
2022-08-23T23:10:59Z,93.4,Charge 4
2022-08-23T23:11:59Z,93.4,Charge 4
2022-08-23T23:12:59Z,93.6,Charge 4
2022-08-23T23:13:59Z,93.5,Charge 4
2022-08-23T23:14:59Z,93.4,Charge 4
2022-08-23T23:15:59Z,93.5,Charge 4
2022-08-23T23:16:59Z,93.6,Charge 4
2022-08-23T23:17:59Z,93.7,Charge 4
2022-08-23T23:18:59Z,93.6,Charge 4
2022-08-23T23:19:59Z,93.5,Charge 4
2022-08-23T23:20:59Z,93.4,Charge 4
2022-08-23T23:21:59Z,93.3,Charge 4
2022-08-23T23:22:59Z,92.9,Charge 4
2022-08-23T23:23:59Z,93.3,Charge 4
2022-08-23T23:24:59Z,93.3,Charge 4
2022-08-23T23:25:59Z,93.3,Charge 4
2022-08-23T23:26:59Z,93.1,Charge 4
2022-08-23T23:27:59Z,92.9,Charge 4
2022-08-23T23:28:59Z,92.7,Charge 4
2022-08-23T23:29:59Z,92.6,Charge 4
2022-08-23T23:30:59Z,92.8,Charge 4
2022-08-23T23:31:59Z,92.5,Charge 4
2022-08-23T23:32:59Z,92.7,Charge 4
2022-08-23T23:33:59Z,92.7,Charge 4
2022-08-23T23:34:59Z,92.7,Charge 4
2022-08-23T23:35:59Z,92.7,Charge 4
2022-08-23T23:36:59Z,92.7,Charge 4
2022-08-23T23:37:59Z,92.4,Charge 4
2022-08-25T06:12:29Z,95.2,Charge 4
2022-08-25T06:13:29Z,95.1,Charge 4
2022-08-25T06:14:29Z,94.9,Charge 4
2022-08-25T06:15:29Z,94.5,Charge 4
2022-08-25T06:16:29Z,94.4,Charge 4
2022-08-25T06:17:29Z,94.4,Charge 4
2022-08-25T06:18:29Z,94.2,Charge 4
2022-08-25T06:19:29Z,94.8,Charge 4
2022-08-25T23:39:30Z,92.8,Charge 4
2022-08-25T23:40:30Z,92.7,Charge 4
2022-08-25T23:41:30Z,92.6,Charge 4
2022-08-25T23:42:30Z,92.6,Charge 4
2022-08-25T23:43:30Z,92.7,Charge 4
2022-08-25T23:44:30Z,93.7,Charge 4
2022-08-25T23:45:30Z,93.7,Charge 4
2022-08-25T23:46:30Z,93.5,Charge 4
2022-08-25T23:47:30Z,93.3,Charge 4
2022-08-25T23:48:30Z,93.2,Charge 4
2022-08-25T23:49:30Z,93.2,Charge 4
2022-08-25T23:50:30Z,93.2,Charge 4
2022-08-25T23:58:30Z,93.4,Charge 4
2022-08-25T23:59:30Z,93.4,Charge 4
2022-08-26T00:00:30Z,93.4,Charge 4
2022-08-26T00:01:30Z,93.1,Charge 4
2022-08-26T00:02:30Z,92.8,Charge 4
2022-08-26T01:04:30Z,94.6,Charge 4
2022-08-26T01:05:30Z,95.7,Charge 4
2022-08-26T01:06:30Z,96.5,Charge 4
2022-08-26T01:07:30Z,96.3,Charge 4
2022-08-26T01:08:30Z,96.1,Charge 4
2022-08-26T01:09:30Z,95.0,Charge 4
2022-08-26T01:10:30Z,95.0,Charge 4
2022-08-26T01:11:30Z,94.2,Charge 4
2022-08-26T01:12:30Z,94.6,Charge 4
2022-08-26T01:13:30Z,94.3,Charge 4
2022-08-26T01:14:30Z,92.9,Charge 4
2022-08-26T01:15:30Z,93.3,Charge 4
2022-08-26T01:16:30Z,95.5,Charge 4
2022-08-26T01:29:30Z,95.7,Charge 4
2022-08-26T01:30:30Z,95.8,Charge 4
2022-08-26T01:31:30Z,96.1,Charge 4
2022-08-26T01:32:30Z,96.0,Charge 4
2022-08-26T01:33:30Z,95.7,Charge 4
2022-08-26T01:34:30Z,96.3,Charge 4
2022-08-26T01:35:30Z,96.0,Charge 4
2022-08-26T01:36:30Z,96.0,Charge 4
2022-08-26T01:37:30Z,95.6,Charge 4
2022-08-26T01:38:30Z,96.2,Charge 4
2022-08-26T01:39:30Z,96.6,Charge 4
2022-08-26T01:40:30Z,96.7,Charge 4
2022-08-26T01:41:30Z,96.7,Charge 4
2022-08-26T01:42:30Z,96.8,Charge 4
2022-08-26T01:43:30Z,97.0,Charge 4
2022-08-26T01:44:30Z,97.4,Charge 4
2022-08-26T01:45:30Z,97.8,Charge 4
2022-08-26T01:46:30Z,97.9,Charge 4
2022-08-26T01:47:30Z,98.1,Charge 4
2022-08-26T01:48:30Z,98.5,Charge 4
2022-08-26T01:49:30Z,98.1,Charge 4
2022-08-26T01:50:30Z,98.0,Charge 4
2022-08-26T01:51:30Z,98.0,Charge 4
2022-08-26T01:59:30Z,99.2,Charge 4
2022-08-26T02:00:30Z,98.7,Charge 4
2022-08-26T02:01:30Z,99.0,Charge 4
2022-08-26T02:02:30Z,99.2,Charge 4
2022-08-26T02:03:30Z,99.0,Charge 4
2022-08-26T02:04:30Z,99.4,Charge 4
2022-08-26T02:05:30Z,99.6,Charge 4
2022-08-26T02:06:30Z,99.1,Charge 4
2022-08-26T02:07:30Z,97.3,Charge 4
2022-08-26T02:08:30Z,95.4,Charge 4
2022-08-26T02:50:30Z,94.8,Charge 4
2022-08-26T02:51:30Z,95.2,Charge 4
2022-08-26T02:52:30Z,96.4,Charge 4
2022-08-26T02:53:30Z,97.3,Charge 4
2022-08-26T02:54:30Z,97.5,Charge 4
2022-08-26T02:55:30Z,97.6,Charge 4
2022-08-26T02:56:30Z,97.8,Charge 4
2022-08-26T02:57:30Z,98.1,Charge 4
2022-08-26T02:58:30Z,98.0,Charge 4
2022-08-26T02:59:30Z,98.4,Charge 4
2022-08-26T03:00:30Z,98.5,Charge 4
2022-08-26T03:01:30Z,98.0,Charge 4
2022-08-26T03:40:30Z,94.1,Charge 4
2022-08-26T03:41:30Z,94.7,Charge 4
2022-08-26T03:42:30Z,95.4,Charge 4
2022-08-26T03:43:30Z,95.8,Charge 4
2022-08-26T03:44:30Z,96.1,Charge 4
2022-08-26T03:45:30Z,96.3,Charge 4
2022-08-26T03:46:30Z,96.2,Charge 4
2022-08-26T03:47:30Z,96.3,Charge 4
2022-08-26T03:48:30Z,96.4,Charge 4
2022-08-26T03:49:30Z,96.4,Charge 4
2022-08-26T03:50:30Z,96.5,Charge 4
2022-08-26T03:51:30Z,96.5,Charge 4
2022-08-26T03:52:30Z,96.6,Charge 4
2022-08-26T03:53:30Z,96.5,Charge 4
2022-08-26T03:54:30Z,96.7,Charge 4
2022-08-26T03:55:30Z,96.7,Charge 4
2022-08-26T03:56:30Z,96.7,Charge 4
2022-08-26T03:57:30Z,96.7,Charge 4
2022-08-26T03:58:30Z,96.7,Charge 4
2022-08-26T05:06:30Z,93.9,Charge 4
2022-08-26T05:07:30Z,94.5,Charge 4
2022-08-26T05:08:30Z,94.1,Charge 4
2022-08-26T05:09:30Z,94.6,Charge 4
2022-08-26T05:10:30Z,94.3,Charge 4
2022-08-26T05:11:30Z,94.7,Charge 4
2022-08-26T05:12:30Z,94.7,Charge 4
2022-08-26T05:13:30Z,94.9,Charge 4
2022-08-26T05:14:30Z,95.4,Charge 4
2022-08-26T05:15:30Z,95.2,Charge 4
2022-08-26T05:16:30Z,95.4,Charge 4
2022-08-26T05:17:30Z,95.4,Charge 4
2022-08-26T05:18:30Z,95.4,Charge 4
2022-08-26T05:19:30Z,95.1,Charge 4
2022-08-26T05:20:30Z,94.9,Charge 4
2022-08-26T05:21:30Z,94.5,Charge 4
2022-08-26T05:22:30Z,95.0,Charge 4
2022-08-26T05:23:30Z,94.9,Charge 4
2022-08-26T05:24:30Z,95.0,Charge 4
2022-08-27T05:37:30Z,94.2,Charge 4
2022-08-27T05:38:30Z,94.6,Charge 4
2022-08-27T05:39:30Z,94.8,Charge 4
2022-08-27T05:40:30Z,95.0,Charge 4
2022-08-27T05:41:30Z,95.3,Charge 4
2022-08-27T05:42:30Z,95.2,Charge 4
2022-08-27T05:43:30Z,95.1,Charge 4
2022-08-27T05:44:30Z,95.2,Charge 4
2022-08-27T22:58:30Z,93.4,Charge 4
2022-08-27T22:59:30Z,94.3,Charge 4
2022-08-27T23:00:30Z,95.6,Charge 4
2022-08-27T23:01:30Z,95.7,Charge 4
2022-08-27T23:02:30Z,95.0,Charge 4
2022-08-27T23:14:30Z,90.1,Charge 4
2022-08-27T23:15:30Z,89.5,Charge 4
2022-08-27T23:16:30Z,88.8,Charge 4
2022-08-27T23:17:30Z,88.3,Charge 4
2022-08-27T23:18:30Z,89.3,Charge 4
2022-08-27T23:19:30Z,90.3,Charge 4
2022-08-27T23:20:30Z,92.2,Charge 4
2022-08-27T23:21:30Z,93.9,Charge 4
2022-08-27T23:33:30Z,92.6,Charge 4
2022-08-27T23:34:30Z,92.1,Charge 4
2022-08-27T23:35:30Z,92.3,Charge 4
2022-08-27T23:36:30Z,93.8,Charge 4
2022-08-27T23:37:30Z,93.6,Charge 4
2022-08-27T23:38:30Z,93.4,Charge 4
2022-08-27T23:39:30Z,92.8,Charge 4
2022-08-27T23:40:30Z,93.5,Charge 4
2022-08-27T23:41:30Z,93.8,Charge 4
2022-08-27T23:42:30Z,93.4,Charge 4
2022-08-27T23:43:30Z,93.4,Charge 4
2022-08-27T23:44:30Z,94.5,Charge 4
2022-08-27T23:45:30Z,95.0,Charge 4
2022-08-27T23:46:30Z,94.4,Charge 4
2022-08-27T23:47:30Z,94.4,Charge 4
2022-08-27T23:48:30Z,93.1,Charge 4
2022-08-27T23:49:30Z,93.3,Charge 4
2022-08-27T23:50:30Z,94.6,Charge 4
2022-08-27T23:59:30Z,92.3,Charge 4
2022-08-28T00:00:30Z,92.2,Charge 4
2022-08-28T00:01:30Z,92.0,Charge 4
2022-08-28T00:02:30Z,92.4,Charge 4
2022-08-28T00:03:30Z,92.1,Charge 4
2022-08-28T00:04:30Z,92.1,Charge 4
2022-08-28T00:05:30Z,92.8,Charge 4
2022-08-28T00:20:30Z,97.2,Charge 4
2022-08-28T00:21:30Z,97.7,Charge 4
2022-08-28T00:22:30Z,97.4,Charge 4
2022-08-28T00:23:30Z,97.7,Charge 4
2022-08-28T00:24:30Z,98.7,Charge 4
2022-08-28T00:49:30Z,94.3,Charge 4
2022-08-28T00:50:30Z,95.1,Charge 4
2022-08-28T00:51:30Z,95.6,Charge 4
2022-08-28T00:52:30Z,96.1,Charge 4
2022-08-28T00:53:30Z,96.5,Charge 4
2022-08-28T00:54:30Z,97.0,Charge 4
2022-08-28T00:55:30Z,98.0,Charge 4
2022-08-28T00:56:30Z,97.9,Charge 4
2022-08-28T00:57:30Z,97.6,Charge 4
2022-08-28T01:24:30Z,95.4,Charge 4
2022-08-28T01:25:30Z,95.4,Charge 4
2022-08-28T01:26:30Z,95.8,Charge 4
2022-08-28T01:27:30Z,95.7,Charge 4
2022-08-28T01:28:30Z,95.9,Charge 4
2022-08-28T01:29:30Z,96.0,Charge 4
2022-08-28T01:30:30Z,96.5,Charge 4
2022-08-28T01:31:30Z,96.1,Charge 4
2022-08-28T01:32:30Z,96.6,Charge 4
2022-08-28T01:33:30Z,97.1,Charge 4
2022-08-28T01:34:30Z,97.3,Charge 4
2022-08-28T01:35:30Z,97.8,Charge 4
2022-08-28T01:36:30Z,97.5,Charge 4
2022-08-28T01:37:30Z,97.4,Charge 4
2022-08-28T01:38:30Z,97.1,Charge 4
2022-08-28T01:39:30Z,97.6,Charge 4
2022-08-28T01:40:30Z,97.7,Charge 4
2022-08-28T01:41:30Z,97.2,Charge 4
2022-08-28T01:42:30Z,97.3,Charge 4
2022-08-28T01:43:30Z,97.2,Charge 4
2022-08-28T01:44:30Z,97.5,Charge 4
2022-08-28T01:45:30Z,97.5,Charge 4
2022-08-28T01:46:30Z,97.7,Charge 4
2022-08-28T01:47:30Z,98.0,Charge 4
2022-08-28T01:48:30Z,97.7,Charge 4
2022-08-28T01:49:30Z,97.8,Charge 4
2022-08-28T02:24:30Z,91.6,Charge 4
2022-08-28T02:25:30Z,91.9,Charge 4
2022-08-28T02:26:30Z,92.3,Charge 4
2022-08-28T02:27:30Z,92.3,Charge 4
2022-08-28T02:28:30Z,92.2,Charge 4
2022-08-28T02:29:30Z,91.9,Charge 4
2022-08-28T02:30:30Z,92.1,Charge 4
2022-08-28T02:31:30Z,92.3,Charge 4
2022-08-28T02:32:30Z,92.3,Charge 4
2022-08-28T02:33:30Z,92.3,Charge 4
2022-08-28T02:34:30Z,92.1,Charge 4
2022-08-28T02:35:30Z,92.0,Charge 4
2022-08-28T02:36:30Z,92.2,Charge 4
2022-08-28T02:37:30Z,92.3,Charge 4
2022-08-28T02:38:30Z,92.3,Charge 4
2022-08-28T02:39:30Z,92.2,Charge 4
2022-08-28T02:40:30Z,92.2,Charge 4
2022-08-28T02:41:30Z,92.1,Charge 4
2022-08-28T02:42:30Z,92.2,Charge 4
2022-08-28T02:43:30Z,92.3,Charge 4
2022-08-28T02:44:30Z,92.5,Charge 4
2022-08-28T02:45:30Z,92.7,Charge 4
2022-08-28T02:46:30Z,92.9,Charge 4
2022-08-28T02:54:30Z,93.6,Charge 4
2022-08-28T02:55:30Z,93.4,Charge 4
2022-08-28T02:56:30Z,93.2,Charge 4
2022-08-28T02:57:30Z,93.5,Charge 4
2022-08-28T02:58:30Z,93.4,Charge 4
2022-08-28T02:59:30Z,93.3,Charge 4
2022-08-28T03:00:30Z,93.4,Charge 4
2022-08-28T03:01:30Z,93.2,Charge 4
2022-08-28T03:02:30Z,93.2,Charge 4
2022-08-28T03:10:30Z,93.8,Charge 4
2022-08-28T03:11:30Z,93.8,Charge 4
2022-08-28T03:12:30Z,93.6,Charge 4
2022-08-28T03:13:30Z,93.6,Charge 4
2022-08-28T03:14:30Z,93.6,Charge 4
2022-08-28T03:15:30Z,93.7,Charge 4
2022-08-28T03:16:30Z,93.2,Charge 4
2022-08-28T03:17:30Z,93.1,Charge 4
2022-08-28T03:18:30Z,92.4,Charge 4
2022-08-28T03:19:30Z,91.7,Charge 4
2022-08-28T03:20:30Z,90.9,Charge 4
2022-08-28T03:21:30Z,90.8,Charge 4
2022-08-28T03:22:30Z,90.8,Charge 4
2022-08-28T03:23:30Z,91.5,Charge 4
2022-08-28T03:24:30Z,91.8,Charge 4
2022-08-28T03:25:30Z,91.8,Charge 4
2022-08-28T03:26:30Z,91.6,Charge 4
2022-08-28T03:27:30Z,91.0,Charge 4
2022-08-28T03:39:30Z,93.8,Charge 4
2022-08-28T03:40:30Z,96.0,Charge 4
2022-08-28T03:41:30Z,97.2,Charge 4
2022-08-28T03:42:30Z,98.0,Charge 4
2022-08-28T03:43:30Z,98.3,Charge 4
2022-08-28T03:44:30Z,98.6,Charge 4
2022-08-28T03:45:30Z,98.6,Charge 4
2022-08-28T03:46:30Z,98.4,Charge 4
2022-08-28T03:47:30Z,98.5,Charge 4
2022-08-28T03:48:30Z,98.6,Charge 4
2022-08-28T03:49:30Z,98.6,Charge 4
2022-08-28T03:50:30Z,98.6,Charge 4
2022-08-28T03:51:30Z,98.3,Charge 4
2022-08-28T03:52:30Z,98.6,Charge 4
2022-08-28T03:53:30Z,99.0,Charge 4
2022-08-28T03:54:30Z,99.2,Charge 4
2022-08-28T04:36:30Z,92.0,Charge 4
2022-08-28T04:37:30Z,92.5,Charge 4
2022-08-28T04:38:30Z,92.4,Charge 4
2022-08-28T04:39:30Z,93.3,Charge 4
2022-08-28T04:40:30Z,93.1,Charge 4
2022-08-28T04:41:30Z,92.6,Charge 4
2022-08-28T04:42:30Z,92.2,Charge 4
2022-08-28T04:43:30Z,92.6,Charge 4
2022-08-28T04:44:30Z,92.6,Charge 4
2022-08-28T04:45:30Z,92.9,Charge 4
2022-08-28T04:46:30Z,91.6,Charge 4
2022-08-28T04:47:30Z,91.4,Charge 4
2022-08-28T04:48:30Z,92.1,Charge 4
2022-08-28T04:49:30Z,92.8,Charge 4
2022-08-28T04:50:30Z,93.1,Charge 4
2022-08-28T04:51:30Z,92.0,Charge 4
2022-08-28T04:52:30Z,92.1,Charge 4
2022-08-28T04:53:30Z,92.0,Charge 4
2022-08-28T04:54:30Z,92.3,Charge 4
2022-08-28T04:55:30Z,92.3,Charge 4
2022-08-28T04:56:30Z,92.1,Charge 4
2022-08-28T04:57:30Z,92.4,Charge 4
2022-08-28T04:58:30Z,92.2,Charge 4
2022-08-28T04:59:30Z,92.7,Charge 4
2022-08-28T05:00:30Z,93.3,Charge 4
2022-08-28T05:01:30Z,93.1,Charge 4
2022-08-28T05:02:30Z,93.7,Charge 4
2022-08-28T05:03:30Z,93.5,Charge 4
2022-08-29T01:40:59Z,90.8,Charge 4
2022-08-29T01:41:59Z,91.0,Charge 4
2022-08-29T01:42:59Z,91.4,Charge 4
2022-08-29T01:43:59Z,91.5,Charge 4
2022-08-29T01:44:59Z,91.7,Charge 4
2022-08-29T01:45:59Z,91.6,Charge 4
2022-08-29T01:46:59Z,91.8,Charge 4
2022-08-29T23:08:29Z,96.6,Charge 4
2022-08-29T23:09:29Z,96.9,Charge 4
2022-08-29T23:10:29Z,97.1,Charge 4
2022-08-29T23:11:29Z,97.2,Charge 4
2022-08-29T23:12:29Z,97.4,Charge 4
2022-08-29T23:13:29Z,97.6,Charge 4
2022-08-29T23:14:29Z,97.6,Charge 4
2022-08-29T23:15:29Z,97.7,Charge 4
2022-08-29T23:16:29Z,97.8,Charge 4
2022-08-29T23:17:29Z,97.7,Charge 4
2022-08-29T23:18:29Z,97.4,Charge 4
2022-08-29T23:19:29Z,97.1,Charge 4
2022-08-29T23:20:29Z,96.9,Charge 4
2022-08-29T23:21:29Z,97.0,Charge 4
2022-08-29T23:22:29Z,97.1,Charge 4
2022-08-29T23:23:29Z,97.2,Charge 4
2022-08-29T23:24:29Z,97.5,Charge 4
2022-08-30T01:23:29Z,95.1,Charge 4
2022-08-30T01:24:29Z,96.2,Charge 4
2022-08-30T01:25:29Z,97.1,Charge 4
2022-08-30T01:26:29Z,96.7,Charge 4
2022-08-30T01:27:29Z,96.9,Charge 4
2022-08-30T01:28:29Z,96.9,Charge 4
2022-08-30T01:29:29Z,96.8,Charge 4
2022-08-30T01:30:29Z,97.1,Charge 4
2022-08-30T01:31:29Z,97.7,Charge 4
2022-08-30T01:32:29Z,97.5,Charge 4
2022-08-30T01:33:29Z,97.8,Charge 4
2022-08-30T01:34:29Z,97.6,Charge 4
2022-08-30T01:35:29Z,97.6,Charge 4
2022-08-30T01:36:29Z,96.9,Charge 4
2022-08-30T01:37:29Z,96.6,Charge 4
2022-08-30T01:38:29Z,95.3,Charge 4
2022-08-30T01:39:29Z,95.2,Charge 4
2022-08-30T01:40:29Z,94.8,Charge 4
2022-08-30T01:41:29Z,94.6,Charge 4
2022-08-30T01:42:29Z,93.6,Charge 4
2022-08-30T01:43:29Z,92.1,Charge 4
2022-08-30T01:44:29Z,91.2,Charge 4
2022-08-30T01:45:29Z,91.0,Charge 4
2022-08-30T07:30:29Z,93.9,Charge 4
2022-08-30T07:31:29Z,93.3,Charge 4
2022-08-30T07:32:29Z,93.1,Charge 4
2022-08-30T07:33:29Z,92.3,Charge 4
2022-08-31T02:16:00Z,94.5,Charge 4
2022-08-31T02:17:00Z,95.5,Charge 4
2022-08-31T02:18:00Z,95.3,Charge 4
2022-08-31T02:19:00Z,96.3,Charge 4
2022-08-31T02:20:00Z,95.6,Charge 4
2022-08-31T02:21:00Z,96.6,Charge 4
2022-08-31T02:22:00Z,96.4,Charge 4
