timestamp,steps,data source
2022-05-18T23:11:00Z,16,Charge 4
2022-05-19T01:29:00Z,8,Charge 4
2022-05-19T02:14:00Z,4,Charge 4
2022-05-19T06:33:00Z,23,Charge 4
2022-05-19T06:34:00Z,22,Charge 4
2022-05-19T06:35:00Z,8,Charge 4
2022-05-19T06:52:00Z,15,Charge 4
2022-05-19T06:53:00Z,9,Charge 4
2022-05-19T06:56:00Z,20,Charge 4
2022-05-19T07:00:00Z,12,Charge 4
2022-05-19T07:01:00Z,10,Charge 4
2022-05-19T07:04:00Z,15,Charge 4
2022-05-19T07:05:00Z,15,Charge 4
2022-05-19T07:29:00Z,4,Charge 4
2022-05-19T07:55:00Z,4,Charge 4
2022-05-19T08:11:00Z,25,Charge 4
2022-05-19T08:13:00Z,6,Charge 4
2022-05-19T08:15:00Z,8,Charge 4
2022-05-19T08:17:00Z,7,Charge 4
2022-05-19T08:18:00Z,2,Charge 4
2022-05-19T08:27:00Z,23,Charge 4
2022-05-19T09:09:00Z,4,Charge 4
2022-05-19T09:22:00Z,19,Charge 4
2022-05-19T09:25:00Z,12,Charge 4
2022-05-19T09:38:00Z,32,Charge 4
2022-05-19T09:42:00Z,13,Charge 4
2022-05-19T09:43:00Z,8,Charge 4
2022-05-19T10:06:00Z,6,Charge 4
2022-05-19T10:19:00Z,11,Charge 4
2022-05-19T10:28:00Z,4,Charge 4
2022-05-19T10:51:00Z,4,Charge 4
2022-05-19T11:17:00Z,11,Charge 4
2022-05-19T11:18:00Z,3,Charge 4
2022-05-19T11:21:00Z,74,Charge 4
2022-05-19T11:22:00Z,56,Charge 4
2022-05-19T11:23:00Z,55,Charge 4
2022-05-19T11:24:00Z,66,Charge 4
2022-05-19T11:25:00Z,103,Charge 4
2022-05-19T11:26:00Z,102,Charge 4
2022-05-19T11:27:00Z,110,Charge 4
2022-05-19T11:28:00Z,84,Charge 4
2022-05-19T11:29:00Z,29,Charge 4
2022-05-19T11:30:00Z,20,Charge 4
2022-05-19T11:31:00Z,26,Charge 4
2022-05-19T11:36:00Z,8,Charge 4
2022-05-19T11:38:00Z,7,Charge 4
2022-05-19T11:39:00Z,100,Charge 4
2022-05-19T11:40:00Z,96,Charge 4
2022-05-19T11:41:00Z,47,Charge 4
2022-05-19T11:42:00Z,65,Charge 4
2022-05-19T11:43:00Z,105,Charge 4
2022-05-19T11:44:00Z,110,Charge 4
2022-05-19T11:45:00Z,53,Charge 4
2022-05-19T11:47:00Z,12,Charge 4
2022-05-19T11:48:00Z,5,Charge 4
2022-05-19T11:49:00Z,53,Charge 4
2022-05-19T11:50:00Z,36,Charge 4
2022-05-19T11:54:00Z,13,Charge 4
2022-05-19T12:20:00Z,12,Charge 4
2022-05-19T12:25:00Z,19,Charge 4
2022-05-19T12:28:00Z,12,Charge 4
2022-05-19T12:29:00Z,8,Charge 4
2022-05-19T12:30:00Z,66,Charge 4
2022-05-19T12:31:00Z,55,Charge 4
2022-05-19T12:32:00Z,91,Charge 4
2022-05-19T12:33:00Z,33,Charge 4
2022-05-19T12:34:00Z,58,Charge 4
2022-05-19T12:35:00Z,113,Charge 4
2022-05-19T12:36:00Z,91,Charge 4
2022-05-19T12:40:00Z,17,Charge 4
2022-05-19T12:47:00Z,66,Charge 4
2022-05-19T12:48:00Z,87,Charge 4
2022-05-19T12:49:00Z,111,Charge 4
2022-05-19T12:50:00Z,108,Charge 4
2022-05-19T12:51:00Z,105,Charge 4
2022-05-19T12:52:00Z,43,Charge 4
2022-05-19T12:53:00Z,36,Charge 4
2022-05-19T12:54:00Z,38,Charge 4
2022-05-19T12:57:00Z,28,Charge 4
2022-05-19T12:58:00Z,5,Charge 4
2022-05-19T13:11:00Z,6,Charge 4
2022-05-19T13:34:00Z,10,Charge 4
2022-05-19T13:36:00Z,14,Charge 4
2022-05-19T13:37:00Z,5,Charge 4
2022-05-19T13:38:00Z,9,Charge 4
2022-05-19T13:59:00Z,9,Charge 4
2022-05-19T14:08:00Z,12,Charge 4
2022-05-19T14:09:00Z,4,Charge 4
2022-05-19T14:15:00Z,5,Charge 4
2022-05-19T14:16:00Z,51,Charge 4
2022-05-19T14:17:00Z,8,Charge 4
2022-05-19T14:18:00Z,9,Charge 4
2022-05-19T14:39:00Z,6,Charge 4
2022-05-19T14:40:00Z,4,Charge 4
2022-05-19T15:08:00Z,21,Charge 4
2022-05-19T15:47:00Z,4,Charge 4
2022-05-19T15:49:00Z,6,Charge 4
2022-05-19T15:50:00Z,6,Charge 4
2022-05-19T15:59:00Z,7,Charge 4
2022-05-19T16:26:00Z,12,Charge 4
2022-05-19T16:27:00Z,24,Charge 4
2022-05-19T16:28:00Z,44,Charge 4
2022-05-19T16:29:00Z,21,Charge 4
2022-05-19T16:31:00Z,30,Charge 4
2022-05-19T16:32:00Z,18,Charge 4
2022-05-19T16:33:00Z,17,Charge 4
2022-05-19T16:34:00Z,15,Charge 4
2022-05-19T16:39:00Z,29,Charge 4
2022-05-19T16:54:00Z,8,Charge 4
2022-05-19T17:06:00Z,21,Charge 4
2022-05-19T17:19:00Z,6,Charge 4
2022-05-19T17:33:00Z,15,Charge 4
2022-05-19T17:34:00Z,6,Charge 4
2022-05-19T17:49:00Z,20,Charge 4
2022-05-19T17:53:00Z,19,Charge 4
2022-05-19T17:54:00Z,16,Charge 4
2022-05-19T17:55:00Z,15,Charge 4
2022-05-19T17:56:00Z,33,Charge 4
2022-05-19T17:57:00Z,48,Charge 4
2022-05-19T17:58:00Z,16,Charge 4
2022-05-19T18:07:00Z,19,Charge 4
2022-05-19T18:08:00Z,11,Charge 4
2022-05-19T18:09:00Z,21,Charge 4
2022-05-19T18:10:00Z,12,Charge 4
2022-05-19T18:12:00Z,8,Charge 4
2022-05-19T18:15:00Z,10,Charge 4
2022-05-19T18:18:00Z,42,Charge 4
2022-05-19T18:19:00Z,42,Charge 4
2022-05-19T18:44:00Z,25,Charge 4
2022-05-19T18:45:00Z,4,Charge 4
2022-05-19T18:47:00Z,36,Charge 4
2022-05-19T19:23:00Z,19,Charge 4
2022-05-19T19:24:00Z,7,Charge 4
2022-05-20T10:22:00Z,14,Charge 4
2022-05-20T10:23:00Z,20,Charge 4
2022-05-20T15:13:00Z,29,Charge 4
2022-05-20T15:14:00Z,57,Charge 4
2022-05-20T15:15:00Z,90,Charge 4
2022-05-20T15:16:00Z,100,Charge 4
2022-05-20T15:17:00Z,106,Charge 4
2022-05-20T15:18:00Z,105,Charge 4
2022-05-20T15:19:00Z,106,Charge 4
2022-05-20T15:20:00Z,102,Charge 4
2022-05-20T15:21:00Z,105,Charge 4
2022-05-20T15:22:00Z,105,Charge 4
2022-05-20T15:23:00Z,104,Charge 4
2022-05-20T15:24:00Z,55,Charge 4
2022-05-20T15:25:00Z,66,Charge 4
2022-05-20T15:26:00Z,24,Charge 4
2022-05-20T15:29:00Z,35,Charge 4
2022-05-20T15:30:00Z,9,Charge 4
2022-05-20T15:43:00Z,44,Charge 4
2022-05-20T15:44:00Z,28,Charge 4
2022-05-20T15:45:00Z,39,Charge 4
2022-05-20T15:48:00Z,10,Charge 4
2022-05-20T16:01:00Z,45,Charge 4
2022-05-20T16:02:00Z,50,Charge 4
2022-05-20T16:03:00Z,85,Charge 4
2022-05-20T16:04:00Z,97,Charge 4
2022-05-20T16:05:00Z,85,Charge 4
2022-05-20T16:06:00Z,94,Charge 4
2022-05-20T16:07:00Z,74,Charge 4
2022-05-20T16:08:00Z,93,Charge 4
2022-05-20T16:09:00Z,95,Charge 4
2022-05-20T16:10:00Z,90,Charge 4
2022-05-20T16:11:00Z,96,Charge 4
2022-05-20T16:12:00Z,95,Charge 4
2022-05-20T16:13:00Z,85,Charge 4
2022-05-20T16:14:00Z,34,Charge 4
2022-05-20T16:15:00Z,19,Charge 4
2022-05-20T16:44:00Z,6,Charge 4
2022-05-20T16:46:00Z,6,Charge 4
2022-05-20T17:08:00Z,6,Charge 4
2022-05-20T17:09:00Z,18,Charge 4
2022-05-20T17:17:00Z,8,Charge 4
2022-05-20T17:28:00Z,18,Charge 4
2022-05-20T17:31:00Z,10,Charge 4
2022-05-20T17:36:00Z,4,Charge 4
2022-05-20T17:55:00Z,6,Charge 4
2022-05-20T17:56:00Z,1,Charge 4
2022-05-20T18:09:00Z,22,Charge 4
2022-05-20T18:10:00Z,2,Charge 4
2022-05-20T18:28:00Z,9,Charge 4
2022-05-20T18:38:00Z,33,Charge 4
2022-05-20T18:56:00Z,9,Charge 4
2022-05-20T19:01:00Z,5,Charge 4
2022-05-20T19:18:00Z,45,Charge 4
2022-05-20T19:19:00Z,37,Charge 4
2022-05-20T19:20:00Z,92,Charge 4
2022-05-20T19:21:00Z,89,Charge 4
2022-05-20T19:22:00Z,88,Charge 4
2022-05-20T19:23:00Z,97,Charge 4
2022-05-20T19:24:00Z,99,Charge 4
2022-05-20T19:25:00Z,99,Charge 4
2022-05-20T19:26:00Z,101,Charge 4
2022-05-20T19:27:00Z,100,Charge 4
2022-05-20T19:28:00Z,96,Charge 4
2022-05-20T19:29:00Z,102,Charge 4
2022-05-20T19:30:00Z,100,Charge 4
2022-05-20T19:31:00Z,71,Charge 4
2022-05-20T19:32:00Z,97,Charge 4
2022-05-20T19:33:00Z,94,Charge 4
2022-05-20T19:34:00Z,97,Charge 4
2022-05-20T19:35:00Z,99,Charge 4
2022-05-20T19:36:00Z,93,Charge 4
2022-05-20T19:37:00Z,96,Charge 4
2022-05-20T19:38:00Z,100,Charge 4
2022-05-20T19:39:00Z,100,Charge 4
2022-05-20T19:40:00Z,102,Charge 4
2022-05-20T19:41:00Z,105,Charge 4
2022-05-20T19:42:00Z,99,Charge 4
2022-05-20T19:43:00Z,101,Charge 4
2022-05-20T19:44:00Z,68,Charge 4
2022-05-20T19:45:00Z,60,Charge 4
2022-05-20T19:46:00Z,88,Charge 4
2022-05-20T19:47:00Z,101,Charge 4
2022-05-20T19:48:00Z,82,Charge 4
2022-05-20T19:49:00Z,41,Charge 4
2022-05-20T19:50:00Z,44,Charge 4
2022-05-20T19:51:00Z,11,Charge 4
2022-05-20T19:52:00Z,28,Charge 4
2022-05-20T19:53:00Z,24,Charge 4
2022-05-20T19:54:00Z,6,Charge 4
2022-05-20T20:02:00Z,21,Charge 4
2022-05-20T20:07:00Z,8,Charge 4
2022-05-20T20:09:00Z,15,Charge 4
2022-05-20T20:18:00Z,5,Charge 4
2022-05-20T20:19:00Z,4,Charge 4
2022-05-20T20:20:00Z,8,Charge 4
2022-05-20T20:27:00Z,16,Charge 4
2022-05-20T20:30:00Z,10,Charge 4
2022-05-20T20:31:00Z,13,Charge 4
2022-05-20T20:33:00Z,32,Charge 4
2022-05-20T20:34:00Z,7,Charge 4
2022-05-20T20:35:00Z,8,Charge 4
2022-05-20T20:36:00Z,57,Charge 4
2022-05-20T20:37:00Z,100,Charge 4
2022-05-20T20:38:00Z,106,Charge 4
2022-05-20T20:39:00Z,108,Charge 4
2022-05-20T20:40:00Z,109,Charge 4
2022-05-20T20:41:00Z,43,Charge 4
2022-05-20T20:49:00Z,7,Charge 4
2022-05-20T21:07:00Z,7,Charge 4
2022-05-20T21:08:00Z,50,Charge 4
2022-05-20T21:09:00Z,27,Charge 4
2022-05-20T21:11:00Z,4,Charge 4
2022-05-20T21:26:00Z,34,Charge 4
2022-05-20T21:49:00Z,7,Charge 4
2022-05-21T00:24:00Z,4,Charge 4
2022-05-21T02:02:00Z,4,Charge 4
2022-05-21T05:52:00Z,5,Charge 4
2022-05-21T06:35:00Z,28,Charge 4
2022-05-21T06:40:00Z,10,Charge 4
2022-05-21T07:43:00Z,9,Charge 4
2022-05-21T07:53:00Z,4,Charge 4
2022-05-21T07:57:00Z,9,Charge 4
2022-05-21T09:01:00Z,14,Charge 4
2022-05-21T09:02:00Z,18,Charge 4
2022-05-21T09:04:00Z,15,Charge 4
2022-05-21T09:05:00Z,12,Charge 4
2022-05-21T09:09:00Z,7,Charge 4
2022-05-21T09:11:00Z,4,Charge 4
2022-05-21T09:20:00Z,9,Charge 4
2022-05-21T09:23:00Z,4,Charge 4
2022-05-21T09:38:00Z,11,Charge 4
2022-05-21T10:16:00Z,6,Charge 4
2022-05-21T10:17:00Z,29,Charge 4
2022-05-21T10:18:00Z,16,Charge 4
2022-05-21T10:19:00Z,25,Charge 4
2022-05-21T10:25:00Z,25,Charge 4
2022-05-21T10:30:00Z,9,Charge 4
2022-05-21T10:31:00Z,7,Charge 4
2022-05-21T10:52:00Z,5,Charge 4
2022-05-21T10:53:00Z,29,Charge 4
2022-05-21T10:55:00Z,6,Charge 4
2022-05-21T10:57:00Z,26,Charge 4
2022-05-21T10:58:00Z,10,Charge 4
2022-05-21T10:59:00Z,1,Charge 4
2022-05-21T11:03:00Z,7,Charge 4
2022-05-21T11:04:00Z,10,Charge 4
2022-05-21T11:12:00Z,17,Charge 4
2022-05-21T11:13:00Z,1,Charge 4
2022-05-21T11:14:00Z,44,Charge 4
2022-05-21T11:15:00Z,30,Charge 4
2022-05-21T11:19:00Z,10,Charge 4
2022-05-21T11:28:00Z,14,Charge 4
2022-05-21T11:30:00Z,8,Charge 4
2022-05-21T12:00:00Z,7,Charge 4
2022-05-21T12:16:00Z,21,Charge 4
2022-05-21T12:17:00Z,15,Charge 4
2022-05-21T12:18:00Z,17,Charge 4
2022-05-21T12:19:00Z,56,Charge 4
2022-05-21T12:20:00Z,26,Charge 4
2022-05-21T12:21:00Z,9,Charge 4
2022-05-21T12:30:00Z,46,Charge 4
2022-05-21T12:33:00Z,25,Charge 4
2022-05-21T12:36:00Z,8,Charge 4
2022-05-21T12:44:00Z,12,Charge 4
2022-05-21T12:45:00Z,44,Charge 4
2022-05-21T12:46:00Z,23,Charge 4
2022-05-21T12:49:00Z,42,Charge 4
2022-05-21T12:52:00Z,28,Charge 4
2022-05-21T12:53:00Z,21,Charge 4
2022-05-21T12:55:00Z,9,Charge 4
2022-05-21T12:56:00Z,27,Charge 4
2022-05-21T12:57:00Z,12,Charge 4
2022-05-21T12:58:00Z,13,Charge 4
2022-05-21T13:01:00Z,23,Charge 4
2022-05-21T13:10:00Z,35,Charge 4
2022-05-21T13:12:00Z,9,Charge 4
2022-05-21T13:13:00Z,6,Charge 4
2022-05-21T13:14:00Z,14,Charge 4
2022-05-21T13:15:00Z,28,Charge 4
2022-05-21T13:18:00Z,21,Charge 4
2022-05-21T13:19:00Z,35,Charge 4
2022-05-21T13:47:00Z,11,Charge 4
2022-05-21T13:48:00Z,28,Charge 4
2022-05-21T13:49:00Z,31,Charge 4
2022-05-21T13:50:00Z,37,Charge 4
2022-05-21T13:54:00Z,21,Charge 4
2022-05-21T13:55:00Z,29,Charge 4
2022-05-21T13:56:00Z,8,Charge 4
2022-05-21T13:57:00Z,3,Charge 4
2022-05-21T14:00:00Z,11,Charge 4
2022-05-21T14:10:00Z,6,Charge 4
2022-05-21T14:23:00Z,7,Charge 4
2022-05-21T14:34:00Z,30,Charge 4
2022-05-21T14:50:00Z,13,Charge 4
2022-05-21T14:52:00Z,21,Charge 4
2022-05-21T14:53:00Z,8,Charge 4
2022-05-21T14:54:00Z,10,Charge 4
2022-05-21T14:55:00Z,20,Charge 4
2022-05-21T14:57:00Z,5,Charge 4
2022-05-21T14:58:00Z,14,Charge 4
2022-05-21T15:00:00Z,11,Charge 4
2022-05-21T15:01:00Z,15,Charge 4
2022-05-21T15:03:00Z,15,Charge 4
2022-05-21T15:04:00Z,7,Charge 4
2022-05-21T15:11:00Z,7,Charge 4
2022-05-21T15:18:00Z,5,Charge 4
2022-05-21T15:31:00Z,18,Charge 4
2022-05-21T15:32:00Z,16,Charge 4
2022-05-21T15:34:00Z,8,Charge 4
2022-05-21T15:35:00Z,22,Charge 4
2022-05-21T15:42:00Z,19,Charge 4
2022-05-21T15:43:00Z,16,Charge 4
2022-05-21T15:44:00Z,37,Charge 4
2022-05-21T15:45:00Z,7,Charge 4
2022-05-21T15:48:00Z,21,Charge 4
2022-05-21T15:49:00Z,69,Charge 4
2022-05-21T15:50:00Z,21,Charge 4
2022-05-21T15:54:00Z,9,Charge 4
2022-05-21T15:55:00Z,5,Charge 4
2022-05-21T16:10:00Z,13,Charge 4
2022-05-21T16:13:00Z,18,Charge 4
2022-05-21T16:14:00Z,29,Charge 4
2022-05-21T16:15:00Z,99,Charge 4
2022-05-21T16:16:00Z,99,Charge 4
2022-05-21T16:17:00Z,94,Charge 4
2022-05-21T16:18:00Z,80,Charge 4
2022-05-21T16:19:00Z,93,Charge 4
2022-05-21T16:20:00Z,23,Charge 4
2022-05-21T16:22:00Z,65,Charge 4
2022-05-21T16:23:00Z,103,Charge 4
2022-05-21T16:24:00Z,107,Charge 4
2022-05-21T16:25:00Z,108,Charge 4
2022-05-21T16:26:00Z,107,Charge 4
2022-05-21T16:27:00Z,90,Charge 4
2022-05-21T16:28:00Z,77,Charge 4
2022-05-21T16:29:00Z,103,Charge 4
2022-05-21T16:30:00Z,104,Charge 4
2022-05-21T16:31:00Z,105,Charge 4
2022-05-21T16:32:00Z,50,Charge 4
2022-05-21T16:33:00Z,47,Charge 4
2022-05-21T16:34:00Z,76,Charge 4
2022-05-21T16:35:00Z,108,Charge 4
2022-05-21T16:36:00Z,108,Charge 4
2022-05-21T16:37:00Z,106,Charge 4
2022-05-21T16:38:00Z,108,Charge 4
2022-05-21T16:39:00Z,109,Charge 4
2022-05-21T16:40:00Z,107,Charge 4
2022-05-21T16:41:00Z,108,Charge 4
2022-05-21T16:42:00Z,110,Charge 4
2022-05-21T16:43:00Z,107,Charge 4
2022-05-21T16:44:00Z,47,Charge 4
2022-05-21T16:45:00Z,65,Charge 4
2022-05-21T16:46:00Z,54,Charge 4
2022-05-21T16:48:00Z,13,Charge 4
2022-05-21T16:49:00Z,34,Charge 4
2022-05-21T16:50:00Z,68,Charge 4
2022-05-21T16:51:00Z,26,Charge 4
2022-05-21T16:52:00Z,53,Charge 4
2022-05-21T16:53:00Z,37,Charge 4
2022-05-21T16:54:00Z,32,Charge 4
2022-05-21T16:55:00Z,22,Charge 4
2022-05-21T16:56:00Z,7,Charge 4
2022-05-21T16:57:00Z,78,Charge 4
2022-05-21T16:58:00Z,22,Charge 4
2022-05-21T17:02:00Z,74,Charge 4
2022-05-21T17:03:00Z,62,Charge 4
2022-05-21T17:04:00Z,107,Charge 4
2022-05-21T17:05:00Z,106,Charge 4
2022-05-21T17:06:00Z,108,Charge 4
2022-05-21T17:07:00Z,109,Charge 4
2022-05-21T17:08:00Z,105,Charge 4
2022-05-21T17:09:00Z,109,Charge 4
2022-05-21T17:10:00Z,107,Charge 4
2022-05-21T17:11:00Z,85,Charge 4
2022-05-21T17:12:00Z,59,Charge 4
2022-05-21T17:13:00Z,101,Charge 4
2022-05-21T17:14:00Z,107,Charge 4
2022-05-21T17:15:00Z,105,Charge 4
2022-05-21T17:16:00Z,107,Charge 4
2022-05-21T17:17:00Z,107,Charge 4
2022-05-21T17:18:00Z,105,Charge 4
2022-05-21T17:19:00Z,109,Charge 4
2022-05-21T17:20:00Z,107,Charge 4
2022-05-21T17:21:00Z,108,Charge 4
2022-05-21T17:22:00Z,107,Charge 4
2022-05-21T17:23:00Z,108,Charge 4
2022-05-21T17:24:00Z,89,Charge 4
2022-05-21T17:25:00Z,31,Charge 4
2022-05-21T17:26:00Z,67,Charge 4
2022-05-21T17:45:00Z,10,Charge 4
2022-05-21T17:47:00Z,18,Charge 4
2022-05-21T17:48:00Z,22,Charge 4
2022-05-21T17:49:00Z,22,Charge 4
2022-05-21T17:50:00Z,10,Charge 4
2022-05-21T17:51:00Z,7,Charge 4
2022-05-21T18:04:00Z,7,Charge 4
2022-05-21T18:16:00Z,9,Charge 4
2022-05-21T18:25:00Z,5,Charge 4
2022-05-21T18:38:00Z,10,Charge 4
2022-05-21T18:39:00Z,8,Charge 4
2022-05-21T18:55:00Z,5,Charge 4
2022-05-21T19:28:00Z,28,Charge 4
2022-05-21T19:42:00Z,24,Charge 4
2022-05-21T19:43:00Z,19,Charge 4
2022-05-21T19:44:00Z,9,Charge 4
2022-05-21T19:45:00Z,24,Charge 4
2022-05-21T19:46:00Z,25,Charge 4
2022-05-21T19:47:00Z,7,Charge 4
2022-05-21T19:49:00Z,13,Charge 4
2022-05-21T19:50:00Z,63,Charge 4
2022-05-21T19:51:00Z,57,Charge 4
2022-05-21T19:52:00Z,16,Charge 4
2022-05-21T19:53:00Z,36,Charge 4
2022-05-21T19:55:00Z,10,Charge 4
2022-05-21T20:02:00Z,17,Charge 4
2022-05-21T20:13:00Z,9,Charge 4
2022-05-21T20:14:00Z,8,Charge 4
2022-05-21T20:16:00Z,9,Charge 4
2022-05-21T20:31:00Z,27,Charge 4
2022-05-21T20:32:00Z,29,Charge 4
2022-05-21T20:33:00Z,62,Charge 4
2022-05-21T20:45:00Z,9,Charge 4
2022-05-21T21:25:00Z,4,Charge 4
2022-05-21T21:28:00Z,8,Charge 4
2022-05-21T21:38:00Z,6,Charge 4
2022-05-21T21:49:00Z,30,Charge 4
2022-05-21T22:27:00Z,5,Charge 4
2022-05-21T22:42:00Z,10,Charge 4
2022-05-21T22:44:00Z,4,Charge 4
2022-05-21T23:18:00Z,9,Charge 4
2022-05-21T23:23:00Z,4,Charge 4
2022-05-21T23:28:00Z,5,Charge 4
2022-05-21T23:31:00Z,11,Charge 4
2022-05-21T23:35:00Z,19,Charge 4
2022-05-21T23:52:00Z,7,Charge 4
2022-05-21T23:53:00Z,15,Charge 4
2022-05-22T00:13:00Z,22,Charge 4
2022-05-22T00:15:00Z,8,Charge 4
2022-05-22T07:35:00Z,9,Charge 4
2022-05-22T07:36:00Z,20,Charge 4
2022-05-22T07:39:00Z,16,Charge 4
2022-05-22T07:40:00Z,2,Charge 4
2022-05-22T07:41:00Z,24,Charge 4
2022-05-22T07:51:00Z,6,Charge 4
2022-05-22T08:06:00Z,7,Charge 4
2022-05-22T08:25:00Z,32,Charge 4
2022-05-22T09:04:00Z,4,Charge 4
2022-05-22T09:17:00Z,21,Charge 4
2022-05-22T09:18:00Z,19,Charge 4
2022-05-22T09:19:00Z,31,Charge 4
2022-05-22T09:20:00Z,9,Charge 4
2022-05-22T09:22:00Z,12,Charge 4
2022-05-22T09:23:00Z,4,Charge 4
2022-05-22T09:24:00Z,8,Charge 4
2022-05-22T09:25:00Z,12,Charge 4
2022-05-22T09:26:00Z,33,Charge 4
2022-05-22T09:28:00Z,13,Charge 4
2022-05-22T09:32:00Z,9,Charge 4
2022-05-22T09:40:00Z,21,Charge 4
2022-05-22T09:41:00Z,7,Charge 4
2022-05-22T09:42:00Z,19,Charge 4
2022-05-22T09:43:00Z,15,Charge 4
2022-05-22T09:46:00Z,33,Charge 4
2022-05-22T09:51:00Z,19,Charge 4
2022-05-22T09:54:00Z,9,Charge 4
2022-05-22T09:55:00Z,8,Charge 4
2022-05-22T09:56:00Z,38,Charge 4
2022-05-22T10:26:00Z,34,Charge 4
2022-05-22T10:27:00Z,11,Charge 4
2022-05-22T10:45:00Z,18,Charge 4
2022-05-23T08:17:00Z,17,Charge 4
2022-05-23T08:18:00Z,9,Charge 4
2022-05-23T08:40:00Z,20,Charge 4
2022-05-23T08:59:00Z,19,Charge 4
2022-05-23T09:05:00Z,8,Charge 4
2022-05-23T09:07:00Z,17,Charge 4
2022-05-23T09:16:00Z,8,Charge 4
2022-05-23T09:21:00Z,6,Charge 4
2022-05-23T09:22:00Z,11,Charge 4
2022-05-23T09:35:00Z,13,Charge 4
2022-05-23T09:40:00Z,7,Charge 4
2022-05-23T09:41:00Z,9,Charge 4
2022-05-23T09:43:00Z,4,Charge 4
2022-05-23T09:44:00Z,4,Charge 4
2022-05-23T09:58:00Z,31,Charge 4
2022-05-23T09:59:00Z,6,Charge 4
2022-05-23T10:00:00Z,10,Charge 4
2022-05-23T10:04:00Z,16,Charge 4
2022-05-23T10:13:00Z,9,Charge 4
2022-05-23T10:14:00Z,8,Charge 4
2022-05-23T10:40:00Z,12,Charge 4
2022-05-23T10:47:00Z,16,Charge 4
2022-05-23T10:48:00Z,31,Charge 4
2022-05-23T10:49:00Z,31,Charge 4
2022-05-23T10:50:00Z,62,Charge 4
2022-05-23T10:51:00Z,60,Charge 4
2022-05-23T10:52:00Z,10,Charge 4
2022-05-23T10:55:00Z,11,Charge 4
2022-05-23T10:56:00Z,11,Charge 4
2022-05-23T10:57:00Z,42,Charge 4
2022-05-23T10:58:00Z,8,Charge 4
2022-05-23T11:01:00Z,43,Charge 4
2022-05-23T11:02:00Z,7,Charge 4
2022-05-23T11:03:00Z,56,Charge 4
2022-05-23T11:04:00Z,14,Charge 4
2022-05-23T11:05:00Z,14,Charge 4
2022-05-23T11:06:00Z,8,Charge 4
2022-05-23T11:07:00Z,46,Charge 4
2022-05-23T11:08:00Z,106,Charge 4
2022-05-23T11:09:00Z,107,Charge 4
2022-05-23T11:10:00Z,101,Charge 4
2022-05-23T11:11:00Z,113,Charge 4
2022-05-23T11:12:00Z,117,Charge 4
2022-05-23T11:13:00Z,115,Charge 4
2022-05-23T11:14:00Z,114,Charge 4
2022-05-23T11:15:00Z,112,Charge 4
2022-05-23T11:16:00Z,115,Charge 4
2022-05-23T11:17:00Z,95,Charge 4
2022-05-23T11:18:00Z,13,Charge 4
2022-05-23T11:19:00Z,123,Charge 4
2022-05-23T11:20:00Z,115,Charge 4
2022-05-23T11:21:00Z,81,Charge 4
2022-05-23T11:22:00Z,65,Charge 4
2022-05-23T11:23:00Z,123,Charge 4
2022-05-23T11:24:00Z,115,Charge 4
2022-05-23T11:25:00Z,113,Charge 4
2022-05-23T11:26:00Z,115,Charge 4
2022-05-23T11:27:00Z,113,Charge 4
2022-05-23T11:28:00Z,101,Charge 4
2022-05-23T11:29:00Z,60,Charge 4
2022-05-23T11:50:00Z,6,Charge 4
2022-05-23T11:51:00Z,6,Charge 4
2022-05-23T11:56:00Z,6,Charge 4
2022-05-23T11:59:00Z,9,Charge 4
2022-05-23T12:00:00Z,9,Charge 4
2022-05-23T12:07:00Z,5,Charge 4
2022-05-23T12:22:00Z,12,Charge 4
2022-05-23T12:27:00Z,18,Charge 4
2022-05-23T12:28:00Z,32,Charge 4
2022-05-23T12:29:00Z,33,Charge 4
2022-05-23T12:30:00Z,5,Charge 4
2022-05-23T12:31:00Z,17,Charge 4
2022-05-23T12:33:00Z,65,Charge 4
2022-05-23T12:34:00Z,91,Charge 4
2022-05-23T12:35:00Z,45,Charge 4
2022-05-23T12:36:00Z,30,Charge 4
2022-05-23T12:37:00Z,25,Charge 4
2022-05-23T12:38:00Z,6,Charge 4
2022-05-23T12:39:00Z,33,Charge 4
2022-05-23T12:40:00Z,17,Charge 4
2022-05-23T12:41:00Z,37,Charge 4
2022-05-23T12:42:00Z,17,Charge 4
2022-05-23T12:43:00Z,13,Charge 4
2022-05-23T12:44:00Z,53,Charge 4
2022-05-23T12:45:00Z,3,Charge 4
2022-05-23T12:46:00Z,7,Charge 4
2022-05-23T12:47:00Z,15,Charge 4
2022-05-23T12:48:00Z,55,Charge 4
2022-05-23T12:49:00Z,62,Charge 4
2022-05-23T12:50:00Z,105,Charge 4
2022-05-23T12:51:00Z,19,Charge 4
2022-05-23T13:00:00Z,8,Charge 4
2022-05-23T13:01:00Z,8,Charge 4
2022-05-23T13:02:00Z,20,Charge 4
2022-05-23T13:03:00Z,11,Charge 4
2022-05-23T13:04:00Z,10,Charge 4
2022-05-23T13:15:00Z,10,Charge 4
2022-05-23T13:17:00Z,6,Charge 4
2022-05-23T13:20:00Z,11,Charge 4
2022-05-23T13:22:00Z,52,Charge 4
2022-05-23T13:23:00Z,103,Charge 4
2022-05-23T13:24:00Z,109,Charge 4
2022-05-23T13:25:00Z,115,Charge 4
2022-05-23T13:26:00Z,116,Charge 4
2022-05-23T13:27:00Z,114,Charge 4
2022-05-23T13:28:00Z,104,Charge 4
2022-05-23T13:29:00Z,61,Charge 4
2022-05-23T13:30:00Z,114,Charge 4
2022-05-23T13:31:00Z,116,Charge 4
2022-05-23T13:32:00Z,93,Charge 4
2022-05-23T13:33:00Z,110,Charge 4
2022-05-23T13:34:00Z,105,Charge 4
2022-05-23T13:35:00Z,109,Charge 4
2022-05-23T13:36:00Z,109,Charge 4
2022-05-23T13:37:00Z,110,Charge 4
2022-05-23T13:38:00Z,108,Charge 4
2022-05-23T13:39:00Z,112,Charge 4
2022-05-23T13:40:00Z,108,Charge 4
2022-05-23T13:41:00Z,108,Charge 4
2022-05-23T13:42:00Z,108,Charge 4
2022-05-23T13:43:00Z,81,Charge 4
2022-05-23T13:44:00Z,23,Charge 4
2022-05-23T13:45:00Z,61,Charge 4
2022-05-23T13:46:00Z,21,Charge 4
2022-05-23T13:47:00Z,17,Charge 4
2022-05-23T13:48:00Z,26,Charge 4
2022-05-23T13:49:00Z,5,Charge 4
2022-05-23T13:50:00Z,34,Charge 4
2022-05-23T13:51:00Z,36,Charge 4
2022-05-23T13:59:00Z,32,Charge 4
2022-05-23T14:00:00Z,7,Charge 4
2022-05-23T14:31:00Z,10,Charge 4
2022-05-23T14:38:00Z,17,Charge 4
2022-05-23T14:45:00Z,9,Charge 4
2022-05-23T15:04:00Z,15,Charge 4
2022-05-23T15:05:00Z,7,Charge 4
2022-05-23T15:14:00Z,24,Charge 4
2022-05-23T15:32:00Z,7,Charge 4
2022-05-23T15:38:00Z,7,Charge 4
2022-05-23T15:39:00Z,16,Charge 4
2022-05-23T15:42:00Z,56,Charge 4
2022-05-23T15:43:00Z,6,Charge 4
2022-05-23T16:20:00Z,8,Charge 4
2022-05-23T16:41:00Z,7,Charge 4
2022-05-23T16:42:00Z,7,Charge 4
2022-05-23T16:43:00Z,5,Charge 4
2022-05-23T17:12:00Z,5,Charge 4
2022-05-23T17:17:00Z,8,Charge 4
2022-05-23T17:49:00Z,10,Charge 4
2022-05-23T17:56:00Z,6,Charge 4
2022-05-23T18:24:00Z,7,Charge 4
2022-05-23T19:33:00Z,5,Charge 4
2022-05-23T19:39:00Z,7,Charge 4
2022-05-23T19:47:00Z,12,Charge 4
2022-05-23T19:49:00Z,16,Charge 4
2022-05-23T19:50:00Z,14,Charge 4
2022-05-23T19:52:00Z,18,Charge 4
2022-05-23T21:23:00Z,10,Charge 4
2022-05-23T21:26:00Z,11,Charge 4
2022-05-23T21:27:00Z,40,Charge 4
2022-05-23T21:28:00Z,4,Charge 4
2022-05-23T21:56:00Z,9,Charge 4
2022-05-23T21:57:00Z,7,Charge 4
2022-05-23T22:06:00Z,8,Charge 4
2022-05-23T22:08:00Z,28,Charge 4
2022-05-23T22:13:00Z,5,Charge 4
2022-05-23T22:15:00Z,13,Charge 4
2022-05-23T22:19:00Z,10,Charge 4
2022-05-23T22:20:00Z,1,Charge 4
2022-05-23T22:28:00Z,6,Charge 4
2022-05-23T23:04:00Z,4,Charge 4
2022-05-24T04:07:00Z,6,Charge 4
2022-05-24T06:44:00Z,13,Charge 4
2022-05-24T06:45:00Z,16,Charge 4
2022-05-24T06:46:00Z,9,Charge 4
2022-05-24T06:47:00Z,11,Charge 4
2022-05-24T07:14:00Z,8,Charge 4
2022-05-24T07:35:00Z,12,Charge 4
2022-05-24T07:37:00Z,15,Charge 4
2022-05-24T08:11:00Z,8,Charge 4
2022-05-24T08:12:00Z,17,Charge 4
2022-05-24T08:32:00Z,7,Charge 4
2022-05-24T08:40:00Z,14,Charge 4
2022-05-24T08:41:00Z,15,Charge 4
2022-05-24T08:42:00Z,8,Charge 4
2022-05-24T08:43:00Z,10,Charge 4
2022-05-24T08:45:00Z,8,Charge 4
2022-05-24T08:46:00Z,9,Charge 4
2022-05-24T09:45:00Z,10,Charge 4
2022-05-24T10:04:00Z,4,Charge 4
2022-05-24T10:40:00Z,9,Charge 4
2022-05-24T10:57:00Z,8,Charge 4
2022-05-24T10:58:00Z,2,Charge 4
2022-05-24T11:10:00Z,13,Charge 4
2022-05-24T11:30:00Z,7,Charge 4
2022-05-24T11:31:00Z,18,Charge 4
2022-05-24T11:32:00Z,7,Charge 4
2022-05-24T11:35:00Z,6,Charge 4
2022-05-24T11:36:00Z,9,Charge 4
2022-05-24T12:04:00Z,4,Charge 4
2022-05-24T12:16:00Z,9,Charge 4
2022-05-24T12:17:00Z,22,Charge 4
2022-05-24T12:28:00Z,11,Charge 4
2022-05-24T12:29:00Z,5,Charge 4
2022-05-24T12:31:00Z,14,Charge 4
2022-05-24T13:12:00Z,14,Charge 4
2022-05-24T13:14:00Z,7,Charge 4
2022-05-24T13:15:00Z,7,Charge 4
2022-05-24T13:16:00Z,9,Charge 4
2022-05-24T14:18:00Z,8,Charge 4
2022-05-24T16:22:00Z,21,Charge 4
2022-05-24T16:27:00Z,11,Charge 4
2022-05-24T16:30:00Z,11,Charge 4
2022-05-24T16:34:00Z,13,Charge 4
2022-05-24T16:35:00Z,13,Charge 4
2022-05-24T16:36:00Z,32,Charge 4
2022-05-24T16:46:00Z,32,Charge 4
2022-05-24T16:59:00Z,13,Charge 4
2022-05-24T17:00:00Z,16,Charge 4
2022-05-24T17:01:00Z,36,Charge 4
2022-05-24T17:02:00Z,44,Charge 4
2022-05-24T17:03:00Z,8,Charge 4
2022-05-24T17:04:00Z,11,Charge 4
2022-05-24T17:05:00Z,33,Charge 4
2022-05-24T17:06:00Z,25,Charge 4
2022-05-24T17:07:00Z,35,Charge 4
2022-05-24T17:08:00Z,94,Charge 4
2022-05-24T17:09:00Z,95,Charge 4
2022-05-24T17:10:00Z,102,Charge 4
2022-05-24T17:11:00Z,105,Charge 4
2022-05-24T17:12:00Z,102,Charge 4
2022-05-24T17:13:00Z,101,Charge 4
2022-05-24T17:14:00Z,103,Charge 4
2022-05-24T17:15:00Z,102,Charge 4
2022-05-24T17:16:00Z,103,Charge 4
2022-05-24T17:17:00Z,98,Charge 4
2022-05-24T17:18:00Z,63,Charge 4
2022-05-24T17:19:00Z,70,Charge 4
2022-05-24T17:20:00Z,90,Charge 4
2022-05-24T17:21:00Z,90,Charge 4
2022-05-24T17:22:00Z,97,Charge 4
2022-05-24T17:23:00Z,105,Charge 4
2022-05-24T17:24:00Z,90,Charge 4
2022-05-24T17:25:00Z,92,Charge 4
2022-05-24T17:26:00Z,103,Charge 4
2022-05-24T17:27:00Z,98,Charge 4
2022-05-24T17:28:00Z,103,Charge 4
2022-05-24T17:29:00Z,100,Charge 4
2022-05-24T17:30:00Z,102,Charge 4
2022-05-24T17:31:00Z,101,Charge 4
2022-05-24T17:32:00Z,69,Charge 4
2022-05-24T17:33:00Z,48,Charge 4
2022-05-24T17:34:00Z,74,Charge 4
2022-05-24T17:39:00Z,55,Charge 4
2022-05-24T17:40:00Z,95,Charge 4
2022-05-24T17:41:00Z,80,Charge 4
2022-05-24T17:42:00Z,66,Charge 4
2022-05-24T17:43:00Z,79,Charge 4
2022-05-24T17:44:00Z,93,Charge 4
2022-05-24T17:45:00Z,68,Charge 4
2022-05-24T17:46:00Z,82,Charge 4
2022-05-24T17:47:00Z,80,Charge 4
2022-05-24T17:48:00Z,89,Charge 4
2022-05-24T17:49:00Z,66,Charge 4
2022-05-24T17:50:00Z,103,Charge 4
2022-05-24T17:51:00Z,102,Charge 4
2022-05-24T17:52:00Z,94,Charge 4
2022-05-24T17:53:00Z,85,Charge 4
2022-05-24T17:54:00Z,91,Charge 4
2022-05-24T17:55:00Z,96,Charge 4
2022-05-24T17:56:00Z,96,Charge 4
2022-05-24T17:57:00Z,92,Charge 4
2022-05-24T17:58:00Z,99,Charge 4
2022-05-24T17:59:00Z,96,Charge 4
2022-05-24T18:00:00Z,91,Charge 4
2022-05-24T18:01:00Z,94,Charge 4
2022-05-24T18:02:00Z,101,Charge 4
2022-05-24T18:03:00Z,102,Charge 4
2022-05-24T18:04:00Z,100,Charge 4
2022-05-24T18:05:00Z,77,Charge 4
2022-05-24T18:06:00Z,22,Charge 4
2022-05-24T18:07:00Z,40,Charge 4
2022-05-24T18:08:00Z,23,Charge 4
2022-05-24T18:35:00Z,8,Charge 4
2022-05-24T18:46:00Z,7,Charge 4
2022-05-24T19:44:00Z,6,Charge 4
2022-05-24T19:59:00Z,49,Charge 4
2022-05-24T20:00:00Z,4,Charge 4
2022-05-24T20:05:00Z,21,Charge 4
2022-05-24T20:14:00Z,10,Charge 4
2022-05-24T20:31:00Z,5,Charge 4
2022-05-24T20:36:00Z,4,Charge 4
2022-05-24T20:57:00Z,10,Charge 4
2022-05-24T21:05:00Z,5,Charge 4
2022-05-24T21:07:00Z,5,Charge 4
2022-05-24T21:08:00Z,4,Charge 4
2022-05-24T21:40:00Z,16,Charge 4
2022-05-24T21:41:00Z,11,Charge 4
2022-05-24T21:56:00Z,4,Charge 4
2022-05-24T22:01:00Z,8,Charge 4
2022-05-24T22:03:00Z,7,Charge 4
2022-05-24T22:04:00Z,7,Charge 4
2022-05-24T22:05:00Z,9,Charge 4
2022-05-25T02:33:00Z,7,Charge 4
2022-05-25T02:58:00Z,7,Charge 4
2022-05-25T04:28:00Z,7,Charge 4
2022-05-25T04:34:00Z,12,Charge 4
2022-05-25T04:35:00Z,2,Charge 4
2022-05-25T04:36:00Z,11,Charge 4
2022-05-25T04:48:00Z,36,Charge 4
2022-05-25T04:51:00Z,10,Charge 4
2022-05-25T04:52:00Z,30,Charge 4
2022-05-25T04:53:00Z,19,Charge 4
2022-05-25T04:54:00Z,54,Charge 4
2022-05-25T04:55:00Z,80,Charge 4
2022-05-25T04:56:00Z,108,Charge 4
2022-05-25T04:57:00Z,112,Charge 4
2022-05-25T04:58:00Z,111,Charge 4
2022-05-25T04:59:00Z,115,Charge 4
2022-05-25T05:00:00Z,118,Charge 4
2022-05-25T05:01:00Z,111,Charge 4
2022-05-25T05:02:00Z,115,Charge 4
2022-05-25T05:03:00Z,78,Charge 4
2022-05-25T05:04:00Z,55,Charge 4
2022-05-25T05:05:00Z,54,Charge 4
2022-05-25T05:06:00Z,86,Charge 4
2022-05-25T05:07:00Z,33,Charge 4
2022-05-25T05:08:00Z,14,Charge 4
2022-05-25T05:14:00Z,46,Charge 4
2022-05-25T05:15:00Z,24,Charge 4
2022-05-25T05:16:00Z,7,Charge 4
2022-05-25T05:20:00Z,29,Charge 4
2022-05-25T05:49:00Z,38,Charge 4
2022-05-25T05:50:00Z,89,Charge 4
2022-05-25T05:51:00Z,101,Charge 4
2022-05-25T05:52:00Z,109,Charge 4
2022-05-25T05:53:00Z,107,Charge 4
2022-05-25T05:54:00Z,108,Charge 4
2022-05-25T05:55:00Z,112,Charge 4
2022-05-25T05:56:00Z,77,Charge 4
2022-05-25T05:57:00Z,112,Charge 4
2022-05-25T05:58:00Z,111,Charge 4
2022-05-25T05:59:00Z,109,Charge 4
2022-05-25T06:00:00Z,106,Charge 4
2022-05-25T06:01:00Z,109,Charge 4
2022-05-25T06:02:00Z,110,Charge 4
2022-05-25T06:03:00Z,104,Charge 4
2022-05-25T06:04:00Z,108,Charge 4
2022-05-25T06:05:00Z,113,Charge 4
2022-05-25T06:06:00Z,90,Charge 4
2022-05-25T06:07:00Z,10,Charge 4
2022-05-25T06:08:00Z,87,Charge 4
2022-05-25T06:09:00Z,7,Charge 4
2022-05-25T06:28:00Z,6,Charge 4
2022-05-25T06:29:00Z,52,Charge 4
2022-05-25T06:30:00Z,87,Charge 4
2022-05-25T06:31:00Z,98,Charge 4
2022-05-25T06:32:00Z,49,Charge 4
2022-05-25T06:33:00Z,27,Charge 4
2022-05-25T06:34:00Z,18,Charge 4
2022-05-25T06:35:00Z,5,Charge 4
2022-05-25T06:36:00Z,22,Charge 4
2022-05-25T06:38:00Z,17,Charge 4
2022-05-25T06:39:00Z,11,Charge 4
2022-05-25T06:44:00Z,10,Charge 4
2022-05-25T06:45:00Z,3,Charge 4
2022-05-25T06:57:00Z,18,Charge 4
2022-05-25T07:07:00Z,20,Charge 4
2022-05-25T07:24:00Z,9,Charge 4
2022-05-25T07:30:00Z,11,Charge 4
2022-05-25T08:01:00Z,8,Charge 4
2022-05-25T08:22:00Z,6,Charge 4
2022-05-25T08:24:00Z,34,Charge 4
2022-05-25T08:26:00Z,22,Charge 4
2022-05-25T08:35:00Z,10,Charge 4
2022-05-25T08:36:00Z,28,Charge 4
2022-05-25T09:29:00Z,8,Charge 4
2022-05-25T09:35:00Z,23,Charge 4
2022-05-25T09:36:00Z,33,Charge 4
2022-05-25T09:37:00Z,34,Charge 4
2022-05-25T09:52:00Z,9,Charge 4
2022-05-25T10:07:00Z,55,Charge 4
2022-05-25T10:08:00Z,37,Charge 4
2022-05-25T10:09:00Z,29,Charge 4
2022-05-25T10:10:00Z,100,Charge 4
2022-05-25T10:11:00Z,16,Charge 4
2022-05-25T10:12:00Z,19,Charge 4
2022-05-25T10:13:00Z,39,Charge 4
2022-05-25T10:15:00Z,50,Charge 4
2022-05-25T10:16:00Z,53,Charge 4
2022-05-25T10:18:00Z,6,Charge 4
2022-05-25T10:22:00Z,27,Charge 4
2022-05-25T10:23:00Z,79,Charge 4
2022-05-25T10:24:00Z,106,Charge 4
2022-05-25T10:25:00Z,36,Charge 4
2022-05-25T10:50:00Z,27,Charge 4
2022-05-25T10:51:00Z,100,Charge 4
2022-05-25T10:52:00Z,92,Charge 4
2022-05-25T10:53:00Z,73,Charge 4
2022-05-25T10:54:00Z,30,Charge 4
2022-05-25T10:55:00Z,77,Charge 4
2022-05-25T10:56:00Z,33,Charge 4
2022-05-25T10:57:00Z,69,Charge 4
2022-05-25T10:58:00Z,12,Charge 4
2022-05-25T11:00:00Z,22,Charge 4
2022-05-25T11:02:00Z,28,Charge 4
2022-05-25T11:03:00Z,30,Charge 4
2022-05-25T11:07:00Z,9,Charge 4
2022-05-25T11:08:00Z,34,Charge 4
2022-05-25T11:09:00Z,76,Charge 4
2022-05-25T11:10:00Z,85,Charge 4
2022-05-25T11:11:00Z,41,Charge 4
2022-05-25T11:18:00Z,8,Charge 4
2022-05-25T11:19:00Z,69,Charge 4
2022-05-25T11:20:00Z,9,Charge 4
2022-05-25T11:22:00Z,22,Charge 4
2022-05-25T11:23:00Z,28,Charge 4
2022-05-25T11:24:00Z,41,Charge 4
2022-05-25T11:25:00Z,76,Charge 4
2022-05-25T11:33:00Z,29,Charge 4
2022-05-25T11:37:00Z,6,Charge 4
2022-05-25T11:59:00Z,6,Charge 4
2022-05-25T12:06:00Z,6,Charge 4
2022-05-25T12:08:00Z,84,Charge 4
2022-05-25T12:10:00Z,84,Charge 4
2022-05-25T12:16:00Z,8,Charge 4
2022-05-25T12:19:00Z,7,Charge 4
2022-05-25T12:22:00Z,5,Charge 4
2022-05-25T12:32:00Z,5,Charge 4
2022-05-25T12:45:00Z,61,Charge 4
2022-05-25T12:46:00Z,40,Charge 4
2022-05-25T12:47:00Z,61,Charge 4
2022-05-25T13:26:00Z,7,Charge 4
2022-05-25T14:05:00Z,9,Charge 4
2022-05-25T14:08:00Z,7,Charge 4
2022-05-25T14:09:00Z,9,Charge 4
2022-05-25T15:09:00Z,32,Charge 4
2022-05-25T15:13:00Z,10,Charge 4
2022-05-25T15:14:00Z,6,Charge 4
2022-05-25T15:15:00Z,21,Charge 4
2022-05-25T15:16:00Z,11,Charge 4
2022-05-25T15:24:00Z,13,Charge 4
2022-05-25T15:51:00Z,11,Charge 4
2022-05-25T15:52:00Z,11,Charge 4
2022-05-25T16:20:00Z,4,Charge 4
2022-05-25T16:23:00Z,12,Charge 4
2022-05-25T16:24:00Z,45,Charge 4
2022-05-25T16:25:00Z,61,Charge 4
2022-05-25T16:26:00Z,37,Charge 4
2022-05-25T16:27:00Z,44,Charge 4
2022-05-25T16:28:00Z,55,Charge 4
2022-05-25T16:29:00Z,99,Charge 4
2022-05-25T16:30:00Z,106,Charge 4
2022-05-25T16:31:00Z,108,Charge 4
2022-05-25T16:32:00Z,102,Charge 4
2022-05-25T16:33:00Z,112,Charge 4
2022-05-25T16:34:00Z,110,Charge 4
2022-05-25T16:35:00Z,86,Charge 4
2022-05-25T16:36:00Z,52,Charge 4
2022-05-25T16:37:00Z,46,Charge 4
2022-05-25T16:38:00Z,7,Charge 4
2022-05-25T16:40:00Z,26,Charge 4
2022-05-25T16:41:00Z,96,Charge 4
2022-05-25T16:42:00Z,112,Charge 4
2022-05-25T16:43:00Z,105,Charge 4
2022-05-25T16:44:00Z,114,Charge 4
2022-05-25T16:45:00Z,110,Charge 4
2022-05-25T16:46:00Z,108,Charge 4
2022-05-25T16:47:00Z,107,Charge 4
2022-05-25T16:48:00Z,108,Charge 4
2022-05-25T16:49:00Z,112,Charge 4
2022-05-25T16:50:00Z,110,Charge 4
2022-05-25T16:51:00Z,103,Charge 4
2022-05-25T16:52:00Z,76,Charge 4
2022-05-25T16:53:00Z,104,Charge 4
2022-05-25T16:54:00Z,29,Charge 4
2022-05-25T16:57:00Z,21,Charge 4
2022-05-25T17:12:00Z,9,Charge 4
2022-05-25T17:32:00Z,9,Charge 4
2022-05-25T17:33:00Z,87,Charge 4
2022-05-25T17:34:00Z,104,Charge 4
2022-05-25T17:35:00Z,105,Charge 4
2022-05-25T17:36:00Z,105,Charge 4
2022-05-25T17:37:00Z,102,Charge 4
2022-05-25T17:38:00Z,101,Charge 4
2022-05-25T17:39:00Z,104,Charge 4
2022-05-25T17:40:00Z,105,Charge 4
2022-05-25T17:41:00Z,73,Charge 4
2022-05-25T17:42:00Z,30,Charge 4
2022-05-25T17:43:00Z,16,Charge 4
2022-05-25T17:44:00Z,18,Charge 4
2022-05-25T17:45:00Z,6,Charge 4
2022-05-25T17:55:00Z,18,Charge 4
2022-05-25T17:57:00Z,57,Charge 4
2022-05-25T17:58:00Z,6,Charge 4
2022-05-25T18:57:00Z,20,Charge 4
2022-05-25T19:17:00Z,10,Charge 4
2022-05-25T19:19:00Z,11,Charge 4
2022-05-25T19:20:00Z,4,Charge 4
2022-05-25T19:44:00Z,17,Charge 4
2022-05-25T20:13:00Z,12,Charge 4
2022-05-25T20:44:00Z,9,Charge 4
2022-05-25T20:47:00Z,13,Charge 4
2022-05-25T21:34:00Z,23,Charge 4
2022-05-25T21:35:00Z,8,Charge 4
2022-05-26T03:54:00Z,7,Charge 4
2022-05-26T06:49:00Z,11,Charge 4
2022-05-26T07:41:00Z,13,Charge 4
2022-05-26T07:52:00Z,13,Charge 4
2022-05-26T07:53:00Z,23,Charge 4
2022-05-26T07:54:00Z,7,Charge 4
2022-05-26T07:55:00Z,18,Charge 4
2022-05-26T07:56:00Z,7,Charge 4
2022-05-26T08:20:00Z,7,Charge 4
2022-05-26T09:16:00Z,12,Charge 4
2022-05-26T09:17:00Z,43,Charge 4
2022-05-26T09:18:00Z,23,Charge 4
2022-05-26T09:22:00Z,15,Charge 4
2022-05-26T09:23:00Z,12,Charge 4
2022-05-26T09:29:00Z,15,Charge 4
2022-05-26T09:31:00Z,7,Charge 4
2022-05-26T09:32:00Z,24,Charge 4
2022-05-26T09:36:00Z,35,Charge 4
2022-05-26T10:04:00Z,10,Charge 4
2022-05-26T10:05:00Z,16,Charge 4
2022-05-26T10:09:00Z,8,Charge 4
2022-05-26T10:39:00Z,19,Charge 4
2022-05-26T10:40:00Z,3,Charge 4
2022-05-26T10:41:00Z,6,Charge 4
2022-05-26T10:42:00Z,11,Charge 4
2022-05-26T10:43:00Z,20,Charge 4
2022-05-26T10:45:00Z,8,Charge 4
2022-05-26T10:55:00Z,5,Charge 4
2022-05-26T11:23:00Z,21,Charge 4
2022-05-26T11:24:00Z,13,Charge 4
2022-05-26T12:35:00Z,7,Charge 4
2022-05-26T12:49:00Z,18,Charge 4
2022-05-26T12:50:00Z,2,Charge 4
2022-05-26T12:55:00Z,23,Charge 4
2022-05-26T13:03:00Z,9,Charge 4
2022-05-26T13:15:00Z,27,Charge 4
2022-05-26T13:34:00Z,23,Charge 4
2022-05-26T13:35:00Z,1,Charge 4
2022-05-26T13:43:00Z,11,Charge 4
2022-05-26T13:44:00Z,26,Charge 4
2022-05-26T13:53:00Z,27,Charge 4
2022-05-26T13:55:00Z,10,Charge 4
2022-05-26T13:56:00Z,20,Charge 4
2022-05-26T14:20:00Z,7,Charge 4
2022-05-26T14:24:00Z,9,Charge 4
2022-05-26T14:25:00Z,10,Charge 4
2022-05-26T14:46:00Z,58,Charge 4
2022-05-26T14:47:00Z,50,Charge 4
2022-05-26T14:48:00Z,31,Charge 4
2022-05-26T14:49:00Z,24,Charge 4
2022-05-26T14:52:00Z,7,Charge 4
2022-05-26T14:53:00Z,10,Charge 4
2022-05-26T14:56:00Z,4,Charge 4
2022-05-26T15:08:00Z,5,Charge 4
2022-05-26T15:13:00Z,15,Charge 4
2022-05-26T15:14:00Z,20,Charge 4
2022-05-26T15:18:00Z,7,Charge 4
2022-05-26T15:19:00Z,17,Charge 4
2022-05-26T15:26:00Z,15,Charge 4
2022-05-26T15:28:00Z,26,Charge 4
2022-05-26T15:29:00Z,50,Charge 4
2022-05-26T15:30:00Z,39,Charge 4
2022-05-26T15:31:00Z,90,Charge 4
2022-05-26T15:32:00Z,103,Charge 4
2022-05-26T15:33:00Z,84,Charge 4
2022-05-26T15:34:00Z,102,Charge 4
2022-05-26T15:35:00Z,101,Charge 4
2022-05-26T15:36:00Z,103,Charge 4
2022-05-26T15:37:00Z,101,Charge 4
2022-05-26T15:38:00Z,96,Charge 4
2022-05-26T15:39:00Z,85,Charge 4
2022-05-26T15:40:00Z,96,Charge 4
2022-05-26T15:41:00Z,104,Charge 4
2022-05-26T15:42:00Z,100,Charge 4
2022-05-26T15:43:00Z,104,Charge 4
2022-05-26T15:44:00Z,103,Charge 4
2022-05-26T15:45:00Z,101,Charge 4
2022-05-26T15:46:00Z,102,Charge 4
2022-05-26T15:47:00Z,100,Charge 4
2022-05-26T15:48:00Z,98,Charge 4
2022-05-26T15:49:00Z,103,Charge 4
2022-05-26T15:50:00Z,99,Charge 4
2022-05-26T15:51:00Z,95,Charge 4
2022-05-26T15:52:00Z,89,Charge 4
2022-05-26T15:53:00Z,105,Charge 4
2022-05-26T15:54:00Z,92,Charge 4
2022-05-26T15:55:00Z,92,Charge 4
2022-05-26T15:56:00Z,95,Charge 4
2022-05-26T15:57:00Z,90,Charge 4
2022-05-26T15:58:00Z,95,Charge 4
2022-05-26T15:59:00Z,101,Charge 4
2022-05-26T16:00:00Z,57,Charge 4
2022-05-26T16:03:00Z,18,Charge 4
2022-05-26T16:04:00Z,73,Charge 4
2022-05-26T16:47:00Z,7,Charge 4
2022-05-26T17:20:00Z,7,Charge 4
2022-05-26T17:22:00Z,8,Charge 4
2022-05-26T17:23:00Z,8,Charge 4
2022-05-26T17:25:00Z,22,Charge 4
2022-05-26T17:26:00Z,79,Charge 4
2022-05-26T17:27:00Z,18,Charge 4
2022-05-26T17:28:00Z,56,Charge 4
2022-05-26T17:29:00Z,96,Charge 4
2022-05-26T17:30:00Z,103,Charge 4
2022-05-26T17:31:00Z,105,Charge 4
2022-05-26T17:32:00Z,102,Charge 4
2022-05-26T17:33:00Z,103,Charge 4
2022-05-26T17:34:00Z,108,Charge 4
2022-05-26T17:35:00Z,107,Charge 4
2022-05-26T17:36:00Z,102,Charge 4
2022-05-26T17:37:00Z,104,Charge 4
2022-05-26T17:38:00Z,102,Charge 4
2022-05-26T17:39:00Z,100,Charge 4
2022-05-26T17:40:00Z,97,Charge 4
2022-05-26T17:41:00Z,107,Charge 4
2022-05-26T17:42:00Z,100,Charge 4
2022-05-26T17:43:00Z,104,Charge 4
2022-05-26T17:44:00Z,98,Charge 4
2022-05-26T17:45:00Z,106,Charge 4
2022-05-26T17:46:00Z,109,Charge 4
2022-05-26T17:47:00Z,99,Charge 4
2022-05-26T17:48:00Z,105,Charge 4
2022-05-26T17:49:00Z,96,Charge 4
2022-05-26T17:50:00Z,66,Charge 4
2022-05-26T17:51:00Z,23,Charge 4
2022-05-26T17:52:00Z,24,Charge 4
2022-05-26T17:53:00Z,11,Charge 4
2022-05-26T18:12:00Z,12,Charge 4
2022-05-26T18:24:00Z,8,Charge 4
2022-05-26T18:25:00Z,7,Charge 4
2022-05-26T19:01:00Z,8,Charge 4
2022-05-26T19:07:00Z,9,Charge 4
2022-05-26T19:08:00Z,9,Charge 4
2022-05-26T19:09:00Z,4,Charge 4
2022-05-26T19:54:00Z,16,Charge 4
2022-05-26T19:55:00Z,10,Charge 4
2022-05-26T19:56:00Z,19,Charge 4
2022-05-26T19:57:00Z,30,Charge 4
2022-05-26T20:40:00Z,4,Charge 4
2022-05-26T20:44:00Z,8,Charge 4
2022-05-26T20:45:00Z,16,Charge 4
2022-05-26T20:55:00Z,8,Charge 4
2022-05-26T20:58:00Z,7,Charge 4
2022-05-26T21:26:00Z,15,Charge 4
2022-05-26T21:33:00Z,7,Charge 4
2022-05-26T21:34:00Z,1,Charge 4
2022-05-26T21:38:00Z,6,Charge 4
2022-05-26T21:44:00Z,4,Charge 4
2022-05-26T21:46:00Z,14,Charge 4
2022-05-26T21:47:00Z,6,Charge 4
2022-05-26T21:52:00Z,11,Charge 4
2022-05-26T21:53:00Z,17,Charge 4
2022-05-27T02:44:00Z,7,Charge 4
2022-05-28T11:42:00Z,9,Charge 4
2022-05-28T11:43:00Z,5,Charge 4
2022-05-28T11:59:00Z,36,Charge 4
2022-05-28T12:00:00Z,11,Charge 4
2022-05-28T12:01:00Z,32,Charge 4
2022-05-28T12:02:00Z,10,Charge 4
2022-05-28T12:20:00Z,4,Charge 4
2022-05-28T12:21:00Z,27,Charge 4
2022-05-28T12:24:00Z,14,Charge 4
2022-05-28T12:25:00Z,18,Charge 4
2022-05-28T12:28:00Z,12,Charge 4
2022-05-28T12:29:00Z,6,Charge 4
2022-05-28T12:31:00Z,27,Charge 4
2022-05-28T12:32:00Z,15,Charge 4
2022-05-28T12:53:00Z,8,Charge 4
2022-05-28T12:54:00Z,19,Charge 4
2022-05-28T12:55:00Z,46,Charge 4
2022-05-28T12:56:00Z,15,Charge 4
2022-05-28T12:58:00Z,4,Charge 4
2022-05-28T12:59:00Z,32,Charge 4
2022-05-28T13:00:00Z,52,Charge 4
2022-05-28T13:01:00Z,107,Charge 4
2022-05-28T13:02:00Z,105,Charge 4
2022-05-28T13:03:00Z,106,Charge 4
2022-05-28T13:04:00Z,105,Charge 4
2022-05-28T13:05:00Z,108,Charge 4
2022-05-28T13:06:00Z,102,Charge 4
2022-05-28T13:07:00Z,106,Charge 4
2022-05-28T13:08:00Z,102,Charge 4
2022-05-28T13:09:00Z,98,Charge 4
2022-05-28T13:10:00Z,106,Charge 4
2022-05-28T13:11:00Z,107,Charge 4
2022-05-28T13:12:00Z,104,Charge 4
2022-05-28T13:13:00Z,52,Charge 4
2022-05-28T13:14:00Z,44,Charge 4
2022-05-28T13:15:00Z,99,Charge 4
2022-05-28T13:16:00Z,103,Charge 4
2022-05-28T13:17:00Z,102,Charge 4
2022-05-28T13:18:00Z,75,Charge 4
2022-05-28T13:19:00Z,97,Charge 4
2022-05-28T13:20:00Z,97,Charge 4
2022-05-28T13:21:00Z,101,Charge 4
2022-05-28T13:22:00Z,95,Charge 4
2022-05-28T13:23:00Z,92,Charge 4
2022-05-28T13:24:00Z,103,Charge 4
2022-05-28T13:25:00Z,102,Charge 4
2022-05-28T13:26:00Z,88,Charge 4
2022-05-28T13:27:00Z,26,Charge 4
2022-05-28T13:28:00Z,10,Charge 4
2022-05-28T13:29:00Z,8,Charge 4
2022-05-28T13:31:00Z,10,Charge 4
2022-05-28T13:33:00Z,8,Charge 4
2022-05-28T13:34:00Z,7,Charge 4
2022-05-28T13:35:00Z,40,Charge 4
2022-05-28T13:37:00Z,6,Charge 4
2022-05-28T13:39:00Z,23,Charge 4
2022-05-28T13:42:00Z,14,Charge 4
2022-05-28T13:43:00Z,23,Charge 4
2022-05-28T13:44:00Z,10,Charge 4
2022-05-28T13:45:00Z,10,Charge 4
2022-05-28T13:46:00Z,11,Charge 4
2022-05-28T13:47:00Z,17,Charge 4
2022-05-28T13:48:00Z,11,Charge 4
2022-05-28T13:49:00Z,13,Charge 4
2022-05-28T13:51:00Z,29,Charge 4
2022-05-28T13:52:00Z,18,Charge 4
2022-05-28T13:53:00Z,27,Charge 4
2022-05-28T13:54:00Z,17,Charge 4
2022-05-28T13:55:00Z,61,Charge 4
2022-05-28T13:56:00Z,54,Charge 4
2022-05-28T13:57:00Z,31,Charge 4
2022-05-28T13:58:00Z,48,Charge 4
2022-05-28T13:59:00Z,88,Charge 4
2022-05-28T14:00:00Z,80,Charge 4
2022-05-28T14:01:00Z,75,Charge 4
2022-05-28T14:02:00Z,84,Charge 4
2022-05-28T14:03:00Z,93,Charge 4
2022-05-28T14:04:00Z,87,Charge 4
2022-05-28T14:05:00Z,90,Charge 4
2022-05-28T14:06:00Z,98,Charge 4
2022-05-28T14:07:00Z,65,Charge 4
2022-05-28T14:08:00Z,37,Charge 4
2022-05-28T14:09:00Z,77,Charge 4
2022-05-28T14:10:00Z,89,Charge 4
2022-05-28T14:11:00Z,41,Charge 4
2022-05-28T14:12:00Z,70,Charge 4
2022-05-28T14:13:00Z,96,Charge 4
2022-05-28T14:14:00Z,84,Charge 4
2022-05-28T14:15:00Z,100,Charge 4
2022-05-28T14:16:00Z,94,Charge 4
2022-05-28T14:17:00Z,97,Charge 4
2022-05-28T14:18:00Z,99,Charge 4
2022-05-28T14:19:00Z,91,Charge 4
2022-05-28T14:20:00Z,82,Charge 4
2022-05-28T14:21:00Z,98,Charge 4
2022-05-28T14:22:00Z,71,Charge 4
2022-05-28T14:23:00Z,53,Charge 4
2022-05-28T14:30:00Z,14,Charge 4
2022-05-28T14:31:00Z,44,Charge 4
2022-05-28T14:32:00Z,30,Charge 4
2022-05-28T14:33:00Z,23,Charge 4
2022-05-28T14:34:00Z,7,Charge 4
2022-05-28T15:19:00Z,4,Charge 4
2022-05-28T15:28:00Z,9,Charge 4
2022-05-28T15:40:00Z,6,Charge 4
2022-05-28T16:02:00Z,7,Charge 4
2022-05-28T16:25:00Z,7,Charge 4
2022-05-28T16:26:00Z,24,Charge 4
2022-05-28T16:29:00Z,10,Charge 4
2022-05-28T17:02:00Z,8,Charge 4
2022-05-28T17:25:00Z,12,Charge 4
2022-05-28T17:26:00Z,25,Charge 4
2022-05-28T17:56:00Z,9,Charge 4
2022-05-28T18:28:00Z,6,Charge 4
2022-05-28T18:47:00Z,4,Charge 4
2022-05-28T19:35:00Z,8,Charge 4
2022-05-28T19:36:00Z,8,Charge 4
2022-05-28T19:48:00Z,4,Charge 4
2022-05-28T20:23:00Z,5,Charge 4
2022-05-28T20:45:00Z,8,Charge 4
2022-05-28T20:52:00Z,22,Charge 4
2022-05-28T20:53:00Z,42,Charge 4
2022-05-28T21:24:00Z,22,Charge 4
2022-05-28T21:43:00Z,18,Charge 4
2022-05-28T21:44:00Z,43,Charge 4
2022-05-28T21:51:00Z,7,Charge 4
2022-05-28T21:52:00Z,17,Charge 4
2022-05-28T22:08:00Z,11,Charge 4
2022-05-29T05:35:00Z,8,Charge 4
2022-05-29T08:16:00Z,12,Charge 4
2022-05-29T08:24:00Z,4,Charge 4
2022-05-29T08:26:00Z,16,Charge 4
2022-05-29T08:51:00Z,20,Charge 4
2022-05-29T08:52:00Z,2,Charge 4
2022-05-29T09:01:00Z,7,Charge 4
2022-05-29T09:29:00Z,14,Charge 4
2022-05-29T09:42:00Z,18,Charge 4
2022-05-29T09:43:00Z,35,Charge 4
2022-05-29T09:44:00Z,2,Charge 4
2022-05-29T10:19:00Z,22,Charge 4
2022-05-29T10:23:00Z,4,Charge 4
2022-05-29T10:41:00Z,12,Charge 4
2022-05-29T10:42:00Z,7,Charge 4
2022-05-29T10:43:00Z,20,Charge 4
2022-05-29T10:46:00Z,23,Charge 4
2022-05-29T11:06:00Z,18,Charge 4
2022-05-29T11:07:00Z,15,Charge 4
2022-05-29T11:08:00Z,8,Charge 4
2022-05-29T11:14:00Z,10,Charge 4
2022-05-29T11:30:00Z,18,Charge 4
2022-05-29T11:31:00Z,8,Charge 4
2022-05-29T11:32:00Z,13,Charge 4
2022-05-29T12:16:00Z,9,Charge 4
2022-05-29T12:17:00Z,13,Charge 4
2022-05-29T12:20:00Z,6,Charge 4
2022-05-29T12:41:00Z,7,Charge 4
2022-05-29T12:43:00Z,27,Charge 4
2022-05-29T12:44:00Z,4,Charge 4
2022-05-29T12:45:00Z,25,Charge 4
2022-05-29T12:48:00Z,27,Charge 4
2022-05-29T13:39:00Z,6,Charge 4
2022-05-29T13:44:00Z,8,Charge 4
2022-05-29T13:55:00Z,8,Charge 4
2022-05-29T14:35:00Z,16,Charge 4
2022-05-29T14:36:00Z,9,Charge 4
2022-05-29T14:39:00Z,23,Charge 4
2022-05-29T15:00:00Z,6,Charge 4
2022-05-29T15:31:00Z,5,Charge 4
2022-05-29T15:34:00Z,4,Charge 4
2022-05-29T15:35:00Z,8,Charge 4
2022-05-29T15:49:00Z,11,Charge 4
2022-05-29T16:58:00Z,10,Charge 4
2022-05-29T17:09:00Z,13,Charge 4
2022-05-29T17:22:00Z,9,Charge 4
2022-05-29T17:25:00Z,6,Charge 4
2022-05-29T17:28:00Z,48,Charge 4
2022-05-29T17:29:00Z,20,Charge 4
2022-05-29T17:31:00Z,9,Charge 4
2022-05-29T17:33:00Z,43,Charge 4
2022-05-29T17:34:00Z,41,Charge 4
2022-05-29T17:35:00Z,5,Charge 4
2022-05-29T17:36:00Z,26,Charge 4
2022-05-29T17:37:00Z,94,Charge 4
2022-05-29T17:38:00Z,100,Charge 4
2022-05-29T17:39:00Z,106,Charge 4
2022-05-29T17:40:00Z,109,Charge 4
2022-05-29T17:41:00Z,109,Charge 4
2022-05-29T17:42:00Z,108,Charge 4
2022-05-29T17:43:00Z,103,Charge 4
2022-05-29T17:44:00Z,105,Charge 4
2022-05-29T17:45:00Z,107,Charge 4
2022-05-29T17:46:00Z,104,Charge 4
2022-05-29T17:47:00Z,107,Charge 4
2022-05-29T17:48:00Z,93,Charge 4
2022-05-29T17:49:00Z,100,Charge 4
2022-05-29T17:50:00Z,76,Charge 4
2022-05-29T17:51:00Z,46,Charge 4
2022-05-29T17:52:00Z,39,Charge 4
2022-05-29T17:53:00Z,13,Charge 4
2022-05-29T17:54:00Z,50,Charge 4
2022-05-29T17:55:00Z,85,Charge 4
2022-05-29T17:56:00Z,102,Charge 4
2022-05-29T17:57:00Z,103,Charge 4
2022-05-29T17:58:00Z,94,Charge 4
2022-05-29T17:59:00Z,103,Charge 4
2022-05-29T18:00:00Z,98,Charge 4
2022-05-29T18:01:00Z,88,Charge 4
2022-05-29T18:02:00Z,62,Charge 4
2022-05-29T18:03:00Z,52,Charge 4
2022-05-29T18:04:00Z,92,Charge 4
2022-05-29T18:05:00Z,49,Charge 4
2022-05-29T18:06:00Z,64,Charge 4
2022-05-29T18:07:00Z,83,Charge 4
2022-05-29T18:08:00Z,90,Charge 4
2022-05-29T18:09:00Z,34,Charge 4
2022-05-29T18:10:00Z,64,Charge 4
2022-05-29T18:11:00Z,21,Charge 4
2022-05-29T18:12:00Z,84,Charge 4
2022-05-29T18:13:00Z,87,Charge 4
2022-05-29T18:14:00Z,100,Charge 4
2022-05-29T18:15:00Z,96,Charge 4
2022-05-29T18:16:00Z,100,Charge 4
2022-05-29T18:17:00Z,103,Charge 4
2022-05-29T18:18:00Z,99,Charge 4
2022-05-29T18:19:00Z,92,Charge 4
2022-05-29T18:20:00Z,82,Charge 4
2022-05-29T18:21:00Z,91,Charge 4
2022-05-29T18:22:00Z,101,Charge 4
2022-05-29T18:23:00Z,102,Charge 4
2022-05-29T18:24:00Z,82,Charge 4
2022-05-29T18:25:00Z,106,Charge 4
2022-05-29T18:26:00Z,77,Charge 4
2022-05-29T18:27:00Z,69,Charge 4
2022-05-29T18:28:00Z,35,Charge 4
2022-05-29T19:26:00Z,28,Charge 4
2022-05-29T19:27:00Z,7,Charge 4
2022-05-29T20:31:00Z,8,Charge 4
2022-05-29T20:45:00Z,4,Charge 4
2022-05-29T20:46:00Z,15,Charge 4
2022-05-29T20:47:00Z,6,Charge 4
2022-05-29T20:48:00Z,7,Charge 4
2022-05-29T21:06:00Z,8,Charge 4
2022-05-29T21:23:00Z,38,Charge 4
2022-05-29T21:24:00Z,16,Charge 4
2022-05-29T22:03:00Z,19,Charge 4
2022-05-29T22:04:00Z,11,Charge 4
2022-05-29T22:09:00Z,13,Charge 4
2022-05-29T22:10:00Z,8,Charge 4
2022-05-29T22:11:00Z,10,Charge 4
2022-05-29T22:14:00Z,6,Charge 4
2022-05-29T22:15:00Z,10,Charge 4
2022-05-30T02:34:00Z,13,Charge 4
2022-05-30T02:35:00Z,10,Charge 4
2022-05-30T02:36:00Z,18,Charge 4
2022-05-30T04:09:00Z,8,Charge 4
2022-05-30T05:00:00Z,7,Charge 4
2022-05-30T05:17:00Z,8,Charge 4
2022-05-30T05:19:00Z,25,Charge 4
2022-05-30T05:24:00Z,10,Charge 4
2022-05-30T05:41:00Z,29,Charge 4
2022-05-30T05:42:00Z,28,Charge 4
2022-05-30T05:43:00Z,21,Charge 4
2022-05-30T05:52:00Z,4,Charge 4
2022-05-30T06:09:00Z,19,Charge 4
2022-05-30T06:10:00Z,50,Charge 4
2022-05-30T06:11:00Z,46,Charge 4
2022-05-30T06:12:00Z,50,Charge 4
2022-05-30T06:13:00Z,45,Charge 4
2022-05-30T06:14:00Z,19,Charge 4
2022-05-30T06:15:00Z,26,Charge 4
2022-05-30T06:16:00Z,7,Charge 4
2022-05-30T06:19:00Z,29,Charge 4
2022-05-30T06:20:00Z,12,Charge 4
2022-05-30T06:32:00Z,10,Charge 4
2022-05-30T06:47:00Z,4,Charge 4
2022-05-30T07:06:00Z,8,Charge 4
2022-05-30T07:08:00Z,19,Charge 4
2022-05-30T07:09:00Z,84,Charge 4
2022-05-30T07:10:00Z,112,Charge 4
2022-05-30T07:11:00Z,114,Charge 4
2022-05-30T07:12:00Z,114,Charge 4
2022-05-30T07:13:00Z,113,Charge 4
2022-05-30T07:14:00Z,115,Charge 4
2022-05-30T07:15:00Z,113,Charge 4
2022-05-30T07:16:00Z,115,Charge 4
2022-05-30T07:17:00Z,106,Charge 4
2022-05-30T07:18:00Z,90,Charge 4
2022-05-30T07:19:00Z,87,Charge 4
2022-05-30T07:20:00Z,21,Charge 4
2022-05-30T07:21:00Z,27,Charge 4
2022-05-30T07:46:00Z,38,Charge 4
2022-05-30T07:47:00Z,93,Charge 4
2022-05-30T07:48:00Z,85,Charge 4
2022-05-30T07:49:00Z,56,Charge 4
2022-05-30T07:53:00Z,14,Charge 4
2022-05-30T07:54:00Z,67,Charge 4
2022-05-30T07:55:00Z,7,Charge 4
2022-05-30T07:58:00Z,6,Charge 4
2022-05-30T08:01:00Z,50,Charge 4
2022-05-30T08:02:00Z,76,Charge 4
2022-05-30T08:03:00Z,48,Charge 4
2022-05-30T08:04:00Z,110,Charge 4
2022-05-30T08:05:00Z,111,Charge 4
2022-05-30T08:06:00Z,116,Charge 4
2022-05-30T08:07:00Z,112,Charge 4
2022-05-30T08:08:00Z,38,Charge 4
2022-05-30T08:09:00Z,108,Charge 4
2022-05-30T08:10:00Z,114,Charge 4
2022-05-30T08:11:00Z,116,Charge 4
2022-05-30T08:12:00Z,109,Charge 4
2022-05-30T08:13:00Z,111,Charge 4
2022-05-30T08:14:00Z,106,Charge 4
2022-05-30T08:15:00Z,113,Charge 4
2022-05-30T08:16:00Z,115,Charge 4
2022-05-30T08:17:00Z,107,Charge 4
2022-05-30T08:18:00Z,104,Charge 4
2022-05-30T08:19:00Z,69,Charge 4
2022-05-30T08:20:00Z,50,Charge 4
2022-05-30T08:25:00Z,16,Charge 4
2022-05-30T08:26:00Z,67,Charge 4
2022-05-30T08:27:00Z,105,Charge 4
2022-05-30T08:28:00Z,88,Charge 4
2022-05-30T08:29:00Z,8,Charge 4
2022-05-30T08:32:00Z,66,Charge 4
2022-05-30T09:11:00Z,6,Charge 4
2022-05-30T09:12:00Z,46,Charge 4
2022-05-30T09:14:00Z,77,Charge 4
2022-05-30T09:15:00Z,75,Charge 4
2022-05-30T09:16:00Z,108,Charge 4
2022-05-30T09:17:00Z,80,Charge 4
2022-05-30T09:18:00Z,97,Charge 4
2022-05-30T09:19:00Z,109,Charge 4
2022-05-30T09:20:00Z,42,Charge 4
2022-05-30T09:21:00Z,76,Charge 4
2022-05-30T09:22:00Z,68,Charge 4
2022-05-30T09:23:00Z,16,Charge 4
2022-05-30T09:25:00Z,22,Charge 4
2022-05-30T09:26:00Z,54,Charge 4
2022-05-30T09:27:00Z,25,Charge 4
2022-05-30T09:29:00Z,13,Charge 4
2022-05-30T09:30:00Z,45,Charge 4
2022-05-30T09:31:00Z,20,Charge 4
2022-05-30T09:34:00Z,9,Charge 4
2022-05-30T09:35:00Z,36,Charge 4
2022-05-30T09:39:00Z,40,Charge 4
2022-05-30T09:40:00Z,9,Charge 4
2022-05-30T09:41:00Z,15,Charge 4
2022-05-30T09:44:00Z,17,Charge 4
2022-05-30T09:47:00Z,18,Charge 4
2022-05-30T09:48:00Z,119,Charge 4
2022-05-30T09:49:00Z,60,Charge 4
2022-05-30T09:53:00Z,7,Charge 4
2022-05-30T09:54:00Z,104,Charge 4
2022-05-30T09:55:00Z,56,Charge 4
2022-05-30T09:56:00Z,12,Charge 4
2022-05-30T09:57:00Z,8,Charge 4
2022-05-30T09:58:00Z,31,Charge 4
2022-05-30T09:59:00Z,17,Charge 4
2022-05-30T10:29:00Z,16,Charge 4
2022-05-30T10:40:00Z,4,Charge 4
2022-05-30T10:41:00Z,9,Charge 4
2022-05-30T10:57:00Z,32,Charge 4
2022-05-30T11:02:00Z,10,Charge 4
2022-05-30T11:03:00Z,13,Charge 4
2022-05-30T11:05:00Z,14,Charge 4
2022-05-30T11:07:00Z,22,Charge 4
2022-05-30T11:13:00Z,14,Charge 4
2022-05-30T11:14:00Z,16,Charge 4
2022-05-30T11:32:00Z,26,Charge 4
2022-05-30T11:33:00Z,29,Charge 4
2022-05-30T11:34:00Z,49,Charge 4
2022-05-30T11:35:00Z,45,Charge 4
2022-05-30T11:36:00Z,47,Charge 4
2022-05-30T11:37:00Z,10,Charge 4
2022-05-30T11:38:00Z,6,Charge 4
2022-05-30T11:44:00Z,9,Charge 4
2022-05-30T11:48:00Z,22,Charge 4
2022-05-30T11:50:00Z,107,Charge 4
2022-05-30T11:51:00Z,65,Charge 4
2022-05-30T11:52:00Z,4,Charge 4
2022-05-30T11:53:00Z,38,Charge 4
2022-05-30T12:04:00Z,7,Charge 4
2022-05-30T12:18:00Z,7,Charge 4
2022-05-30T12:19:00Z,17,Charge 4
2022-05-30T12:23:00Z,50,Charge 4
2022-05-30T12:24:00Z,14,Charge 4
2022-05-30T12:27:00Z,23,Charge 4
2022-05-30T12:28:00Z,17,Charge 4
2022-05-30T12:57:00Z,8,Charge 4
2022-05-30T12:58:00Z,33,Charge 4
2022-05-30T13:10:00Z,15,Charge 4
2022-05-30T13:15:00Z,12,Charge 4
2022-05-30T13:21:00Z,12,Charge 4
2022-05-30T13:22:00Z,11,Charge 4
2022-05-30T13:28:00Z,4,Charge 4
2022-05-30T13:43:00Z,4,Charge 4
2022-05-30T14:01:00Z,39,Charge 4
2022-05-30T14:02:00Z,2,Charge 4
2022-05-30T14:32:00Z,59,Charge 4
2022-05-30T14:33:00Z,7,Charge 4
2022-05-30T14:34:00Z,37,Charge 4
2022-05-30T14:43:00Z,8,Charge 4
2022-05-30T14:44:00Z,12,Charge 4
2022-05-30T14:45:00Z,62,Charge 4
2022-05-30T14:46:00Z,67,Charge 4
2022-05-30T14:47:00Z,82,Charge 4
2022-05-30T14:48:00Z,105,Charge 4
2022-05-30T14:49:00Z,104,Charge 4
2022-05-30T14:50:00Z,107,Charge 4
2022-05-30T14:51:00Z,101,Charge 4
2022-05-30T14:52:00Z,95,Charge 4
2022-05-30T14:53:00Z,110,Charge 4
2022-05-30T14:54:00Z,77,Charge 4
2022-05-30T14:55:00Z,84,Charge 4
2022-05-30T14:56:00Z,31,Charge 4
2022-05-30T14:57:00Z,60,Charge 4
2022-05-30T14:58:00Z,111,Charge 4
2022-05-30T14:59:00Z,111,Charge 4
2022-05-30T15:00:00Z,112,Charge 4
2022-05-30T15:01:00Z,112,Charge 4
2022-05-30T15:02:00Z,90,Charge 4
2022-05-30T15:03:00Z,109,Charge 4
2022-05-30T15:04:00Z,112,Charge 4
2022-05-30T15:05:00Z,110,Charge 4
2022-05-30T15:06:00Z,112,Charge 4
2022-05-30T15:07:00Z,108,Charge 4
2022-05-30T15:08:00Z,88,Charge 4
2022-05-30T15:09:00Z,102,Charge 4
2022-05-30T15:10:00Z,15,Charge 4
2022-05-30T15:11:00Z,27,Charge 4
2022-05-30T15:12:00Z,29,Charge 4
2022-05-30T15:45:00Z,12,Charge 4
2022-05-30T15:46:00Z,87,Charge 4
2022-05-30T15:47:00Z,88,Charge 4
2022-05-30T15:48:00Z,100,Charge 4
2022-05-30T15:49:00Z,96,Charge 4
2022-05-30T15:50:00Z,96,Charge 4
2022-05-30T15:51:00Z,90,Charge 4
2022-05-30T15:52:00Z,71,Charge 4
2022-05-30T15:53:00Z,85,Charge 4
2022-05-30T15:54:00Z,104,Charge 4
2022-05-30T15:55:00Z,92,Charge 4
2022-05-30T15:56:00Z,54,Charge 4
2022-05-30T15:57:00Z,22,Charge 4
2022-05-30T15:58:00Z,27,Charge 4
2022-05-30T16:30:00Z,14,Charge 4
2022-05-30T16:31:00Z,6,Charge 4
2022-05-30T16:32:00Z,15,Charge 4
2022-05-30T16:56:00Z,27,Charge 4
2022-05-30T17:06:00Z,8,Charge 4
2022-05-30T17:07:00Z,73,Charge 4
2022-05-30T17:28:00Z,6,Charge 4
2022-05-30T17:30:00Z,5,Charge 4
2022-05-30T17:43:00Z,21,Charge 4
2022-05-30T17:50:00Z,4,Charge 4
2022-05-30T17:52:00Z,6,Charge 4
2022-05-30T17:53:00Z,14,Charge 4
2022-05-30T18:03:00Z,9,Charge 4
2022-05-30T18:07:00Z,7,Charge 4
2022-05-30T18:10:00Z,10,Charge 4
2022-05-30T18:11:00Z,28,Charge 4
2022-05-30T18:12:00Z,39,Charge 4
2022-05-30T18:13:00Z,7,Charge 4
2022-05-30T18:27:00Z,4,Charge 4
2022-05-30T18:28:00Z,5,Charge 4
2022-05-30T18:58:00Z,8,Charge 4
2022-05-30T18:59:00Z,6,Charge 4
2022-05-30T19:17:00Z,18,Charge 4
2022-05-30T19:18:00Z,28,Charge 4
2022-05-30T19:19:00Z,14,Charge 4
2022-05-30T19:38:00Z,4,Charge 4
2022-05-30T19:52:00Z,9,Charge 4
2022-05-30T19:53:00Z,3,Charge 4
2022-05-30T20:35:00Z,48,Charge 4
2022-05-30T20:36:00Z,22,Charge 4
2022-05-30T20:37:00Z,10,Charge 4
2022-05-30T21:06:00Z,12,Charge 4
2022-05-30T21:10:00Z,6,Charge 4
2022-05-30T21:23:00Z,4,Charge 4
2022-05-30T21:25:00Z,7,Charge 4
2022-05-30T21:48:00Z,17,Charge 4
2022-05-30T22:14:00Z,7,Charge 4
2022-05-30T22:29:00Z,6,Charge 4
2022-05-31T05:21:00Z,23,Charge 4
2022-05-31T05:23:00Z,15,Charge 4
2022-05-31T05:25:00Z,26,Charge 4
2022-05-31T05:26:00Z,6,Charge 4
2022-05-31T05:40:00Z,8,Charge 4
2022-05-31T05:41:00Z,11,Charge 4
2022-05-31T05:42:00Z,12,Charge 4
2022-05-31T05:43:00Z,6,Charge 4
2022-05-31T05:45:00Z,8,Charge 4
2022-05-31T06:22:00Z,4,Charge 4
2022-05-31T06:23:00Z,13,Charge 4
2022-05-31T06:46:00Z,29,Charge 4
2022-05-31T06:48:00Z,4,Charge 4
2022-05-31T06:49:00Z,28,Charge 4
2022-05-31T06:50:00Z,7,Charge 4
2022-05-31T06:58:00Z,4,Charge 4
2022-05-31T06:59:00Z,33,Charge 4
2022-05-31T07:00:00Z,8,Charge 4
2022-05-31T07:01:00Z,24,Charge 4
2022-05-31T07:02:00Z,4,Charge 4
2022-05-31T07:08:00Z,11,Charge 4
2022-05-31T07:09:00Z,27,Charge 4
2022-05-31T07:15:00Z,11,Charge 4
2022-05-31T07:46:00Z,36,Charge 4
2022-05-31T07:48:00Z,6,Charge 4
2022-05-31T07:49:00Z,19,Charge 4
2022-05-31T08:25:00Z,17,Charge 4
2022-05-31T08:26:00Z,13,Charge 4
2022-05-31T08:42:00Z,7,Charge 4
2022-05-31T08:43:00Z,20,Charge 4
2022-05-31T08:44:00Z,11,Charge 4
2022-05-31T08:45:00Z,16,Charge 4
2022-05-31T09:01:00Z,4,Charge 4
2022-05-31T09:20:00Z,5,Charge 4
2022-05-31T09:35:00Z,11,Charge 4
2022-05-31T09:39:00Z,11,Charge 4
2022-05-31T10:02:00Z,15,Charge 4
2022-05-31T10:26:00Z,7,Charge 4
2022-05-31T10:54:00Z,10,Charge 4
2022-05-31T12:13:00Z,24,Charge 4
2022-05-31T12:18:00Z,7,Charge 4
2022-05-31T12:20:00Z,27,Charge 4
2022-05-31T12:21:00Z,22,Charge 4
2022-05-31T12:24:00Z,5,Charge 4
2022-05-31T12:25:00Z,14,Charge 4
2022-05-31T12:36:00Z,6,Charge 4
2022-05-31T12:37:00Z,11,Charge 4
2022-05-31T12:38:00Z,19,Charge 4
2022-05-31T12:39:00Z,37,Charge 4
2022-05-31T12:40:00Z,13,Charge 4
2022-05-31T12:43:00Z,5,Charge 4
2022-05-31T12:44:00Z,10,Charge 4
2022-05-31T12:45:00Z,54,Charge 4
2022-05-31T12:46:00Z,47,Charge 4
2022-05-31T12:47:00Z,66,Charge 4
2022-05-31T12:48:00Z,61,Charge 4
2022-05-31T12:49:00Z,85,Charge 4
2022-05-31T12:50:00Z,44,Charge 4
2022-05-31T12:51:00Z,30,Charge 4
2022-05-31T12:52:00Z,37,Charge 4
2022-05-31T12:53:00Z,48,Charge 4
2022-05-31T12:54:00Z,21,Charge 4
2022-05-31T12:55:00Z,23,Charge 4
2022-05-31T12:56:00Z,37,Charge 4
2022-05-31T12:57:00Z,15,Charge 4
2022-05-31T12:58:00Z,23,Charge 4
2022-05-31T12:59:00Z,38,Charge 4
2022-05-31T13:00:00Z,45,Charge 4
2022-05-31T13:01:00Z,27,Charge 4
2022-05-31T13:02:00Z,22,Charge 4
2022-05-31T13:03:00Z,9,Charge 4
2022-05-31T13:11:00Z,23,Charge 4
2022-05-31T13:12:00Z,43,Charge 4
2022-05-31T13:13:00Z,3,Charge 4
2022-05-31T13:34:00Z,22,Charge 4
2022-05-31T13:35:00Z,30,Charge 4
2022-05-31T13:36:00Z,32,Charge 4
2022-05-31T13:37:00Z,30,Charge 4
2022-05-31T13:38:00Z,12,Charge 4
2022-05-31T13:51:00Z,49,Charge 4
2022-05-31T13:52:00Z,22,Charge 4
2022-05-31T13:55:00Z,22,Charge 4
2022-05-31T14:07:00Z,52,Charge 4
2022-05-31T14:08:00Z,57,Charge 4
2022-05-31T14:09:00Z,39,Charge 4
2022-05-31T14:10:00Z,15,Charge 4
2022-05-31T14:11:00Z,71,Charge 4
2022-05-31T14:12:00Z,106,Charge 4
2022-05-31T14:13:00Z,107,Charge 4
2022-05-31T14:14:00Z,109,Charge 4
2022-05-31T14:15:00Z,109,Charge 4
2022-05-31T14:16:00Z,108,Charge 4
2022-05-31T14:17:00Z,107,Charge 4
2022-05-31T14:18:00Z,107,Charge 4
2022-05-31T14:19:00Z,114,Charge 4
2022-05-31T14:20:00Z,110,Charge 4
2022-05-31T14:25:00Z,23,Charge 4
2022-05-31T14:26:00Z,7,Charge 4
2022-05-31T14:32:00Z,29,Charge 4
2022-05-31T14:33:00Z,44,Charge 4
2022-05-31T14:34:00Z,93,Charge 4
2022-05-31T14:35:00Z,106,Charge 4
2022-05-31T14:36:00Z,111,Charge 4
2022-05-31T14:37:00Z,111,Charge 4
2022-05-31T14:38:00Z,68,Charge 4
2022-05-31T14:39:00Z,24,Charge 4
2022-05-31T14:40:00Z,38,Charge 4
2022-05-31T14:45:00Z,7,Charge 4
2022-05-31T14:46:00Z,26,Charge 4
2022-05-31T14:47:00Z,42,Charge 4
2022-05-31T14:48:00Z,50,Charge 4
2022-05-31T14:49:00Z,50,Charge 4
2022-05-31T14:50:00Z,6,Charge 4
2022-05-31T14:51:00Z,29,Charge 4
2022-05-31T14:52:00Z,62,Charge 4
2022-05-31T14:53:00Z,65,Charge 4
2022-05-31T14:54:00Z,54,Charge 4
2022-05-31T14:55:00Z,30,Charge 4
2022-05-31T14:56:00Z,17,Charge 4
2022-05-31T14:57:00Z,50,Charge 4
2022-05-31T14:58:00Z,15,Charge 4
2022-05-31T14:59:00Z,32,Charge 4
2022-05-31T15:00:00Z,37,Charge 4
2022-05-31T15:01:00Z,29,Charge 4
2022-05-31T15:02:00Z,21,Charge 4
2022-05-31T15:03:00Z,36,Charge 4
2022-05-31T15:04:00Z,38,Charge 4
2022-05-31T15:05:00Z,43,Charge 4
2022-05-31T15:08:00Z,10,Charge 4
2022-05-31T15:09:00Z,10,Charge 4
2022-05-31T15:10:00Z,59,Charge 4
2022-05-31T15:12:00Z,12,Charge 4
2022-05-31T15:13:00Z,32,Charge 4
2022-05-31T15:14:00Z,23,Charge 4
2022-05-31T15:15:00Z,12,Charge 4
2022-05-31T15:16:00Z,15,Charge 4
2022-05-31T15:17:00Z,76,Charge 4
2022-05-31T15:18:00Z,49,Charge 4
2022-05-31T15:19:00Z,33,Charge 4
2022-05-31T15:20:00Z,52,Charge 4
2022-05-31T15:21:00Z,43,Charge 4
2022-05-31T15:22:00Z,14,Charge 4
2022-05-31T15:23:00Z,32,Charge 4
2022-05-31T15:24:00Z,43,Charge 4
2022-05-31T15:25:00Z,26,Charge 4
2022-05-31T15:26:00Z,39,Charge 4
2022-05-31T15:27:00Z,16,Charge 4
2022-05-31T15:28:00Z,13,Charge 4
2022-05-31T15:29:00Z,16,Charge 4
2022-05-31T15:30:00Z,10,Charge 4
2022-05-31T15:31:00Z,7,Charge 4
2022-05-31T15:32:00Z,23,Charge 4
2022-05-31T15:33:00Z,48,Charge 4
2022-05-31T15:34:00Z,50,Charge 4
2022-05-31T15:35:00Z,14,Charge 4
2022-05-31T15:37:00Z,38,Charge 4
2022-05-31T15:38:00Z,11,Charge 4
2022-05-31T15:41:00Z,18,Charge 4
2022-05-31T15:42:00Z,56,Charge 4
2022-05-31T15:43:00Z,43,Charge 4
2022-05-31T15:49:00Z,9,Charge 4
2022-05-31T15:51:00Z,72,Charge 4
2022-05-31T15:52:00Z,66,Charge 4
2022-05-31T15:53:00Z,68,Charge 4
2022-05-31T15:54:00Z,99,Charge 4
2022-05-31T15:55:00Z,101,Charge 4
2022-05-31T15:56:00Z,50,Charge 4
2022-05-31T15:57:00Z,42,Charge 4
2022-05-31T15:58:00Z,11,Charge 4
2022-05-31T15:59:00Z,10,Charge 4
2022-05-31T16:00:00Z,15,Charge 4
2022-05-31T16:02:00Z,34,Charge 4
2022-05-31T16:03:00Z,22,Charge 4
2022-05-31T16:04:00Z,14,Charge 4
2022-05-31T16:05:00Z,10,Charge 4
2022-05-31T16:06:00Z,26,Charge 4
2022-05-31T16:07:00Z,29,Charge 4
2022-05-31T16:08:00Z,7,Charge 4
2022-05-31T16:09:00Z,27,Charge 4
2022-05-31T16:10:00Z,13,Charge 4
2022-05-31T16:13:00Z,11,Charge 4
2022-05-31T16:14:00Z,36,Charge 4
2022-05-31T16:15:00Z,41,Charge 4
2022-05-31T16:16:00Z,26,Charge 4
2022-05-31T16:18:00Z,29,Charge 4
2022-05-31T16:19:00Z,32,Charge 4
2022-05-31T16:20:00Z,91,Charge 4
2022-05-31T16:21:00Z,24,Charge 4
2022-05-31T16:22:00Z,55,Charge 4
2022-05-31T16:23:00Z,78,Charge 4
2022-05-31T16:24:00Z,10,Charge 4
2022-05-31T16:28:00Z,6,Charge 4
2022-05-31T16:30:00Z,10,Charge 4
2022-05-31T16:31:00Z,22,Charge 4
2022-05-31T16:34:00Z,10,Charge 4
2022-05-31T16:40:00Z,17,Charge 4
2022-05-31T16:41:00Z,20,Charge 4
2022-05-31T16:42:00Z,53,Charge 4
2022-05-31T16:43:00Z,42,Charge 4
2022-05-31T16:44:00Z,96,Charge 4
2022-05-31T16:45:00Z,100,Charge 4
2022-05-31T16:46:00Z,62,Charge 4
2022-05-31T16:47:00Z,30,Charge 4
2022-05-31T16:48:00Z,36,Charge 4
2022-05-31T16:49:00Z,24,Charge 4
2022-05-31T16:50:00Z,36,Charge 4
2022-05-31T16:51:00Z,63,Charge 4
2022-05-31T16:52:00Z,6,Charge 4
2022-05-31T16:54:00Z,14,Charge 4
2022-05-31T16:55:00Z,15,Charge 4
2022-05-31T16:56:00Z,51,Charge 4
2022-05-31T16:57:00Z,39,Charge 4
2022-05-31T16:58:00Z,48,Charge 4
2022-05-31T16:59:00Z,23,Charge 4
2022-05-31T17:00:00Z,64,Charge 4
2022-05-31T17:01:00Z,25,Charge 4
2022-05-31T17:02:00Z,77,Charge 4
2022-05-31T17:03:00Z,76,Charge 4
2022-05-31T17:04:00Z,99,Charge 4
2022-05-31T17:05:00Z,39,Charge 4
2022-05-31T17:06:00Z,55,Charge 4
2022-05-31T17:07:00Z,50,Charge 4
2022-05-31T17:08:00Z,101,Charge 4
2022-05-31T17:09:00Z,106,Charge 4
2022-05-31T17:10:00Z,107,Charge 4
2022-05-31T17:11:00Z,108,Charge 4
2022-05-31T17:12:00Z,107,Charge 4
2022-05-31T17:13:00Z,102,Charge 4
2022-05-31T17:14:00Z,46,Charge 4
2022-05-31T17:15:00Z,47,Charge 4
2022-05-31T17:16:00Z,78,Charge 4
2022-05-31T17:17:00Z,74,Charge 4
2022-05-31T17:18:00Z,101,Charge 4
2022-05-31T17:19:00Z,101,Charge 4
2022-05-31T17:20:00Z,88,Charge 4
2022-05-31T17:21:00Z,31,Charge 4
2022-05-31T17:22:00Z,64,Charge 4
2022-05-31T17:23:00Z,104,Charge 4
2022-05-31T17:24:00Z,112,Charge 4
2022-05-31T17:25:00Z,108,Charge 4
2022-05-31T17:26:00Z,109,Charge 4
2022-05-31T17:27:00Z,107,Charge 4
2022-05-31T17:28:00Z,102,Charge 4
2022-05-31T17:29:00Z,19,Charge 4
2022-05-31T17:32:00Z,11,Charge 4
2022-05-31T17:34:00Z,13,Charge 4
2022-05-31T17:44:00Z,32,Charge 4
2022-05-31T17:45:00Z,76,Charge 4
2022-05-31T17:46:00Z,89,Charge 4
2022-05-31T17:47:00Z,112,Charge 4
2022-05-31T17:48:00Z,105,Charge 4
2022-05-31T17:49:00Z,114,Charge 4
2022-05-31T17:50:00Z,85,Charge 4
2022-05-31T17:51:00Z,111,Charge 4
2022-05-31T17:52:00Z,104,Charge 4
2022-05-31T17:53:00Z,111,Charge 4
2022-05-31T17:54:00Z,110,Charge 4
2022-05-31T17:55:00Z,82,Charge 4
2022-05-31T17:56:00Z,43,Charge 4
2022-05-31T17:57:00Z,8,Charge 4
2022-05-31T17:58:00Z,11,Charge 4
2022-05-31T18:19:00Z,70,Charge 4
2022-05-31T18:20:00Z,47,Charge 4
2022-05-31T18:21:00Z,101,Charge 4
2022-05-31T18:22:00Z,107,Charge 4
2022-05-31T18:23:00Z,106,Charge 4
2022-05-31T18:24:00Z,93,Charge 4
2022-05-31T18:25:00Z,28,Charge 4
2022-05-31T18:56:00Z,46,Charge 4
2022-05-31T18:57:00Z,15,Charge 4
2022-05-31T18:58:00Z,12,Charge 4
2022-05-31T18:59:00Z,8,Charge 4
2022-05-31T19:17:00Z,6,Charge 4
2022-05-31T20:09:00Z,8,Charge 4
2022-05-31T21:25:00Z,9,Charge 4
2022-05-31T21:26:00Z,39,Charge 4
2022-05-31T22:22:00Z,7,Charge 4
2022-05-31T22:23:00Z,1,Charge 4
