timestamp,lap time,stroke count,stroke type,data source
2024-12-01T08:54:33Z,00:00:13.000,5,SWIM_STROKE_TYPE_UNSPECIFIED,Charge 6
2024-12-01T08:55:42Z,00:00:14.000,5,SWIM_STROKE_TYPE_UNSPECIFIED,Charge 6
2024-12-01T08:56:53Z,00:00:13.000,6,SWIM_STROKE_TYPE_UNSPECIFIED,Charge 6
2024-12-01T10:22:01Z,00:00:13.000,6,SWIM_STROKE_TYPE_UNSPECIFIED,Charge 6
2024-12-01T13:20:53Z,00:00:23.000,11,SWIM_STROKE_TYPE_UNSPECIFIED,Charge 6
2024-12-01T15:11:15Z,00:00:12.000,9,SWIM_STROKE_TYPE_UNSPECIFIED,Charge 6
2024-12-01T17:08:39Z,00:00:07.000,5,SWIM_STROKE_TYPE_UNSPECIFIED,Charge 6
2024-12-01T17:11:30Z,00:00:13.000,5,SWIM_STROKE_TYPE_UNSPECIFIED,Charge 6
2024-12-02T03:39:36Z,00:00:12.000,7,SWIM_STROKE_TYPE_UNSPECIFIED,Charge 6
2024-12-02T07:48:41Z,00:00:15.000,5,SWIM_STROKE_TYPE_UNSPECIFIED,Charge 6
2024-12-02T08:11:18Z,00:00:28.000,9,SWIM_STROKE_TYPE_UNSPECIFIED,Charge 6
2024-12-02T10:04:29Z,00:00:10.000,5,SWIM_STROKE_TYPE_UNSPECIFIED,Charge 6
2024-12-02T22:29:50Z,00:00:21.000,6,SWIM_STROKE_TYPE_UNSPECIFIED,Charge 6
2024-12-02T22:30:22Z,00:00:33.000,6,SWIM_STROKE_TYPE_UNSPECIFIED,Charge 6
2024-12-02T22:31:26Z,00:00:44.000,8,SWIM_STROKE_TYPE_UNSPECIFIED,Charge 6
2024-12-02T22:32:35Z,00:00:32.000,10,SWIM_STROKE_TYPE_UNSPECIFIED,Charge 6
2024-12-02T22:33:37Z,00:00:23.000,7,SWIM_STROKE_TYPE_UNSPECIFIED,Charge 6
2024-12-02T22:34:29Z,00:00:26.000,7,SWIM_STROKE_TYPE_UNSPECIFIED,Charge 6
2024-12-02T22:35:32Z,00:00:25.000,7,SWIM_STROKE_TYPE_UNSPECIFIED,Charge 6
2024-12-02T22:36:20Z,00:00:35.000,8,SWIM_STROKE_TYPE_UNSPECIFIED,Charge 6
2024-12-02T22:37:19Z,00:00:14.000,6,SWIM_STROKE_TYPE_UNSPECIFIED,Charge 6
2024-12-02T22:37:53Z,00:00:16.000,6,SWIM_STROKE_TYPE_UNSPECIFIED,Charge 6
2024-12-02T22:38:40Z,00:00:14.000,7,SWIM_STROKE_TYPE_UNSPECIFIED,Charge 6
2024-12-02T22:39:44Z,00:00:12.000,5,SWIM_STROKE_TYPE_UNSPECIFIED,Charge 6
2024-12-03T10:35:05Z,00:00:31.000,9,SWIM_STROKE_TYPE_UNSPECIFIED,Charge 6
2024-12-03T10:38:37Z,00:00:20.000,5,SWIM_STROKE_TYPE_UNSPECIFIED,Charge 6
2024-12-03T10:41:18Z,00:00:22.000,5,SWIM_STROKE_TYPE_UNSPECIFIED,Charge 6
2024-12-03T10:47:53Z,00:00:19.000,5,SWIM_STROKE_TYPE_UNSPECIFIED,Charge 6
2024-12-03T10:53:40Z,00:00:26.000,5,SWIM_STROKE_TYPE_UNSPECIFIED,Charge 6
2024-12-03T10:54:28Z,00:00:37.000,8,SWIM_STROKE_TYPE_UNSPECIFIED,Charge 6
2024-12-03T10:55:35Z,00:00:22.000,5,SWIM_STROKE_TYPE_UNSPECIFIED,Charge 6
2024-12-03T10:59:04Z,00:00:22.000,6,SWIM_STROKE_TYPE_UNSPECIFIED,Charge 6
2024-12-03T11:00:34Z,00:00:16.000,5,SWIM_STROKE_TYPE_UNSPECIFIED,Charge 6
2024-12-03T11:51:50Z,00:00:11.000,5,SWIM_STROKE_TYPE_UNSPECIFIED,Charge 6
2024-12-03T12:28:49Z,00:00:14.000,5,SWIM_STROKE_TYPE_UNSPECIFIED,Charge 6
2024-12-03T16:47:10Z,00:00:14.000,7,SWIM_STROKE_TYPE_UNSPECIFIED,Charge 6
2024-12-04T08:51:00Z,00:00:07.000,8,SWIM_STROKE_TYPE_UNSPECIFIED,Charge 6
2024-12-04T09:06:56Z,00:00:14.000,13,SWIM_STROKE_TYPE_UNSPECIFIED,Charge 6
2024-12-04T09:07:23Z,00:00:07.000,6,SWIM_STROKE_TYPE_UNSPECIFIED,Charge 6
2024-12-04T09:07:37Z,00:00:07.000,7,SWIM_STROKE_TYPE_UNSPECIFIED,Charge 6
2024-12-04T09:08:00Z,00:00:07.000,5,SWIM_STROKE_TYPE_UNSPECIFIED,Charge 6
2024-12-04T09:09:35Z,00:00:12.000,12,SWIM_STROKE_TYPE_UNSPECIFIED,Charge 6
2024-12-04T09:16:20Z,00:00:15.000,14,SWIM_STROKE_TYPE_UNSPECIFIED,Charge 6
2024-12-04T09:18:09Z,00:00:46.000,27,SWIM_STROKE_TYPE_UNSPECIFIED,Charge 6
2024-12-04T09:25:31Z,00:00:07.000,6,SWIM_STROKE_TYPE_UNSPECIFIED,Charge 6
2024-12-04T09:35:56Z,00:00:09.000,10,SWIM_STROKE_TYPE_UNSPECIFIED,Charge 6
2024-12-04T09:56:59Z,00:00:25.000,24,SWIM_STROKE_TYPE_UNSPECIFIED,Charge 6
2024-12-04T09:59:43Z,00:00:54.000,27,SWIM_STROKE_TYPE_UNSPECIFIED,Charge 6
2024-12-04T10:09:45Z,00:00:35.000,22,SWIM_STROKE_TYPE_UNSPECIFIED,Charge 6
2024-12-04T11:11:55Z,00:00:12.000,12,SWIM_STROKE_TYPE_UNSPECIFIED,Charge 6
2024-12-04T11:17:12Z,00:00:53.000,27,SWIM_STROKE_TYPE_UNSPECIFIED,Charge 6
2024-12-04T11:36:23Z,00:00:12.000,11,SWIM_STROKE_TYPE_UNSPECIFIED,Charge 6
2024-12-04T11:38:07Z,00:00:09.000,10,SWIM_STROKE_TYPE_UNSPECIFIED,Charge 6
2024-12-04T11:59:51Z,00:00:36.000,27,SWIM_STROKE_TYPE_UNSPECIFIED,Charge 6
2024-12-04T12:00:49Z,00:00:28.000,26,SWIM_STROKE_TYPE_UNSPECIFIED,Charge 6
2024-12-05T09:07:47Z,00:00:17.000,20,SWIM_STROKE_TYPE_UNSPECIFIED,Charge 6
2024-12-05T09:09:34Z,00:00:23.000,25,SWIM_STROKE_TYPE_UNSPECIFIED,Charge 6
2024-12-05T09:10:36Z,00:00:09.000,9,SWIM_STROKE_TYPE_UNSPECIFIED,Charge 6
2024-12-05T09:11:53Z,00:00:19.000,19,SWIM_STROKE_TYPE_UNSPECIFIED,Charge 6
2024-12-05T09:20:32Z,00:00:08.000,9,SWIM_STROKE_TYPE_UNSPECIFIED,Charge 6
2024-12-05T09:20:47Z,00:00:15.000,16,SWIM_STROKE_TYPE_UNSPECIFIED,Charge 6
2024-12-05T09:26:59Z,00:00:35.000,21,SWIM_STROKE_TYPE_UNSPECIFIED,Charge 6
2024-12-05T09:27:41Z,00:00:07.000,8,SWIM_STROKE_TYPE_UNSPECIFIED,Charge 6
2024-12-05T09:35:14Z,00:00:13.000,12,SWIM_STROKE_TYPE_UNSPECIFIED,Charge 6
2024-12-05T09:42:47Z,00:00:12.000,11,SWIM_STROKE_TYPE_UNSPECIFIED,Charge 6
2024-12-05T09:43:20Z,00:00:12.000,13,SWIM_STROKE_TYPE_UNSPECIFIED,Charge 6
2024-12-05T09:44:15Z,00:00:30.000,27,SWIM_STROKE_TYPE_UNSPECIFIED,Charge 6
2024-12-05T09:46:22Z,00:00:21.000,19,SWIM_STROKE_TYPE_UNSPECIFIED,Charge 6
2024-12-05T09:46:54Z,00:00:09.000,5,SWIM_STROKE_TYPE_UNSPECIFIED,Charge 6
2024-12-05T09:51:19Z,00:00:56.000,27,SWIM_STROKE_TYPE_UNSPECIFIED,Charge 6
2024-12-05T10:23:24Z,00:00:25.000,23,SWIM_STROKE_TYPE_UNSPECIFIED,Charge 6
2024-12-05T10:41:11Z,00:00:29.000,25,SWIM_STROKE_TYPE_UNSPECIFIED,Charge 6
2024-12-05T10:41:48Z,00:00:12.000,11,SWIM_STROKE_TYPE_UNSPECIFIED,Charge 6
2024-12-05T10:42:28Z,00:00:57.000,27,SWIM_STROKE_TYPE_UNSPECIFIED,Charge 6
2024-12-05T17:02:37Z,00:00:10.000,5,SWIM_STROKE_TYPE_UNSPECIFIED,Charge 6
2024-12-06T07:28:33Z,00:00:14.000,5,SWIM_STROKE_TYPE_UNSPECIFIED,Charge 6
2024-12-06T07:40:05Z,00:00:16.000,6,SWIM_STROKE_TYPE_UNSPECIFIED,Charge 6
2024-12-06T07:41:27Z,00:00:12.000,6,SWIM_STROKE_TYPE_UNSPECIFIED,Charge 6
2024-12-06T08:03:12Z,00:00:08.000,9,SWIM_STROKE_TYPE_UNSPECIFIED,Charge 6
2024-12-06T08:03:39Z,00:00:26.000,25,SWIM_STROKE_TYPE_UNSPECIFIED,Charge 6
2024-12-06T08:04:19Z,00:00:10.000,12,SWIM_STROKE_TYPE_UNSPECIFIED,Charge 6
2024-12-06T08:06:50Z,00:00:10.000,11,SWIM_STROKE_TYPE_UNSPECIFIED,Charge 6
2024-12-06T08:15:49Z,00:00:24.000,16,SWIM_STROKE_TYPE_UNSPECIFIED,Charge 6
2024-12-06T08:28:45Z,00:00:12.000,11,SWIM_STROKE_TYPE_UNSPECIFIED,Charge 6
2024-12-06T08:34:33Z,00:00:15.000,16,SWIM_STROKE_TYPE_UNSPECIFIED,Charge 6
2024-12-06T08:48:43Z,00:00:17.000,14,SWIM_STROKE_TYPE_UNSPECIFIED,Charge 6
2024-12-06T08:50:16Z,00:00:33.000,27,SWIM_STROKE_TYPE_UNSPECIFIED,Charge 6
2024-12-06T08:52:02Z,00:00:22.000,11,SWIM_STROKE_TYPE_UNSPECIFIED,Charge 6
2024-12-06T08:56:39Z,00:00:16.000,7,SWIM_STROKE_TYPE_UNSPECIFIED,Charge 6
2024-12-06T10:02:40Z,00:00:19.000,6,SWIM_STROKE_TYPE_UNSPECIFIED,Charge 6
2024-12-06T10:44:32Z,00:00:21.000,7,SWIM_STROKE_TYPE_UNSPECIFIED,Charge 6
2024-12-06T11:16:04Z,00:00:20.000,5,SWIM_STROKE_TYPE_UNSPECIFIED,Charge 6
2024-12-06T11:16:42Z,00:00:23.000,7,SWIM_STROKE_TYPE_UNSPECIFIED,Charge 6
2024-12-06T11:19:52Z,00:00:30.000,7,SWIM_STROKE_TYPE_UNSPECIFIED,Charge 6
2024-12-06T11:21:19Z,00:00:28.000,6,SWIM_STROKE_TYPE_UNSPECIFIED,Charge 6
2024-12-06T11:22:43Z,00:00:31.000,8,SWIM_STROKE_TYPE_UNSPECIFIED,Charge 6
2024-12-06T11:26:45Z,00:00:23.000,5,SWIM_STROKE_TYPE_UNSPECIFIED,Charge 6
2024-12-06T11:27:23Z,00:00:08.000,5,SWIM_STROKE_TYPE_UNSPECIFIED,Charge 6
2024-12-06T15:56:04Z,00:00:12.000,5,SWIM_STROKE_TYPE_UNSPECIFIED,Charge 6
2024-12-06T21:43:15Z,00:00:07.000,7,SWIM_STROKE_TYPE_UNSPECIFIED,Charge 6
2024-12-07T09:24:25Z,00:00:15.000,7,SWIM_STROKE_TYPE_UNSPECIFIED,Charge 6
2024-12-07T16:38:19Z,00:00:08.000,5,SWIM_STROKE_TYPE_UNSPECIFIED,Charge 6
2024-12-07T21:38:52Z,00:00:13.000,6,SWIM_STROKE_TYPE_UNSPECIFIED,Charge 6
2024-12-07T21:53:25Z,00:00:15.000,5,SWIM_STROKE_TYPE_UNSPECIFIED,Charge 6
2024-12-08T12:42:32Z,00:00:11.000,11,SWIM_STROKE_TYPE_UNSPECIFIED,Charge 6
2024-12-08T12:42:57Z,00:00:10.000,10,SWIM_STROKE_TYPE_UNSPECIFIED,Charge 6
2024-12-08T12:43:23Z,00:00:16.000,10,SWIM_STROKE_TYPE_UNSPECIFIED,Charge 6
2024-12-08T13:32:30Z,00:00:13.000,13,SWIM_STROKE_TYPE_UNSPECIFIED,Charge 6
2024-12-08T14:57:22Z,00:00:11.000,5,SWIM_STROKE_TYPE_UNSPECIFIED,Charge 6
2024-12-08T16:32:22Z,00:00:15.000,6,SWIM_STROKE_TYPE_UNSPECIFIED,Charge 6
2024-12-08T17:37:58Z,00:00:54.000,27,SWIM_STROKE_TYPE_UNSPECIFIED,Charge 6
2024-12-09T06:02:39Z,00:00:11.000,5,SWIM_STROKE_TYPE_UNSPECIFIED,Charge 6
2024-12-09T10:35:16Z,00:00:17.000,10,SWIM_STROKE_TYPE_UNSPECIFIED,Charge 6
2024-12-09T10:40:30Z,00:00:10.000,7,SWIM_STROKE_TYPE_UNSPECIFIED,Charge 6
2024-12-09T10:43:22Z,00:00:26.000,18,SWIM_STROKE_TYPE_UNSPECIFIED,Charge 6
2024-12-09T10:45:02Z,00:00:14.000,12,SWIM_STROKE_TYPE_UNSPECIFIED,Charge 6
2024-12-09T11:29:17Z,00:00:17.000,13,SWIM_STROKE_TYPE_UNSPECIFIED,Charge 6
2024-12-09T12:57:09Z,00:00:23.000,9,SWIM_STROKE_TYPE_UNSPECIFIED,Charge 6
2024-12-09T14:07:22Z,00:00:08.000,6,SWIM_STROKE_TYPE_UNSPECIFIED,Charge 6
2024-12-09T14:07:52Z,00:00:10.000,10,SWIM_STROKE_TYPE_UNSPECIFIED,Charge 6
2024-12-09T14:38:27Z,00:00:14.000,5,SWIM_STROKE_TYPE_UNSPECIFIED,Charge 6
2024-12-09T15:02:34Z,00:00:08.000,8,SWIM_STROKE_TYPE_UNSPECIFIED,Charge 6
2024-12-09T15:03:14Z,00:00:24.000,24,SWIM_STROKE_TYPE_UNSPECIFIED,Charge 6
2024-12-09T15:13:44Z,00:00:17.000,16,SWIM_STROKE_TYPE_UNSPECIFIED,Charge 6
2024-12-09T22:39:03Z,00:00:10.000,7,SWIM_STROKE_TYPE_UNSPECIFIED,Charge 6
2024-12-10T15:50:16Z,00:00:22.000,9,SWIM_STROKE_TYPE_UNSPECIFIED,Charge 6
2024-12-10T15:51:42Z,00:00:10.000,5,SWIM_STROKE_TYPE_UNSPECIFIED,Charge 6
2024-12-10T19:57:03Z,00:00:15.000,5,SWIM_STROKE_TYPE_UNSPECIFIED,Charge 6
2024-12-11T08:02:43Z,00:00:11.000,5,SWIM_STROKE_TYPE_UNSPECIFIED,Charge 6
2024-12-11T10:26:23Z,00:00:10.000,5,SWIM_STROKE_TYPE_UNSPECIFIED,Charge 6
2024-12-11T15:42:04Z,00:00:20.000,19,SWIM_STROKE_TYPE_UNSPECIFIED,Charge 6
2024-12-11T15:44:09Z,00:00:19.000,11,SWIM_STROKE_TYPE_UNSPECIFIED,Charge 6
2024-12-11T15:57:12Z,00:00:21.000,7,SWIM_STROKE_TYPE_UNSPECIFIED,Charge 6
2024-12-11T16:06:58Z,00:00:22.000,11,SWIM_STROKE_TYPE_UNSPECIFIED,Charge 6
2024-12-11T16:11:38Z,00:00:13.000,13,SWIM_STROKE_TYPE_UNSPECIFIED,Charge 6
2024-12-11T16:29:39Z,00:00:10.000,9,SWIM_STROKE_TYPE_UNSPECIFIED,Charge 6
2024-12-11T16:51:01Z,00:00:11.000,5,SWIM_STROKE_TYPE_UNSPECIFIED,Charge 6
2024-12-11T16:54:54Z,00:00:09.000,5,SWIM_STROKE_TYPE_UNSPECIFIED,Charge 6
2024-12-11T17:01:31Z,00:00:08.000,6,SWIM_STROKE_TYPE_UNSPECIFIED,Charge 6
2024-12-11T17:01:47Z,00:00:08.000,6,SWIM_STROKE_TYPE_UNSPECIFIED,Charge 6
2024-12-11T17:09:13Z,00:00:14.000,5,SWIM_STROKE_TYPE_UNSPECIFIED,Charge 6
2024-12-11T17:21:30Z,00:00:14.000,6,SWIM_STROKE_TYPE_UNSPECIFIED,Charge 6
2024-12-11T17:22:17Z,00:00:16.000,7,SWIM_STROKE_TYPE_UNSPECIFIED,Charge 6
2024-12-11T18:00:17Z,00:00:08.000,8,SWIM_STROKE_TYPE_UNSPECIFIED,Charge 6
2024-12-11T20:22:20Z,00:00:40.000,6,SWIM_STROKE_TYPE_UNSPECIFIED,Charge 6
2024-12-11T22:27:02Z,00:00:10.000,5,SWIM_STROKE_TYPE_UNSPECIFIED,Charge 6
2024-12-11T23:31:36Z,00:00:19.000,6,SWIM_STROKE_TYPE_UNSPECIFIED,Charge 6
2024-12-12T10:08:46Z,00:00:14.000,5,SWIM_STROKE_TYPE_UNSPECIFIED,Charge 6
2024-12-12T14:15:38Z,00:00:11.000,6,SWIM_STROKE_TYPE_UNSPECIFIED,Charge 6
2024-12-12T14:16:37Z,00:00:13.000,5,SWIM_STROKE_TYPE_UNSPECIFIED,Charge 6
2024-12-12T14:17:41Z,00:00:23.000,7,SWIM_STROKE_TYPE_UNSPECIFIED,Charge 6
2024-12-12T19:10:46Z,00:00:21.000,9,SWIM_STROKE_TYPE_UNSPECIFIED,Charge 6
2024-12-13T07:01:21Z,00:00:15.000,13,SWIM_STROKE_TYPE_UNSPECIFIED,Charge 6
2024-12-13T07:58:59Z,00:00:11.000,11,SWIM_STROKE_TYPE_UNSPECIFIED,Charge 6
2024-12-13T14:44:05Z,00:00:13.000,5,SWIM_STROKE_TYPE_UNSPECIFIED,Charge 6
2024-12-13T14:48:04Z,00:00:07.000,8,SWIM_STROKE_TYPE_UNSPECIFIED,Charge 6
2024-12-13T15:07:26Z,00:00:11.000,12,SWIM_STROKE_TYPE_UNSPECIFIED,Charge 6
2024-12-13T15:08:22Z,00:00:26.000,27,SWIM_STROKE_TYPE_UNSPECIFIED,Charge 6
2024-12-14T09:02:09Z,00:00:17.000,6,SWIM_STROKE_TYPE_UNSPECIFIED,Charge 6
2024-12-14T10:33:12Z,00:00:10.000,8,SWIM_STROKE_TYPE_UNSPECIFIED,Charge 6
2024-12-14T11:57:42Z,00:00:14.000,5,SWIM_STROKE_TYPE_UNSPECIFIED,Charge 6
2024-12-14T12:00:59Z,00:00:19.000,6,SWIM_STROKE_TYPE_UNSPECIFIED,Charge 6
2024-12-15T12:15:22Z,00:00:10.000,6,SWIM_STROKE_TYPE_UNSPECIFIED,Charge 6
2024-12-15T13:08:37Z,00:00:09.000,10,SWIM_STROKE_TYPE_UNSPECIFIED,Charge 6
2024-12-15T13:09:50Z,00:00:13.000,11,SWIM_STROKE_TYPE_UNSPECIFIED,Charge 6
2024-12-15T13:16:19Z,00:00:08.000,9,SWIM_STROKE_TYPE_UNSPECIFIED,Charge 6
2024-12-15T13:17:40Z,00:00:13.000,9,SWIM_STROKE_TYPE_UNSPECIFIED,Charge 6
2024-12-15T13:19:18Z,00:00:16.000,7,SWIM_STROKE_TYPE_UNSPECIFIED,Charge 6
2024-12-15T15:14:53Z,00:00:16.000,11,SWIM_STROKE_TYPE_UNSPECIFIED,Charge 6
2024-12-15T15:15:25Z,00:00:28.000,25,SWIM_STROKE_TYPE_UNSPECIFIED,Charge 6
2024-12-15T19:35:52Z,00:00:14.000,7,SWIM_STROKE_TYPE_UNSPECIFIED,Charge 6
2024-12-15T19:38:18Z,00:00:13.000,5,SWIM_STROKE_TYPE_UNSPECIFIED,Charge 6
2024-12-15T21:21:32Z,00:00:11.000,5,SWIM_STROKE_TYPE_UNSPECIFIED,Charge 6
2024-12-15T22:35:48Z,00:00:12.000,6,SWIM_STROKE_TYPE_UNSPECIFIED,Charge 6
2024-12-15T22:36:09Z,00:00:21.000,7,SWIM_STROKE_TYPE_UNSPECIFIED,Charge 6
2024-12-15T22:36:40Z,00:00:15.000,11,SWIM_STROKE_TYPE_UNSPECIFIED,Charge 6
2024-12-16T10:06:30Z,00:00:09.000,10,SWIM_STROKE_TYPE_UNSPECIFIED,Charge 6
2024-12-16T13:58:49Z,00:00:08.000,5,SWIM_STROKE_TYPE_UNSPECIFIED,Charge 6
2024-12-16T15:05:32Z,00:00:10.000,5,SWIM_STROKE_TYPE_UNSPECIFIED,Charge 6
2024-12-18T11:05:34Z,00:00:09.000,8,SWIM_STROKE_TYPE_UNSPECIFIED,Charge 6
2024-12-18T13:05:21Z,00:00:16.000,5,SWIM_STROKE_TYPE_UNSPECIFIED,Charge 6
2024-12-18T13:05:56Z,00:00:34.000,7,SWIM_STROKE_TYPE_UNSPECIFIED,Charge 6
2024-12-18T13:06:40Z,00:00:33.000,8,SWIM_STROKE_TYPE_UNSPECIFIED,Charge 6
2024-12-18T13:09:27Z,00:00:22.000,6,SWIM_STROKE_TYPE_UNSPECIFIED,Charge 6
2024-12-18T13:09:58Z,00:00:15.000,5,SWIM_STROKE_TYPE_UNSPECIFIED,Charge 6
2024-12-18T13:14:31Z,00:00:17.000,5,SWIM_STROKE_TYPE_UNSPECIFIED,Charge 6
2024-12-18T17:20:51Z,00:00:14.000,17,SWIM_STROKE_TYPE_UNSPECIFIED,Charge 6
2024-12-18T17:21:14Z,00:00:08.000,10,SWIM_STROKE_TYPE_UNSPECIFIED,Charge 6
2024-12-18T19:22:32Z,00:00:15.000,15,SWIM_STROKE_TYPE_UNSPECIFIED,Charge 6
2024-12-19T10:46:49Z,00:00:15.000,10,SWIM_STROKE_TYPE_UNSPECIFIED,Charge 6
2024-12-19T10:47:11Z,00:00:33.000,23,SWIM_STROKE_TYPE_UNSPECIFIED,Charge 6
2024-12-19T11:16:38Z,00:00:15.000,5,SWIM_STROKE_TYPE_UNSPECIFIED,Charge 6
2024-12-19T11:18:39Z,00:00:20.000,5,SWIM_STROKE_TYPE_UNSPECIFIED,Charge 6
2024-12-19T11:19:51Z,00:00:23.000,5,SWIM_STROKE_TYPE_UNSPECIFIED,Charge 6
2024-12-19T11:21:41Z,00:00:35.000,7,SWIM_STROKE_TYPE_UNSPECIFIED,Charge 6
2024-12-19T11:23:34Z,00:00:29.000,8,SWIM_STROKE_TYPE_UNSPECIFIED,Charge 6
2024-12-19T11:53:31Z,00:00:16.000,6,SWIM_STROKE_TYPE_UNSPECIFIED,Charge 6
2024-12-19T13:19:55Z,00:00:14.000,6,SWIM_STROKE_TYPE_UNSPECIFIED,Charge 6
2024-12-19T13:20:49Z,00:00:32.000,14,SWIM_STROKE_TYPE_UNSPECIFIED,Charge 6
2024-12-19T13:23:14Z,00:00:10.000,6,SWIM_STROKE_TYPE_UNSPECIFIED,Charge 6
2024-12-19T13:23:33Z,00:00:16.000,5,SWIM_STROKE_TYPE_UNSPECIFIED,Charge 6
2024-12-19T13:24:01Z,00:00:26.000,6,SWIM_STROKE_TYPE_UNSPECIFIED,Charge 6
2024-12-19T13:26:55Z,00:00:23.000,8,SWIM_STROKE_TYPE_UNSPECIFIED,Charge 6
2024-12-19T13:30:34Z,00:00:28.000,11,SWIM_STROKE_TYPE_UNSPECIFIED,Charge 6
2024-12-19T13:43:20Z,00:00:10.000,10,SWIM_STROKE_TYPE_UNSPECIFIED,Charge 6
2024-12-19T13:43:36Z,00:00:10.000,5,SWIM_STROKE_TYPE_UNSPECIFIED,Charge 6
2024-12-20T13:35:18Z,00:00:16.000,5,SWIM_STROKE_TYPE_UNSPECIFIED,Charge 6
2024-12-20T22:46:22Z,00:00:13.000,5,SWIM_STROKE_TYPE_UNSPECIFIED,Charge 6
2024-12-21T10:03:23Z,00:00:18.000,8,SWIM_STROKE_TYPE_UNSPECIFIED,Charge 6
2024-12-21T15:30:16Z,00:00:16.000,6,SWIM_STROKE_TYPE_UNSPECIFIED,Charge 6
2024-12-22T15:40:15Z,00:00:08.000,5,SWIM_STROKE_TYPE_UNSPECIFIED,Charge 6
2024-12-22T15:41:12Z,00:00:12.000,9,SWIM_STROKE_TYPE_UNSPECIFIED,Charge 6
2024-12-22T15:42:00Z,00:00:08.000,8,SWIM_STROKE_TYPE_UNSPECIFIED,Charge 6
2024-12-22T15:42:20Z,00:00:15.000,16,SWIM_STROKE_TYPE_UNSPECIFIED,Charge 6
2024-12-22T15:43:24Z,00:00:17.000,11,SWIM_STROKE_TYPE_UNSPECIFIED,Charge 6
2024-12-22T15:43:49Z,00:00:10.000,8,SWIM_STROKE_TYPE_UNSPECIFIED,Charge 6
2024-12-23T09:25:37Z,00:00:12.000,5,SWIM_STROKE_TYPE_UNSPECIFIED,Charge 6
2024-12-24T11:07:44Z,00:00:11.000,5,SWIM_STROKE_TYPE_UNSPECIFIED,Charge 6
2024-12-24T11:13:45Z,00:00:30.000,7,SWIM_STROKE_TYPE_UNSPECIFIED,Charge 6
2024-12-24T11:15:09Z,00:00:28.000,7,SWIM_STROKE_TYPE_UNSPECIFIED,Charge 6
2024-12-24T11:17:38Z,00:00:23.000,5,SWIM_STROKE_TYPE_UNSPECIFIED,Charge 6
2024-12-24T11:27:01Z,00:00:12.000,6,SWIM_STROKE_TYPE_UNSPECIFIED,Charge 6
2024-12-24T13:57:40Z,00:00:30.000,11,SWIM_STROKE_TYPE_UNSPECIFIED,Charge 6
2024-12-24T13:58:47Z,00:00:11.000,5,SWIM_STROKE_TYPE_UNSPECIFIED,Charge 6
2024-12-24T19:39:51Z,00:00:12.000,5,SWIM_STROKE_TYPE_UNSPECIFIED,Charge 6
2024-12-24T19:44:53Z,00:00:30.000,7,SWIM_STROKE_TYPE_UNSPECIFIED,Charge 6
2024-12-25T11:43:03Z,00:00:11.000,5,SWIM_STROKE_TYPE_UNSPECIFIED,Charge 6
2024-12-26T12:41:43Z,00:00:11.000,5,SWIM_STROKE_TYPE_UNSPECIFIED,Charge 6
2024-12-26T13:01:35Z,00:00:17.000,5,SWIM_STROKE_TYPE_UNSPECIFIED,Charge 6
2024-12-26T13:36:11Z,00:00:09.000,5,SWIM_STROKE_TYPE_UNSPECIFIED,Charge 6
2024-12-27T10:20:57Z,00:00:22.000,8,SWIM_STROKE_TYPE_UNSPECIFIED,Charge 6
2024-12-27T10:22:09Z,00:00:11.000,5,SWIM_STROKE_TYPE_UNSPECIFIED,Charge 6
2024-12-27T12:29:18Z,00:00:08.000,5,SWIM_STROKE_TYPE_UNSPECIFIED,Charge 6
2024-12-27T13:59:26Z,00:00:09.000,5,SWIM_STROKE_TYPE_UNSPECIFIED,Charge 6
2024-12-27T20:29:20Z,00:00:18.000,6,SWIM_STROKE_TYPE_UNSPECIFIED,Charge 6
2024-12-28T01:07:58Z,00:00:11.000,5,SWIM_STROKE_TYPE_UNSPECIFIED,Charge 6
2024-12-28T17:50:00Z,00:00:14.000,13,SWIM_STROKE_TYPE_UNSPECIFIED,Charge 6
2024-12-28T17:59:27Z,00:00:17.000,10,SWIM_STROKE_TYPE_UNSPECIFIED,Charge 6
2024-12-28T17:59:50Z,00:00:11.000,11,SWIM_STROKE_TYPE_UNSPECIFIED,Charge 6
2024-12-28T18:00:27Z,00:00:19.000,14,SWIM_STROKE_TYPE_UNSPECIFIED,Charge 6
2024-12-29T17:42:35Z,00:00:23.000,15,SWIM_STROKE_TYPE_UNSPECIFIED,Charge 6
2024-12-29T17:45:58Z,00:00:26.000,9,SWIM_STROKE_TYPE_UNSPECIFIED,Charge 6
2024-12-29T20:02:48Z,00:00:12.000,5,SWIM_STROKE_TYPE_UNSPECIFIED,Charge 6
2024-12-30T08:14:04Z,00:00:22.000,8,SWIM_STROKE_TYPE_UNSPECIFIED,Charge 6
2024-12-30T08:54:08Z,00:00:25.000,5,SWIM_STROKE_TYPE_UNSPECIFIED,Charge 6
2024-12-30T08:55:36Z,00:00:50.000,8,SWIM_STROKE_TYPE_UNSPECIFIED,Charge 6
2024-12-30T08:56:42Z,00:00:41.000,8,SWIM_STROKE_TYPE_UNSPECIFIED,Charge 6
2024-12-30T11:09:46Z,00:00:10.000,7,SWIM_STROKE_TYPE_UNSPECIFIED,Charge 6
2024-12-30T11:55:41Z,00:00:13.000,5,SWIM_STROKE_TYPE_UNSPECIFIED,Charge 6
2024-12-30T13:58:03Z,00:00:09.000,5,SWIM_STROKE_TYPE_UNSPECIFIED,Charge 6
2024-12-30T13:58:22Z,00:00:11.000,8,SWIM_STROKE_TYPE_UNSPECIFIED,Charge 6
2024-12-30T14:03:48Z,00:00:18.000,7,SWIM_STROKE_TYPE_UNSPECIFIED,Charge 6
2024-12-30T14:05:33Z,00:00:23.000,5,SWIM_STROKE_TYPE_UNSPECIFIED,Charge 6
2024-12-30T14:06:10Z,00:00:39.000,11,SWIM_STROKE_TYPE_UNSPECIFIED,Charge 6
2024-12-31T11:01:51Z,00:00:12.000,6,SWIM_STROKE_TYPE_UNSPECIFIED,Charge 6
