date,fasting_state,fasting_hours,mounjaro_mg,hunger_score,notes,created_at
2013-07-10,baseline,,,,historical_fasting_import: Baseline,2026-03-20 21:37:09.567049
2013-07-11,baseline,,,,historical_fasting_import: Baseline,2026-03-20 21:37:09.567049
2013-07-12,baseline,,,,historical_fasting_import: Baseline,2026-03-20 21:37:09.567049
2013-07-13,baseline,,,,historical_fasting_import: Baseline,2026-03-20 21:37:09.567049
2013-07-14,baseline,,,,historical_fasting_import: Baseline,2026-03-20 21:37:09.567049
2013-07-15,baseline,,,,historical_fasting_import: Baseline,2026-03-20 21:37:09.567049
2013-07-16,baseline,,,,historical_fasting_import: Baseline,2026-03-20 21:37:09.567049
2013-07-17,baseline,,,,historical_fasting_import: Baseline,2026-03-20 21:37:09.567049
2013-07-18,baseline,,,,historical_fasting_import: Baseline,2026-03-20 21:37:09.567049
2013-07-19,baseline,,,,historical_fasting_import: Baseline,2026-03-20 21:37:09.567049
2013-07-20,baseline,,,,historical_fasting_import: Baseline,2026-03-20 21:37:09.567049
2013-07-21,baseline,,,,historical_fasting_import: Baseline,2026-03-20 21:37:09.567049
2013-07-22,baseline,,,,historical_fasting_import: Baseline,2026-03-20 21:37:09.567049
2013-07-23,baseline,,,,historical_fasting_import: Baseline,2026-03-20 21:37:09.567049
2014-03-13,baseline,,,,historical_fasting_import: Baseline,2026-03-20 21:37:09.567049
2014-03-14,baseline,,,,historical_fasting_import: Baseline,2026-03-20 21:37:09.567049
2014-03-18,baseline,,,,historical_fasting_import: Baseline,2026-03-20 21:37:09.567049
2014-03-19,baseline,,,,historical_fasting_import: Baseline,2026-03-20 21:37:09.567049
2014-03-20,baseline,,,,historical_fasting_import: Baseline,2026-03-20 21:37:09.567049
2014-03-21,baseline,,,,historical_fasting_import: Baseline,2026-03-20 21:37:09.567049
2014-03-22,baseline,,,,historical_fasting_import: Baseline,2026-03-20 21:37:09.567049
2014-03-23,baseline,,,,historical_fasting_import: Baseline,2026-03-20 21:37:09.567049
2014-03-24,baseline,,,,historical_fasting_import: Baseline,2026-03-20 21:37:09.567049
2014-03-25,baseline,,,,historical_fasting_import: Baseline,2026-03-20 21:37:09.567049
2014-04-06,baseline,,,,historical_fasting_import: Baseline,2026-03-20 21:37:09.567049
2014-04-07,baseline,,,,historical_fasting_import: Baseline,2026-03-20 21:37:09.567049
2014-04-08,baseline,,,,historical_fasting_import: Baseline,2026-03-20 21:37:09.567049
2014-04-09,baseline,,,,historical_fasting_import: Baseline,2026-03-20 21:37:09.567049
2014-04-16,baseline,,,,historical_fasting_import: Baseline,2026-03-20 21:37:09.567049
2015-09-12,baseline,,,,historical_fasting_import: Baseline,2026-03-20 21:37:09.567049
2015-09-13,baseline,,,,historical_fasting_import: Baseline,2026-03-20 21:37:09.567049
2015-09-14,baseline,,,,historical_fasting_import: Baseline,2026-03-20 21:37:09.567049
2015-09-15,baseline,,,,historical_fasting_import: Baseline,2026-03-20 21:37:09.567049
2015-09-16,baseline,,,,historical_fasting_import: Baseline,2026-03-20 21:37:09.567049
2015-09-17,baseline,,,,historical_fasting_import: Baseline,2026-03-20 21:37:09.567049
2015-09-18,baseline,,,,historical_fasting_import: Baseline,2026-03-20 21:37:09.567049
2015-09-21,baseline,,,,historical_fasting_import: Baseline,2026-03-20 21:37:09.567049
2015-12-07,baseline,,,,historical_fasting_import: Baseline,2026-03-20 21:37:09.567049
2015-12-08,baseline,,,,historical_fasting_import: Baseline,2026-03-20 21:37:09.567049
2015-12-16,baseline,,,,historical_fasting_import: Baseline,2026-03-20 21:37:09.567049
2016-01-12,baseline,,,,historical_fasting_import: Baseline,2026-03-20 21:37:09.567049
2016-03-24,baseline,,,,historical_fasting_import: Baseline,2026-03-20 21:37:09.567049
2016-03-25,baseline,,,,historical_fasting_import: Baseline,2026-03-20 21:37:09.567049
2016-03-26,baseline,,,,historical_fasting_import: Baseline,2026-03-20 21:37:09.567049
2016-03-27,baseline,,,,historical_fasting_import: Baseline,2026-03-20 21:37:09.567049
2016-03-28,baseline,,,,historical_fasting_import: Baseline,2026-03-20 21:37:09.567049
2016-03-29,baseline,,,,historical_fasting_import: Baseline,2026-03-20 21:37:09.567049
2016-03-30,baseline,,,,historical_fasting_import: Baseline,2026-03-20 21:37:09.567049
2016-03-31,baseline,,,,historical_fasting_import: Baseline,2026-03-20 21:37:09.567049
2019-10-23,if,16.0,,,historical_fasting_import: IF,2026-03-20 21:37:09.567049
2019-10-24,if,16.0,,,historical_fasting_import: IF,2026-03-20 21:37:09.567049
2019-10-25,if,16.0,,,historical_fasting_import: IF,2026-03-20 21:37:09.567049
2019-10-26,if,16.0,,,historical_fasting_import: IF,2026-03-20 21:37:09.567049
2019-10-27,if,16.0,,,historical_fasting_import: IF,2026-03-20 21:37:09.567049
2019-10-28,if,16.0,,,historical_fasting_import: IF,2026-03-20 21:37:09.567049
2019-10-29,if,16.0,,,historical_fasting_import: IF,2026-03-20 21:37:09.567049
2019-10-30,if,16.0,,,historical_fasting_import: IF,2026-03-20 21:37:09.567049
2019-10-31,if,16.0,,,historical_fasting_import: IF,2026-03-20 21:37:09.567049
2019-11-01,if,16.0,,,historical_fasting_import: IF,2026-03-20 21:37:09.567049
2019-11-02,if,16.0,,,historical_fasting_import: IF,2026-03-20 21:37:09.567049
2019-11-03,if,16.0,,,historical_fasting_import: IF,2026-03-20 21:37:09.567049
2019-11-04,if,16.0,,,historical_fasting_import: IF,2026-03-20 21:37:09.567049
2019-11-05,if,16.0,,,historical_fasting_import: IF,2026-03-20 21:37:09.567049
2019-11-06,if,16.0,,,historical_fasting_import: IF,2026-03-20 21:37:09.567049
2019-11-07,if,16.0,,,historical_fasting_import: IF,2026-03-20 21:37:09.567049
2019-11-08,if,16.0,,,historical_fasting_import: IF,2026-03-20 21:37:09.567049
2019-11-09,if,16.0,,,historical_fasting_import: IF,2026-03-20 21:37:09.567049
2019-11-10,if,16.0,,,historical_fasting_import: IF,2026-03-20 21:37:09.567049
2019-11-11,if,16.0,,,historical_fasting_import: IF,2026-03-20 21:37:09.567049
2019-11-12,if,16.0,,,historical_fasting_import: IF,2026-03-20 21:37:09.567049
2019-11-13,if,16.0,,,historical_fasting_import: IF,2026-03-20 21:37:09.567049
2019-11-14,if,16.0,,,historical_fasting_import: IF,2026-03-20 21:37:09.567049
2019-11-15,if,16.0,,,historical_fasting_import: IF,2026-03-20 21:37:09.567049
2019-11-16,if,16.0,,,historical_fasting_import: IF,2026-03-20 21:37:09.567049
2019-11-17,if,16.0,,,historical_fasting_import: IF,2026-03-20 21:37:09.567049
2019-11-18,if,16.0,,,historical_fasting_import: IF,2026-03-20 21:37:09.567049
2019-11-19,if,16.0,,,historical_fasting_import: IF,2026-03-20 21:37:09.567049
2019-11-20,if,16.0,,,historical_fasting_import: IF,2026-03-20 21:37:09.567049
2019-11-21,if,16.0,,,historical_fasting_import: IF,2026-03-20 21:37:09.567049
2019-11-22,if,16.0,,,historical_fasting_import: IF,2026-03-20 21:37:09.567049
2019-11-23,if,16.0,,,historical_fasting_import: IF,2026-03-20 21:37:09.567049
2019-11-24,if,16.0,,,historical_fasting_import: IF,2026-03-20 21:37:09.567049
2019-11-25,if,16.0,,,historical_fasting_import: IF,2026-03-20 21:37:09.567049
2019-11-26,if,16.0,,,historical_fasting_import: IF,2026-03-20 21:37:09.567049
2019-11-27,if,16.0,,,historical_fasting_import: IF,2026-03-20 21:37:09.567049
2019-11-28,if,16.0,,,historical_fasting_import: IF,2026-03-20 21:37:09.567049
2019-11-29,if,16.0,,,historical_fasting_import: IF,2026-03-20 21:37:09.567049
2019-11-30,if,16.0,,,historical_fasting_import: IF,2026-03-20 21:37:09.567049
2019-12-01,if,16.0,,,historical_fasting_import: IF,2026-03-20 21:37:09.567049
2019-12-02,if,16.0,,,historical_fasting_import: IF,2026-03-20 21:37:09.567049
2019-12-03,if,16.0,,,historical_fasting_import: IF,2026-03-20 21:37:09.567049
2019-12-04,if,16.0,,,historical_fasting_import: IF,2026-03-20 21:37:09.567049
2019-12-05,if,16.0,,,historical_fasting_import: IF,2026-03-20 21:37:09.567049
2019-12-06,if,16.0,,,historical_fasting_import: IF,2026-03-20 21:37:09.567049
2019-12-07,if,16.0,,,historical_fasting_import: IF,2026-03-20 21:37:09.567049
2019-12-08,if,16.0,,,historical_fasting_import: IF,2026-03-20 21:37:09.567049
2019-12-09,if,16.0,,,historical_fasting_import: IF,2026-03-20 21:37:09.567049
2019-12-10,if,16.0,,,historical_fasting_import: IF,2026-03-20 21:37:09.567049
2019-12-11,if,16.0,,,historical_fasting_import: IF,2026-03-20 21:37:09.567049
2019-12-12,if,16.0,,,historical_fasting_import: IF,2026-03-20 21:37:09.567049
2019-12-13,if,16.0,,,historical_fasting_import: IF,2026-03-20 21:37:09.567049
2019-12-14,if,16.0,,,historical_fasting_import: IF,2026-03-20 21:37:09.567049
2019-12-15,if,16.0,,,historical_fasting_import: IF,2026-03-20 21:37:09.567049
2019-12-16,if,16.0,,,historical_fasting_import: IF,2026-03-20 21:37:09.567049
2019-12-17,if,16.0,,,historical_fasting_import: IF,2026-03-20 21:37:09.567049
2019-12-18,if,16.0,,,historical_fasting_import: IF,2026-03-20 21:37:09.567049
2019-12-19,if,16.0,,,historical_fasting_import: IF,2026-03-20 21:37:09.567049
2019-12-20,if,16.0,,,historical_fasting_import: IF,2026-03-20 21:37:09.567049
2019-12-21,if,16.0,,,historical_fasting_import: IF,2026-03-20 21:37:09.567049
2019-12-22,if,16.0,,,historical_fasting_import: IF,2026-03-20 21:37:09.567049
2019-12-23,if,16.0,,,historical_fasting_import: IF,2026-03-20 21:37:09.567049
2019-12-24,if,16.0,,,historical_fasting_import: IF,2026-03-20 21:37:09.567049
2019-12-25,if,16.0,,,historical_fasting_import: IF,2026-03-20 21:37:09.567049
2019-12-26,if,16.0,,,historical_fasting_import: IF,2026-03-20 21:37:09.567049
2019-12-27,if,16.0,,,historical_fasting_import: IF,2026-03-20 21:37:09.567049
2019-12-28,if,16.0,,,historical_fasting_import: IF,2026-03-20 21:37:09.567049
2019-12-29,if,16.0,,,historical_fasting_import: IF,2026-03-20 21:37:09.567049
2019-12-30,if,16.0,,,historical_fasting_import: IF,2026-03-20 21:37:09.567049
2019-12-31,if,16.0,,,historical_fasting_import: IF,2026-03-20 21:37:09.567049
2020-01-01,if,16.0,,,historical_fasting_import: IF,2026-03-20 21:37:09.567049
2020-01-02,if,16.0,,,historical_fasting_import: IF,2026-03-20 21:37:09.567049
2020-01-03,if,16.0,,,historical_fasting_import: IF,2026-03-20 21:37:09.567049
2020-01-04,if,16.0,,,historical_fasting_import: IF,2026-03-20 21:37:09.567049
2020-01-05,if,16.0,,,historical_fasting_import: IF,2026-03-20 21:37:09.567049
2020-01-06,if,16.0,,,historical_fasting_import: IF,2026-03-20 21:37:09.567049
2020-01-07,if,16.0,,,historical_fasting_import: IF,2026-03-20 21:37:09.567049
2020-01-08,if,16.0,,,historical_fasting_import: IF,2026-03-20 21:37:09.567049
2020-01-09,if,16.0,,,historical_fasting_import: IF,2026-03-20 21:37:09.567049
2020-01-10,if,16.0,,,historical_fasting_import: IF,2026-03-20 21:37:09.567049
2020-01-11,if,16.0,,,historical_fasting_import: IF,2026-03-20 21:37:09.567049
2020-01-12,if,16.0,,,historical_fasting_import: IF,2026-03-20 21:37:09.567049
2020-01-13,if,16.0,,,historical_fasting_import: IF,2026-03-20 21:37:09.567049
2020-01-14,if,16.0,,,historical_fasting_import: IF,2026-03-20 21:37:09.567049
2020-01-15,if,16.0,,,historical_fasting_import: IF,2026-03-20 21:37:09.567049
2020-01-16,if,16.0,,,historical_fasting_import: IF,2026-03-20 21:37:09.567049
2020-01-17,if,16.0,,,historical_fasting_import: IF,2026-03-20 21:37:09.567049
2020-01-18,if,16.0,,,historical_fasting_import: IF,2026-03-20 21:37:09.567049
2020-01-19,if,16.0,,,historical_fasting_import: IF,2026-03-20 21:37:09.567049
2020-01-20,if,16.0,,,historical_fasting_import: IF,2026-03-20 21:37:09.567049
2020-01-21,if,16.0,,,historical_fasting_import: IF,2026-03-20 21:37:09.567049
2020-01-22,if,16.0,,,historical_fasting_import: IF,2026-03-20 21:37:09.567049
2020-01-23,if,16.0,,,historical_fasting_import: IF,2026-03-20 21:37:09.567049
2020-01-24,if,16.0,,,historical_fasting_import: IF,2026-03-20 21:37:09.567049
2020-01-25,if,16.0,,,historical_fasting_import: IF,2026-03-20 21:37:09.567049
2020-01-26,if,16.0,,,historical_fasting_import: IF,2026-03-20 21:37:09.567049
2020-01-27,if,16.0,,,historical_fasting_import: IF,2026-03-20 21:37:09.567049
2020-01-28,if,16.0,,,historical_fasting_import: IF,2026-03-20 21:37:09.567049
2020-01-29,if,16.0,,,historical_fasting_import: IF,2026-03-20 21:37:09.567049
2020-01-30,if,16.0,,,historical_fasting_import: IF,2026-03-20 21:37:09.567049
2020-01-31,if,16.0,,,historical_fasting_import: IF,2026-03-20 21:37:09.567049
2020-02-01,if,16.0,,,historical_fasting_import: IF,2026-03-20 21:37:09.567049
2020-02-02,if,16.0,,,historical_fasting_import: IF,2026-03-20 21:37:09.567049
2020-02-03,if,16.0,,,historical_fasting_import: IF,2026-03-20 21:37:09.567049
2020-02-04,if,16.0,,,historical_fasting_import: IF,2026-03-20 21:37:09.567049
2020-02-05,if,16.0,,,historical_fasting_import: IF,2026-03-20 21:37:09.567049
2020-02-06,if,16.0,,,historical_fasting_import: IF,2026-03-20 21:37:09.567049
2020-02-07,if,16.0,,,historical_fasting_import: IF,2026-03-20 21:37:09.567049
2020-02-08,if,16.0,,,historical_fasting_import: IF,2026-03-20 21:37:09.567049
2020-02-09,if,16.0,,,historical_fasting_import: IF,2026-03-20 21:37:09.567049
2020-02-10,if,16.0,,,historical_fasting_import: IF,2026-03-20 21:37:09.567049
2020-02-11,if,16.0,,,historical_fasting_import: IF,2026-03-20 21:37:09.567049
2020-02-12,if,16.0,,,historical_fasting_import: IF,2026-03-20 21:37:09.567049
2020-02-13,if,16.0,,,historical_fasting_import: IF,2026-03-20 21:37:09.567049
2020-02-14,if,16.0,,,historical_fasting_import: IF,2026-03-20 21:37:09.567049
2020-02-15,if,16.0,,,historical_fasting_import: IF,2026-03-20 21:37:09.567049
2020-02-16,if,16.0,,,historical_fasting_import: IF,2026-03-20 21:37:09.567049
2020-02-17,if,16.0,,,historical_fasting_import: IF,2026-03-20 21:37:09.567049
2020-02-18,if,16.0,,,historical_fasting_import: IF,2026-03-20 21:37:09.567049
2020-02-19,if,16.0,,,historical_fasting_import: IF,2026-03-20 21:37:09.567049
2020-02-20,if,16.0,,,historical_fasting_import: IF,2026-03-20 21:37:09.567049
2020-02-21,if,16.0,,,historical_fasting_import: IF,2026-03-20 21:37:09.567049
2020-02-22,if,16.0,,,historical_fasting_import: IF,2026-03-20 21:37:09.567049
2020-02-23,if,16.0,,,historical_fasting_import: IF,2026-03-20 21:37:09.567049
2020-02-24,if,16.0,,,historical_fasting_import: IF,2026-03-20 21:37:09.567049
2020-02-25,if,16.0,,,historical_fasting_import: IF,2026-03-20 21:37:09.567049
2020-02-26,if,16.0,,,historical_fasting_import: IF,2026-03-20 21:37:09.567049
2020-02-27,if,16.0,,,historical_fasting_import: IF,2026-03-20 21:37:09.567049
2020-02-28,if,16.0,,,historical_fasting_import: IF,2026-03-20 21:37:09.567049
2020-02-29,if,16.0,,,historical_fasting_import: IF,2026-03-20 21:37:09.567049
2020-03-01,if,16.0,,,historical_fasting_import: IF,2026-03-20 21:37:09.567049
2020-03-02,extended_fast,72.0,,,historical_fasting_import: EF,2026-03-20 21:37:09.567049
2020-03-03,extended_fast,72.0,,,historical_fasting_import: EF,2026-03-20 21:37:09.567049
2020-03-04,extended_fast,72.0,,,historical_fasting_import: EF,2026-03-20 21:37:09.567049
2020-03-05,normal,,,,historical_fasting_import: Normal,2026-03-20 21:37:09.567049
2020-03-06,normal,,,,historical_fasting_import: Normal,2026-03-20 21:37:09.567049
2020-03-07,normal,,,,historical_fasting_import: Normal,2026-03-20 21:37:09.567049
2020-03-08,normal,,,,historical_fasting_import: Normal,2026-03-20 21:37:09.567049
2020-03-09,extended_fast,72.0,,,historical_fasting_import: EF,2026-03-20 21:37:09.567049
2020-03-10,extended_fast,72.0,,,historical_fasting_import: EF,2026-03-20 21:37:09.567049
2020-03-11,extended_fast,72.0,,,historical_fasting_import: EF,2026-03-20 21:37:09.567049
2020-03-12,normal,,,,historical_fasting_import: Normal,2026-03-20 21:37:09.567049
2020-03-13,normal,,,,historical_fasting_import: Normal,2026-03-20 21:37:09.567049
2020-03-14,normal,,,,historical_fasting_import: Normal,2026-03-20 21:37:09.567049
2020-03-15,normal,,,,historical_fasting_import: Normal,2026-03-20 21:37:09.567049
2020-03-16,omad,23.0,,,historical_fasting_import: OMAD,2026-03-20 21:37:09.567049
2020-03-17,extended_fast,48.0,,,historical_fasting_import: EF,2026-03-20 21:37:09.567049
2020-03-18,extended_fast,48.0,,,historical_fasting_import: EF,2026-03-20 21:37:09.567049
2020-03-19,normal,,,,historical_fasting_import: Normal,2026-03-20 21:37:09.567049
2020-03-20,normal,,,,historical_fasting_import: Normal,2026-03-20 21:37:09.567049
2020-03-21,normal,,,,historical_fasting_import: Normal,2026-03-20 21:37:09.567049
2020-03-22,omad,23.0,,,historical_fasting_import: OMAD,2026-03-20 21:37:09.567049
2020-03-23,normal,,,,historical_fasting_import: Normal,2026-03-20 21:37:09.567049
2020-03-24,omad,23.0,,,historical_fasting_import: OMAD,2026-03-20 21:37:09.567049
2020-03-25,normal,,,,historical_fasting_import: Normal,2026-03-20 21:37:09.567049
2020-03-26,normal,,,,historical_fasting_import: Normal,2026-03-20 21:37:09.567049
2020-03-27,omad,23.0,,,historical_fasting_import: OMAD,2026-03-20 21:37:09.567049
2020-03-28,omad,23.0,,,historical_fasting_import: OMAD,2026-03-20 21:37:09.567049
2020-03-29,extended_fast,24.0,,,historical_fasting_import: EF,2026-03-20 21:37:09.567049
2020-03-30,normal,,,,historical_fasting_import: Normal,2026-03-20 21:37:09.567049
2020-03-31,normal,,,,historical_fasting_import: Normal,2026-03-20 21:37:09.567049
2020-04-01,normal,,,,historical_fasting_import: Normal,2026-03-20 21:37:09.567049
2020-04-02,normal,,,,historical_fasting_import: Normal,2026-03-20 21:37:09.567049
2020-04-03,normal,,,,historical_fasting_import: Normal,2026-03-20 21:37:09.567049
2020-04-04,normal,,,,historical_fasting_import: Normal,2026-03-20 21:37:09.567049
2020-04-05,normal,,,,historical_fasting_import: Normal,2026-03-20 21:37:09.567049
2020-04-06,normal,,,,historical_fasting_import: Normal,2026-03-20 21:37:09.567049
2020-04-07,normal,,,,historical_fasting_import: Normal,2026-03-20 21:37:09.567049
2020-04-08,normal,,,,historical_fasting_import: Normal,2026-03-20 21:37:09.567049
2020-04-09,normal,,,,historical_fasting_import: Normal,2026-03-20 21:37:09.567049
2020-04-10,normal,,,,historical_fasting_import: Normal,2026-03-20 21:37:09.567049
2020-04-11,normal,,,,historical_fasting_import: Normal,2026-03-20 21:37:09.567049
2020-04-12,normal,,,,historical_fasting_import: Normal,2026-03-20 21:37:09.567049
2020-04-13,normal,,,,historical_fasting_import: Normal,2026-03-20 21:37:09.567049
2020-04-14,normal,,,,historical_fasting_import: Normal,2026-03-20 21:37:09.567049
2020-04-15,normal,,,,historical_fasting_import: Normal,2026-03-20 21:37:09.567049
2020-04-16,normal,,,,historical_fasting_import: Normal,2026-03-20 21:37:09.567049
2020-04-17,normal,,,,historical_fasting_import: Normal,2026-03-20 21:37:09.567049
2020-04-18,normal,,,,historical_fasting_import: Normal,2026-03-20 21:37:09.567049
2020-04-19,normal,,,,historical_fasting_import: Normal,2026-03-20 21:37:09.567049
2020-04-20,normal,,,,historical_fasting_import: Normal,2026-03-20 21:37:09.567049
2020-04-21,normal,,,,historical_fasting_import: Normal,2026-03-20 21:37:09.567049
2020-04-22,normal,,,,historical_fasting_import: Normal,2026-03-20 21:37:09.567049
2020-04-23,normal,,,,historical_fasting_import: Normal,2026-03-20 21:37:09.567049
2020-04-24,normal,,,,historical_fasting_import: Normal,2026-03-20 21:37:09.567049
2020-04-25,normal,,,,historical_fasting_import: Normal,2026-03-20 21:37:09.567049
2020-04-26,normal,,,,historical_fasting_import: Normal,2026-03-20 21:37:09.567049
2020-04-27,omad,23.0,,,historical_fasting_import: OMAD,2026-03-20 21:37:09.567049
2020-04-28,omad,23.0,,,historical_fasting_import: OMAD,2026-03-20 21:37:09.567049
2020-04-29,normal,,,,historical_fasting_import: Normal,2026-03-20 21:37:09.567049
2020-04-30,normal,,,,historical_fasting_import: Normal,2026-03-20 21:37:09.567049
2020-05-01,normal,,,,historical_fasting_import: Normal,2026-03-20 21:37:09.567049
2020-05-02,normal,,,,historical_fasting_import: Normal,2026-03-20 21:37:09.567049
2020-05-03,normal,,,,historical_fasting_import: Normal,2026-03-20 21:37:09.567049
2020-05-04,normal,,,,historical_fasting_import: Normal,2026-03-20 21:37:09.567049
2020-05-05,normal,,,,historical_fasting_import: Normal,2026-03-20 21:37:09.567049
2020-05-06,extended_fast,48.0,,,historical_fasting_import: EF,2026-03-20 21:37:09.567049
2020-05-07,extended_fast,48.0,,,historical_fasting_import: EF,2026-03-20 21:37:09.567049
2020-05-08,omad,23.0,,,historical_fasting_import: OMAD,2026-03-20 21:37:09.567049
2020-05-09,omad,23.0,,,historical_fasting_import: OMAD,2026-03-20 21:37:09.567049
2020-05-10,normal,,,,historical_fasting_import: Normal,2026-03-20 21:37:09.567049
2020-05-11,normal,,,,historical_fasting_import: Normal,2026-03-20 21:37:09.567049
2020-05-12,normal,,,,historical_fasting_import: Normal,2026-03-20 21:37:09.567049
2020-05-13,normal,,,,historical_fasting_import: Normal,2026-03-20 21:37:09.567049
2020-05-14,omad,23.0,,,historical_fasting_import: OMAD,2026-03-20 21:37:09.567049
2020-05-15,normal,,,,historical_fasting_import: Normal,2026-03-20 21:37:09.567049
2020-05-16,normal,,,,historical_fasting_import: Normal,2026-03-20 21:37:09.567049
2020-05-17,omad,23.0,,,historical_fasting_import: OMAD,2026-03-20 21:37:09.567049
2020-05-18,normal,,,,historical_fasting_import: Normal,2026-03-20 21:37:09.567049
2020-05-19,normal,,,,historical_fasting_import: Normal,2026-03-20 21:37:09.567049
2020-05-20,normal,,,,historical_fasting_import: Normal,2026-03-20 21:37:09.567049
2020-05-21,normal,,,,historical_fasting_import: Normal,2026-03-20 21:37:09.567049
2020-05-22,normal,,,,historical_fasting_import: Normal,2026-03-20 21:37:09.567049
2020-05-23,normal,,,,historical_fasting_import: Normal,2026-03-20 21:37:09.567049
2020-05-24,normal,,,,historical_fasting_import: Normal,2026-03-20 21:37:09.567049
2020-05-25,normal,,,,historical_fasting_import: Normal,2026-03-20 21:37:09.567049
2020-05-26,normal,,,,historical_fasting_import: Normal,2026-03-20 21:37:09.567049
2020-05-27,normal,,,,historical_fasting_import: Normal,2026-03-20 21:37:09.567049
2020-05-28,normal,,,,historical_fasting_import: Normal,2026-03-20 21:37:09.567049
2020-05-29,normal,,,,historical_fasting_import: Normal,2026-03-20 21:37:09.567049
2020-05-30,normal,,,,historical_fasting_import: Normal,2026-03-20 21:37:09.567049
2020-05-31,normal,,,,historical_fasting_import: Normal,2026-03-20 21:37:09.567049
2020-06-01,normal,,,,historical_fasting_import: Normal,2026-03-20 21:37:09.567049
2020-06-02,normal,,,,historical_fasting_import: Normal,2026-03-20 21:37:09.567049
2020-06-03,normal,,,,historical_fasting_import: Normal,2026-03-20 21:37:09.567049
2020-06-04,omad,23.0,,,historical_fasting_import: OMAD,2026-03-20 21:37:09.567049
2020-06-05,normal,,,,historical_fasting_import: Normal,2026-03-20 21:37:09.567049
2020-06-06,omad,23.0,,,historical_fasting_import: OMAD,2026-03-20 21:37:09.567049
2020-06-07,omad,23.0,,,historical_fasting_import: OMAD,2026-03-20 21:37:09.567049
2020-06-08,omad,23.0,,,historical_fasting_import: OMAD,2026-03-20 21:37:09.567049
2020-06-09,normal,,,,historical_fasting_import: Normal,2026-03-20 21:37:09.567049
2020-06-10,normal,,,,historical_fasting_import: Normal,2026-03-20 21:37:09.567049
2020-06-11,normal,,,,historical_fasting_import: Normal,2026-03-20 21:37:09.567049
2020-06-12,normal,,,,historical_fasting_import: Normal,2026-03-20 21:37:09.567049
2020-06-13,normal,,,,historical_fasting_import: Normal,2026-03-20 21:37:09.567049
2020-06-14,normal,,,,historical_fasting_import: Normal,2026-03-20 21:37:09.567049
2020-06-15,normal,,,,historical_fasting_import: Normal,2026-03-20 21:37:09.567049
2020-06-16,normal,,,,historical_fasting_import: Normal,2026-03-20 21:37:09.567049
2020-06-17,normal,,,,historical_fasting_import: Normal,2026-03-20 21:37:09.567049
2020-06-18,normal,,,,historical_fasting_import: Normal,2026-03-20 21:37:09.567049
2020-06-19,extended_fast,336.0,,,historical_fasting_import: EF,2026-03-20 21:37:09.567049
2020-06-20,extended_fast,336.0,,,historical_fasting_import: EF,2026-03-20 21:37:09.567049
2020-06-21,extended_fast,336.0,,,historical_fasting_import: EF,2026-03-20 21:37:09.567049
2020-06-22,extended_fast,336.0,,,historical_fasting_import: EF,2026-03-20 21:37:09.567049
2020-06-23,extended_fast,336.0,,,historical_fasting_import: EF,2026-03-20 21:37:09.567049
2020-06-24,extended_fast,336.0,,,historical_fasting_import: EF,2026-03-20 21:37:09.567049
2020-06-25,extended_fast,336.0,,,historical_fasting_import: EF,2026-03-20 21:37:09.567049
2020-06-26,extended_fast,336.0,,,historical_fasting_import: EF,2026-03-20 21:37:09.567049
2020-06-27,extended_fast,336.0,,,historical_fasting_import: EF,2026-03-20 21:37:09.567049
2020-06-28,extended_fast,336.0,,,historical_fasting_import: EF,2026-03-20 21:37:09.567049
2020-06-29,extended_fast,336.0,,,historical_fasting_import: EF,2026-03-20 21:37:09.567049
2020-06-30,extended_fast,336.0,,,historical_fasting_import: EF,2026-03-20 21:37:09.567049
2020-07-01,extended_fast,336.0,,,historical_fasting_import: EF,2026-03-20 21:37:09.567049
2020-07-02,extended_fast,336.0,,,historical_fasting_import: EF,2026-03-20 21:37:09.567049
2020-07-03,normal,,,,historical_fasting_import: Normal,2026-03-20 21:37:09.567049
2020-07-04,normal,,,,historical_fasting_import: Normal,2026-03-20 21:37:09.567049
2020-07-05,normal,,,,historical_fasting_import: Normal,2026-03-20 21:37:09.567049
2020-07-06,normal,,,,historical_fasting_import: Normal,2026-03-20 21:37:09.567049
2020-07-07,normal,,,,historical_fasting_import: Normal,2026-03-20 21:37:09.567049
2020-07-08,normal,,,,historical_fasting_import: Normal,2026-03-20 21:37:09.567049
2020-07-09,normal,,,,historical_fasting_import: Normal,2026-03-20 21:37:09.567049
2020-07-10,normal,,,,historical_fasting_import: Normal,2026-03-20 21:37:09.567049
2020-07-11,normal,,,,historical_fasting_import: Normal,2026-03-20 21:37:09.567049
2020-07-12,normal,,,,historical_fasting_import: Normal,2026-03-20 21:37:09.567049
2020-07-13,normal,,,,historical_fasting_import: Normal,2026-03-20 21:37:09.567049
2020-07-14,normal,,,,historical_fasting_import: Normal,2026-03-20 21:37:09.567049
2020-07-15,normal,,,,historical_fasting_import: Normal,2026-03-20 21:37:09.567049
2020-07-16,normal,,,,historical_fasting_import: Normal,2026-03-20 21:37:09.567049
2020-07-17,normal,,,,historical_fasting_import: Normal,2026-03-20 21:37:09.567049
2020-07-18,normal,,,,historical_fasting_import: Normal,2026-03-20 21:37:09.567049
2020-07-19,normal,,,,historical_fasting_import: Normal,2026-03-20 21:37:09.567049
2020-07-20,normal,,,,historical_fasting_import: Normal,2026-03-20 21:37:09.567049
2020-07-21,normal,,,,historical_fasting_import: Normal,2026-03-20 21:37:09.567049
2020-07-22,normal,,,,historical_fasting_import: Normal,2026-03-20 21:37:09.567049
2020-07-23,normal,,,,historical_fasting_import: Normal,2026-03-20 21:37:09.567049
2020-07-24,normal,,,,historical_fasting_import: Normal,2026-03-20 21:37:09.567049
2020-07-25,normal,,,,historical_fasting_import: Normal,2026-03-20 21:37:09.567049
2020-07-26,normal,,,,historical_fasting_import: Normal,2026-03-20 21:37:09.567049
2020-07-27,normal,,,,historical_fasting_import: Normal,2026-03-20 21:37:09.567049
2020-07-28,normal,,,,historical_fasting_import: Normal,2026-03-20 21:37:09.567049
2020-07-29,normal,,,,historical_fasting_import: Normal,2026-03-20 21:37:09.567049
2020-07-30,normal,,,,historical_fasting_import: Normal,2026-03-20 21:37:09.567049
2020-08-18,omad,23.0,,,historical_fasting_import: OMAD,2026-03-20 21:37:09.567049
2020-08-19,normal,,,,historical_fasting_import: Normal,2026-03-20 21:37:09.567049
2020-08-20,normal,,,,historical_fasting_import: Normal,2026-03-20 21:37:09.567049
2020-08-21,normal,,,,historical_fasting_import: Normal,2026-03-20 21:37:09.567049
2020-08-22,normal,,,,historical_fasting_import: Normal,2026-03-20 21:37:09.567049
2020-08-23,normal,,,,historical_fasting_import: Normal,2026-03-20 21:37:09.567049
2020-08-24,omad,23.0,,,historical_fasting_import: OMAD,2026-03-20 21:37:09.567049
2020-08-25,omad,23.0,,,historical_fasting_import: OMAD,2026-03-20 21:37:09.567049
2020-08-26,normal,,,,historical_fasting_import: Normal,2026-03-20 21:37:09.567049
2020-08-27,normal,,,,historical_fasting_import: Normal,2026-03-20 21:37:09.567049
2020-08-28,normal,,,,historical_fasting_import: Normal,2026-03-20 21:37:09.567049
2020-08-29,normal,,,,historical_fasting_import: Normal,2026-03-20 21:37:09.567049
2020-08-30,normal,,,,historical_fasting_import: Normal,2026-03-20 21:37:09.567049
2020-08-31,normal,,,,historical_fasting_import: Normal,2026-03-20 21:37:09.567049
2020-09-01,normal,,,,historical_fasting_import: Normal,2026-03-20 21:37:09.567049
2020-09-02,omad,23.0,,,historical_fasting_import: OMAD,2026-03-20 21:37:09.567049
2020-09-03,omad,23.0,,,historical_fasting_import: OMAD,2026-03-20 21:37:09.567049
2020-09-04,normal,,,,historical_fasting_import: Normal,2026-03-20 21:37:09.567049
2020-09-05,extended_fast,312.0,,,historical_fasting_import: EF,2026-03-20 21:37:09.567049
2020-09-06,extended_fast,312.0,,,historical_fasting_import: EF,2026-03-20 21:37:09.567049
2020-09-07,extended_fast,312.0,,,historical_fasting_import: EF,2026-03-20 21:37:09.567049
2020-09-08,extended_fast,312.0,,,historical_fasting_import: EF,2026-03-20 21:37:09.567049
2020-09-09,extended_fast,312.0,,,historical_fasting_import: EF,2026-03-20 21:37:09.567049
2020-09-10,extended_fast,312.0,,,historical_fasting_import: EF,2026-03-20 21:37:09.567049
2020-09-11,extended_fast,312.0,,,historical_fasting_import: EF,2026-03-20 21:37:09.567049
2020-09-12,extended_fast,312.0,,,historical_fasting_import: EF,2026-03-20 21:37:09.567049
2020-09-13,extended_fast,312.0,,,historical_fasting_import: EF,2026-03-20 21:37:09.567049
2020-09-14,extended_fast,312.0,,,historical_fasting_import: EF,2026-03-20 21:37:09.567049
2020-09-15,extended_fast,312.0,,,historical_fasting_import: EF,2026-03-20 21:37:09.567049
2020-09-16,extended_fast,312.0,,,historical_fasting_import: EF,2026-03-20 21:37:09.567049
2020-09-17,extended_fast,312.0,,,historical_fasting_import: EF,2026-03-20 21:37:09.567049
2020-09-18,normal,,,,historical_fasting_import: Normal,2026-03-20 21:37:09.567049
2020-09-19,normal,,,,historical_fasting_import: Normal,2026-03-20 21:37:09.567049
2020-09-20,normal,,,,historical_fasting_import: Normal,2026-03-20 21:37:09.567049
2020-09-21,normal,,,,historical_fasting_import: Normal,2026-03-20 21:37:09.567049
2020-09-22,normal,,,,historical_fasting_import: Normal,2026-03-20 21:37:09.567049
2020-09-23,omad,23.0,,,historical_fasting_import: OMAD,2026-03-20 21:37:09.567049
2020-09-24,omad,23.0,,,historical_fasting_import: OMAD,2026-03-20 21:37:09.567049
2020-09-25,normal,,,,historical_fasting_import: Normal,2026-03-20 21:37:09.567049
2020-09-26,normal,,,,historical_fasting_import: Normal,2026-03-20 21:37:09.567049
2020-09-27,normal,,,,historical_fasting_import: Normal,2026-03-20 21:37:09.567049
2020-09-28,normal,,,,historical_fasting_import: Normal,2026-03-20 21:37:09.567049
2020-09-29,normal,,,,historical_fasting_import: Normal,2026-03-20 21:37:09.567049
2020-09-30,normal,,,,historical_fasting_import: Normal,2026-03-20 21:37:09.567049
2020-10-01,normal,,,,historical_fasting_import: Normal,2026-03-20 21:37:09.567049
2020-10-02,normal,,,,historical_fasting_import: Normal,2026-03-20 21:37:09.567049
2020-10-03,omad,23.0,,,historical_fasting_import: OMAD,2026-03-20 21:37:09.567049
2020-10-04,omad,23.0,,,historical_fasting_import: OMAD,2026-03-20 21:37:09.567049
2020-10-05,omad,23.0,,,historical_fasting_import: OMAD,2026-03-20 21:37:09.567049
2020-10-06,normal,,,,historical_fasting_import: Normal,2026-03-20 21:37:09.567049
2020-10-07,normal,,,,historical_fasting_import: Normal,2026-03-20 21:37:09.567049
2020-10-08,omad,23.0,,,historical_fasting_import: OMAD,2026-03-20 21:37:09.567049
2020-10-09,normal,,,,historical_fasting_import: Normal,2026-03-20 21:37:09.567049
2020-10-10,omad,23.0,,,historical_fasting_import: OMAD,2026-03-20 21:37:09.567049
2020-10-11,normal,,,,historical_fasting_import: Normal,2026-03-20 21:37:09.567049
2020-10-12,normal,,,,historical_fasting_import: Normal,2026-03-20 21:37:09.567049
2020-10-13,omad,23.0,,,historical_fasting_import: OMAD,2026-03-20 21:37:09.567049
2020-10-14,normal,,,,historical_fasting_import: Normal,2026-03-20 21:37:09.567049
2020-10-15,omad,23.0,,,historical_fasting_import: OMAD,2026-03-20 21:37:09.567049
2020-10-16,omad,23.0,,,historical_fasting_import: OMAD,2026-03-20 21:37:09.567049
2020-10-17,omad,23.0,,,historical_fasting_import: OMAD,2026-03-20 21:37:09.567049
2020-10-18,normal,,,,historical_fasting_import: Normal,2026-03-20 21:37:09.567049
2020-10-19,normal,,,,historical_fasting_import: Normal,2026-03-20 21:37:09.567049
2020-10-20,normal,,,,historical_fasting_import: Normal,2026-03-20 21:37:09.567049
2020-10-21,normal,,,,historical_fasting_import: Normal,2026-03-20 21:37:09.567049
2020-10-22,normal,,,,historical_fasting_import: Normal,2026-03-20 21:37:09.567049
2020-10-23,normal,,,,historical_fasting_import: Normal,2026-03-20 21:37:09.567049
2020-10-24,normal,,,,historical_fasting_import: Normal,2026-03-20 21:37:09.567049
2020-10-25,normal,,,,historical_fasting_import: Normal,2026-03-20 21:37:09.567049
2020-10-26,normal,,,,historical_fasting_import: Normal,2026-03-20 21:37:09.567049
2020-10-27,normal,,,,historical_fasting_import: Normal,2026-03-20 21:37:09.567049
2020-10-28,normal,,,,historical_fasting_import: Normal,2026-03-20 21:37:09.567049
2020-10-29,normal,,,,historical_fasting_import: Normal,2026-03-20 21:37:09.567049
2020-10-30,normal,,,,historical_fasting_import: Normal,2026-03-20 21:37:09.567049
2020-10-31,extended_fast,72.0,,,historical_fasting_import: EF,2026-03-20 21:37:09.567049
2020-11-01,extended_fast,72.0,,,historical_fasting_import: EF,2026-03-20 21:37:09.567049
2020-11-02,extended_fast,72.0,,,historical_fasting_import: EF,2026-03-20 21:37:09.567049
2020-11-03,omad,23.0,,,historical_fasting_import: OMAD,2026-03-20 21:37:09.567049
2020-11-04,normal,,,,historical_fasting_import: Normal,2026-03-20 21:37:09.567049
2020-11-05,normal,,,,historical_fasting_import: Normal,2026-03-20 21:37:09.567049
2020-11-06,normal,,,,historical_fasting_import: Normal,2026-03-20 21:37:09.567049
2020-11-07,normal,,,,historical_fasting_import: Normal,2026-03-20 21:37:09.567049
2020-11-08,normal,,,,historical_fasting_import: Normal,2026-03-20 21:37:09.567049
2020-11-09,normal,,,,historical_fasting_import: Normal,2026-03-20 21:37:09.567049
2020-11-10,normal,,,,historical_fasting_import: Normal,2026-03-20 21:37:09.567049
2020-11-11,normal,,,,historical_fasting_import: Normal,2026-03-20 21:37:09.567049
2020-11-12,normal,,,,historical_fasting_import: Normal,2026-03-20 21:37:09.567049
2020-11-13,normal,,,,historical_fasting_import: Normal,2026-03-20 21:37:09.567049
2020-11-14,normal,,,,historical_fasting_import: Normal,2026-03-20 21:37:09.567049
2020-11-15,normal,,,,historical_fasting_import: Normal,2026-03-20 21:37:09.567049
2020-11-16,normal,,,,historical_fasting_import: Normal,2026-03-20 21:37:09.567049
2020-11-17,normal,,,,historical_fasting_import: Normal,2026-03-20 21:37:09.567049
2020-11-18,normal,,,,historical_fasting_import: Normal,2026-03-20 21:37:09.567049
2020-11-19,normal,,,,historical_fasting_import: Normal,2026-03-20 21:37:09.567049
2020-11-20,normal,,,,historical_fasting_import: Normal,2026-03-20 21:37:09.567049
2020-11-21,normal,,,,historical_fasting_import: Normal,2026-03-20 21:37:09.567049
2020-11-22,normal,,,,historical_fasting_import: Normal,2026-03-20 21:37:09.567049
2020-11-23,normal,,,,historical_fasting_import: Normal,2026-03-20 21:37:09.567049
2020-11-24,normal,,,,historical_fasting_import: Normal,2026-03-20 21:37:09.567049
2020-11-25,normal,,,,historical_fasting_import: Normal,2026-03-20 21:37:09.567049
2020-11-26,omad,23.0,,,historical_fasting_import: OMAD,2026-03-20 21:37:09.567049
2020-11-27,normal,,,,historical_fasting_import: Normal,2026-03-20 21:37:09.567049
2020-11-28,normal,,,,historical_fasting_import: Normal,2026-03-20 21:37:09.567049
2020-11-29,normal,,,,historical_fasting_import: Normal,2026-03-20 21:37:09.567049
2020-11-30,normal,,,,historical_fasting_import: Normal,2026-03-20 21:37:09.567049
2020-12-01,normal,,,,historical_fasting_import: Normal,2026-03-20 21:37:09.567049
2020-12-02,omad,23.0,,,historical_fasting_import: OMAD,2026-03-20 21:37:09.567049
2020-12-03,normal,,,,historical_fasting_import: Normal,2026-03-20 21:37:09.567049
2020-12-04,normal,,,,historical_fasting_import: Normal,2026-03-20 21:37:09.567049
2020-12-05,normal,,,,historical_fasting_import: Normal,2026-03-20 21:37:09.567049
2020-12-06,normal,,,,historical_fasting_import: Normal,2026-03-20 21:37:09.567049
2020-12-07,normal,,,,historical_fasting_import: Normal,2026-03-20 21:37:09.567049
2020-12-08,normal,,,,historical_fasting_import: Normal,2026-03-20 21:37:09.567049
2020-12-09,normal,,,,historical_fasting_import: Normal,2026-03-20 21:37:09.567049
2020-12-10,normal,,,,historical_fasting_import: Normal,2026-03-20 21:37:09.567049
2020-12-11,normal,,,,historical_fasting_import: Normal,2026-03-20 21:37:09.567049
2020-12-12,normal,,,,historical_fasting_import: Normal,2026-03-20 21:37:09.567049
2020-12-13,normal,,,,historical_fasting_import: Normal,2026-03-20 21:37:09.567049
2020-12-14,normal,,,,historical_fasting_import: Normal,2026-03-20 21:37:09.567049
2020-12-15,normal,,,,historical_fasting_import: Normal,2026-03-20 21:37:09.567049
2020-12-16,normal,,,,historical_fasting_import: Normal,2026-03-20 21:37:09.567049
2020-12-17,normal,,,,historical_fasting_import: Normal,2026-03-20 21:37:09.567049
2020-12-18,normal,,,,historical_fasting_import: Normal,2026-03-20 21:37:09.567049
2020-12-19,normal,,,,historical_fasting_import: Normal,2026-03-20 21:37:09.567049
2020-12-20,normal,,,,historical_fasting_import: Normal,2026-03-20 21:37:09.567049
2020-12-21,normal,,,,historical_fasting_import: Normal,2026-03-20 21:37:09.567049
2020-12-22,normal,,,,historical_fasting_import: Normal,2026-03-20 21:37:09.567049
2020-12-23,normal,,,,historical_fasting_import: Normal,2026-03-20 21:37:09.567049
2020-12-24,normal,,,,historical_fasting_import: Normal,2026-03-20 21:37:09.567049
2020-12-25,normal,,,,historical_fasting_import: Normal,2026-03-20 21:37:09.567049
2020-12-26,normal,,,,historical_fasting_import: Normal,2026-03-20 21:37:09.567049
2020-12-27,omad,23.0,,,historical_fasting_import: OMAD,2026-03-20 21:37:09.567049
2020-12-28,omad,23.0,,,historical_fasting_import: OMAD,2026-03-20 21:37:09.567049
2020-12-29,normal,,,,historical_fasting_import: Normal,2026-03-20 21:37:09.567049
2020-12-30,normal,,,,historical_fasting_import: Normal,2026-03-20 21:37:09.567049
2020-12-31,normal,,,,historical_fasting_import: Normal,2026-03-20 21:37:09.567049
2021-01-01,normal,,,,historical_fasting_import: Normal,2026-03-20 21:37:09.567049
2021-01-02,normal,,,,historical_fasting_import: Normal,2026-03-20 21:37:09.567049
2021-01-03,normal,,,,historical_fasting_import: Normal,2026-03-20 21:37:09.567049
2021-01-04,normal,,,,historical_fasting_import: Normal,2026-03-20 21:37:09.567049
2021-01-05,normal,,,,historical_fasting_import: Normal,2026-03-20 21:37:09.567049
2021-01-06,normal,,,,historical_fasting_import: Normal,2026-03-20 21:37:09.567049
2021-01-07,normal,,,,historical_fasting_import: Normal,2026-03-20 21:37:09.567049
2021-01-08,normal,,,,historical_fasting_import: Normal,2026-03-20 21:37:09.567049
2021-01-09,normal,,,,historical_fasting_import: Normal,2026-03-20 21:37:09.567049
2021-01-10,normal,,,,historical_fasting_import: Normal,2026-03-20 21:37:09.567049
2021-01-11,normal,,,,historical_fasting_import: Normal,2026-03-20 21:37:09.567049
2021-01-12,normal,,,,historical_fasting_import: Normal,2026-03-20 21:37:09.567049
2021-01-13,normal,,,,historical_fasting_import: Normal,2026-03-20 21:37:09.567049
2021-01-14,normal,,,,historical_fasting_import: Normal,2026-03-20 21:37:09.567049
2021-01-15,normal,,,,historical_fasting_import: Normal,2026-03-20 21:37:09.567049
2021-01-16,normal,,,,historical_fasting_import: Normal,2026-03-20 21:37:09.567049
2021-01-17,normal,,,,historical_fasting_import: Normal,2026-03-20 21:37:09.567049
2021-01-18,normal,,,,historical_fasting_import: Normal,2026-03-20 21:37:09.567049
2021-01-19,normal,,,,historical_fasting_import: Normal,2026-03-20 21:37:09.567049
2021-01-20,normal,,,,historical_fasting_import: Normal,2026-03-20 21:37:09.567049
2021-01-21,normal,,,,historical_fasting_import: Normal,2026-03-20 21:37:09.567049
2021-01-22,normal,,,,historical_fasting_import: Normal,2026-03-20 21:37:09.567049
2021-01-23,normal,,,,historical_fasting_import: Normal,2026-03-20 21:37:09.567049
2021-01-24,normal,,,,historical_fasting_import: Normal,2026-03-20 21:37:09.567049
2021-01-25,extended_fast,336.0,,,historical_fasting_import: EF,2026-03-20 21:37:09.567049
2021-01-26,extended_fast,336.0,,,historical_fasting_import: EF,2026-03-20 21:37:09.567049
2021-01-27,extended_fast,336.0,,,historical_fasting_import: EF,2026-03-20 21:37:09.567049
2021-01-28,extended_fast,336.0,,,historical_fasting_import: EF,2026-03-20 21:37:09.567049
2021-01-29,extended_fast,336.0,,,historical_fasting_import: EF,2026-03-20 21:37:09.567049
2021-01-30,extended_fast,336.0,,,historical_fasting_import: EF,2026-03-20 21:37:09.567049
2021-01-31,extended_fast,336.0,,,historical_fasting_import: EF,2026-03-20 21:37:09.567049
2021-02-01,extended_fast,336.0,,,historical_fasting_import: EF,2026-03-20 21:37:09.567049
2021-02-02,extended_fast,336.0,,,historical_fasting_import: EF,2026-03-20 21:37:09.567049
2021-02-03,extended_fast,336.0,,,historical_fasting_import: EF,2026-03-20 21:37:09.567049
2021-02-04,extended_fast,336.0,,,historical_fasting_import: EF,2026-03-20 21:37:09.567049
2021-02-05,extended_fast,336.0,,,historical_fasting_import: EF,2026-03-20 21:37:09.567049
2021-02-06,extended_fast,336.0,,,historical_fasting_import: EF,2026-03-20 21:37:09.567049
2021-02-07,extended_fast,336.0,,,historical_fasting_import: EF,2026-03-20 21:37:09.567049
2021-02-08,omad,23.0,,,historical_fasting_import: OMAD,2026-03-20 21:37:09.567049
2021-02-09,normal,,,,historical_fasting_import: Normal,2026-03-20 21:37:09.567049
2021-02-10,normal,,,,historical_fasting_import: Normal,2026-03-20 21:37:09.567049
2021-02-11,normal,,,,historical_fasting_import: Normal,2026-03-20 21:37:09.567049
2021-02-12,normal,,,,historical_fasting_import: Normal,2026-03-20 21:37:09.567049
2021-02-13,normal,,,,historical_fasting_import: Normal,2026-03-20 21:37:09.567049
2021-02-14,normal,,,,historical_fasting_import: Normal,2026-03-20 21:37:09.567049
2021-02-15,normal,,,,historical_fasting_import: Normal,2026-03-20 21:37:09.567049
2021-02-16,normal,,,,historical_fasting_import: Normal,2026-03-20 21:37:09.567049
2021-02-17,normal,,,,historical_fasting_import: Normal,2026-03-20 21:37:09.567049
2021-02-18,normal,,,,historical_fasting_import: Normal,2026-03-20 21:37:09.567049
2021-02-19,normal,,,,historical_fasting_import: Normal,2026-03-20 21:37:09.567049
2021-02-20,normal,,,,historical_fasting_import: Normal,2026-03-20 21:37:09.567049
2021-02-21,normal,,,,historical_fasting_import: Normal,2026-03-20 21:37:09.567049
2021-02-22,normal,,,,historical_fasting_import: Normal,2026-03-20 21:37:09.567049
2021-02-23,normal,,,,historical_fasting_import: Normal,2026-03-20 21:37:09.567049
2021-02-24,normal,,,,historical_fasting_import: Normal,2026-03-20 21:37:09.567049
2021-02-25,normal,,,,historical_fasting_import: Normal,2026-03-20 21:37:09.567049
2021-02-26,normal,,,,historical_fasting_import: Normal,2026-03-20 21:37:09.567049
2021-02-27,normal,,,,historical_fasting_import: Normal,2026-03-20 21:37:09.567049
2021-02-28,normal,,,,historical_fasting_import: Normal,2026-03-20 21:37:09.567049
2021-03-01,normal,,,,historical_fasting_import: Normal,2026-03-20 21:37:09.567049
2021-03-02,normal,,,,historical_fasting_import: Normal,2026-03-20 21:37:09.567049
2021-03-03,normal,,,,historical_fasting_import: Normal,2026-03-20 21:37:09.567049
2021-03-04,normal,,,,historical_fasting_import: Normal,2026-03-20 21:37:09.567049
2021-03-05,normal,,,,historical_fasting_import: Normal,2026-03-20 21:37:09.567049
2021-03-06,normal,,,,historical_fasting_import: Normal,2026-03-20 21:37:09.567049
2021-03-07,normal,,,,historical_fasting_import: Normal,2026-03-20 21:37:09.567049
2021-03-08,normal,,,,historical_fasting_import: Normal,2026-03-20 21:37:09.567049
2021-03-09,normal,,,,historical_fasting_import: Normal,2026-03-20 21:37:09.567049
2021-03-10,normal,,,,historical_fasting_import: Normal,2026-03-20 21:37:09.567049
2021-03-11,normal,,,,historical_fasting_import: Normal,2026-03-20 21:37:09.567049
2021-03-12,normal,,,,historical_fasting_import: Normal,2026-03-20 21:37:09.567049
2021-03-13,normal,,,,historical_fasting_import: Normal,2026-03-20 21:37:09.567049
2021-03-14,normal,,,,historical_fasting_import: Normal,2026-03-20 21:37:09.567049
2021-03-15,normal,,,,historical_fasting_import: Normal,2026-03-20 21:37:09.567049
2021-03-16,normal,,,,historical_fasting_import: Normal,2026-03-20 21:37:09.567049
2021-03-17,normal,,,,historical_fasting_import: Normal,2026-03-20 21:37:09.567049
2021-03-18,normal,,,,historical_fasting_import: Normal,2026-03-20 21:37:09.567049
2021-03-19,normal,,,,historical_fasting_import: Normal,2026-03-20 21:37:09.567049
2021-03-20,normal,,,,historical_fasting_import: Normal,2026-03-20 21:37:09.567049
2021-03-21,normal,,,,historical_fasting_import: Normal,2026-03-20 21:37:09.567049
2021-03-22,normal,,,,historical_fasting_import: Normal,2026-03-20 21:37:09.567049
2021-03-23,normal,,,,historical_fasting_import: Normal,2026-03-20 21:37:09.567049
2021-03-24,normal,,,,historical_fasting_import: Normal,2026-03-20 21:37:09.567049
2021-03-25,normal,,,,historical_fasting_import: Normal,2026-03-20 21:37:09.567049
2021-03-26,normal,,,,historical_fasting_import: Normal,2026-03-20 21:37:09.567049
2021-03-27,normal,,,,historical_fasting_import: Normal,2026-03-20 21:37:09.567049
2021-03-28,normal,,,,historical_fasting_import: Normal,2026-03-20 21:37:09.567049
2021-03-29,normal,,,,historical_fasting_import: Normal,2026-03-20 21:37:09.567049
2021-03-30,normal,,,,historical_fasting_import: Normal,2026-03-20 21:37:09.567049
2021-03-31,normal,,,,historical_fasting_import: Normal,2026-03-20 21:37:09.567049
2021-04-01,normal,,,,historical_fasting_import: Normal,2026-03-20 21:37:09.567049
2021-04-02,normal,,,,historical_fasting_import: Normal,2026-03-20 21:37:09.567049
2021-04-03,normal,,,,historical_fasting_import: Normal,2026-03-20 21:37:09.567049
2021-04-04,normal,,,,historical_fasting_import: Normal,2026-03-20 21:37:09.567049
2021-04-05,normal,,,,historical_fasting_import: Normal,2026-03-20 21:37:09.567049
2021-04-06,normal,,,,historical_fasting_import: Normal,2026-03-20 21:37:09.567049
2021-04-07,normal,,,,historical_fasting_import: Normal,2026-03-20 21:37:09.567049
2021-04-08,normal,,,,historical_fasting_import: Normal,2026-03-20 21:37:09.567049
2021-04-09,normal,,,,historical_fasting_import: Normal,2026-03-20 21:37:09.567049
2021-04-10,normal,,,,historical_fasting_import: Normal,2026-03-20 21:37:09.567049
2021-04-11,normal,,,,historical_fasting_import: Normal,2026-03-20 21:37:09.567049
2021-04-12,normal,,,,historical_fasting_import: Normal,2026-03-20 21:37:09.567049
2021-04-13,normal,,,,historical_fasting_import: Normal,2026-03-20 21:37:09.567049
2021-04-14,normal,,,,historical_fasting_import: Normal,2026-03-20 21:37:09.567049
2021-04-15,normal,,,,historical_fasting_import: Normal,2026-03-20 21:37:09.567049
2021-04-16,normal,,,,historical_fasting_import: Normal,2026-03-20 21:37:09.567049
2021-04-17,normal,,,,historical_fasting_import: Normal,2026-03-20 21:37:09.567049
2021-04-18,omad,23.0,,,historical_fasting_import: OMAD,2026-03-20 21:37:09.567049
2021-04-19,extended_fast,360.0,,,historical_fasting_import: EF,2026-03-20 21:37:09.567049
2021-04-20,extended_fast,360.0,,,historical_fasting_import: EF,2026-03-20 21:37:09.567049
2021-04-21,extended_fast,360.0,,,historical_fasting_import: EF,2026-03-20 21:37:09.567049
2021-04-22,extended_fast,360.0,,,historical_fasting_import: EF,2026-03-20 21:37:09.567049
2021-04-23,extended_fast,360.0,,,historical_fasting_import: EF,2026-03-20 21:37:09.567049
2021-04-24,extended_fast,360.0,,,historical_fasting_import: EF,2026-03-20 21:37:09.567049
2021-04-25,extended_fast,360.0,,,historical_fasting_import: EF,2026-03-20 21:37:09.567049
2021-04-26,extended_fast,360.0,,,historical_fasting_import: EF,2026-03-20 21:37:09.567049
2021-04-27,extended_fast,360.0,,,historical_fasting_import: EF,2026-03-20 21:37:09.567049
2021-04-28,extended_fast,360.0,,,historical_fasting_import: EF,2026-03-20 21:37:09.567049
2021-04-29,extended_fast,360.0,,,historical_fasting_import: EF,2026-03-20 21:37:09.567049
2021-04-30,extended_fast,360.0,,,historical_fasting_import: EF,2026-03-20 21:37:09.567049
2021-05-01,extended_fast,360.0,,,historical_fasting_import: EF,2026-03-20 21:37:09.567049
2021-05-02,extended_fast,360.0,,,historical_fasting_import: EF,2026-03-20 21:37:09.567049
2021-05-03,extended_fast,360.0,,,historical_fasting_import: EF,2026-03-20 21:37:09.567049
2021-05-04,normal,,,,historical_fasting_import: Normal,2026-03-20 21:37:09.567049
2021-05-05,normal,,,,historical_fasting_import: Normal,2026-03-20 21:37:09.567049
2021-05-06,normal,,,,historical_fasting_import: Normal,2026-03-20 21:37:09.567049
2021-05-07,normal,,,,historical_fasting_import: Normal,2026-03-20 21:37:09.567049
2021-05-08,normal,,,,historical_fasting_import: Normal,2026-03-20 21:37:09.567049
2021-05-09,normal,,,,historical_fasting_import: Normal,2026-03-20 21:37:09.567049
2021-05-10,normal,,,,historical_fasting_import: Normal,2026-03-20 21:37:09.567049
2021-05-11,normal,,,,historical_fasting_import: Normal,2026-03-20 21:37:09.567049
2021-05-12,normal,,,,historical_fasting_import: Normal,2026-03-20 21:37:09.567049
2021-05-13,normal,,,,historical_fasting_import: Normal,2026-03-20 21:37:09.567049
2021-05-14,normal,,,,historical_fasting_import: Normal,2026-03-20 21:37:09.567049
2021-05-15,normal,,,,historical_fasting_import: Normal,2026-03-20 21:37:09.567049
2021-05-16,normal,,,,historical_fasting_import: Normal,2026-03-20 21:37:09.567049
2021-05-17,normal,,,,historical_fasting_import: Normal,2026-03-20 21:37:09.567049
2021-05-18,normal,,,,historical_fasting_import: Normal,2026-03-20 21:37:09.567049
2021-05-19,normal,,,,historical_fasting_import: Normal,2026-03-20 21:37:09.567049
2021-05-20,normal,,,,historical_fasting_import: Normal,2026-03-20 21:37:09.567049
2021-05-21,normal,,,,historical_fasting_import: Normal,2026-03-20 21:37:09.567049
2021-05-22,normal,,,,historical_fasting_import: Normal,2026-03-20 21:37:09.567049
2021-05-23,normal,,,,historical_fasting_import: Normal,2026-03-20 21:37:09.567049
2021-05-24,normal,,,,historical_fasting_import: Normal,2026-03-20 21:37:09.567049
2021-05-25,normal,,,,historical_fasting_import: Normal,2026-03-20 21:37:09.567049
2021-05-26,normal,,,,historical_fasting_import: Normal,2026-03-20 21:37:09.567049
2021-05-27,normal,,,,historical_fasting_import: Normal,2026-03-20 21:37:09.567049
2021-05-28,normal,,,,historical_fasting_import: Normal,2026-03-20 21:37:09.567049
2021-05-29,normal,,,,historical_fasting_import: Normal,2026-03-20 21:37:09.567049
2021-05-30,normal,,,,historical_fasting_import: Normal,2026-03-20 21:37:09.567049
2021-05-31,normal,,,,historical_fasting_import: Normal,2026-03-20 21:37:09.567049
2021-06-01,normal,,,,historical_fasting_import: Normal,2026-03-20 21:37:09.567049
2021-06-02,normal,,,,historical_fasting_import: Normal,2026-03-20 21:37:09.567049
2021-06-03,normal,,,,historical_fasting_import: Normal,2026-03-20 21:37:09.567049
2021-06-04,normal,,,,historical_fasting_import: Normal,2026-03-20 21:37:09.567049
2021-06-05,normal,,,,historical_fasting_import: Normal,2026-03-20 21:37:09.567049
2021-06-06,normal,,,,historical_fasting_import: Normal,2026-03-20 21:37:09.567049
2021-06-07,normal,,,,historical_fasting_import: Normal,2026-03-20 21:37:09.567049
2021-06-08,normal,,,,historical_fasting_import: Normal,2026-03-20 21:37:09.567049
2021-06-09,normal,,,,historical_fasting_import: Normal,2026-03-20 21:37:09.567049
2021-06-10,normal,,,,historical_fasting_import: Normal,2026-03-20 21:37:09.567049
2021-06-11,normal,,,,historical_fasting_import: Normal,2026-03-20 21:37:09.567049
2021-06-12,normal,,,,historical_fasting_import: Normal,2026-03-20 21:37:09.567049
2021-06-13,normal,,,,historical_fasting_import: Normal,2026-03-20 21:37:09.567049
2021-06-14,normal,,,,historical_fasting_import: Normal,2026-03-20 21:37:09.567049
2021-06-15,normal,,,,historical_fasting_import: Normal,2026-03-20 21:37:09.567049
2021-06-16,normal,,,,historical_fasting_import: Normal,2026-03-20 21:37:09.567049
2021-06-17,normal,,,,historical_fasting_import: Normal,2026-03-20 21:37:09.567049
2021-06-18,normal,,,,historical_fasting_import: Normal,2026-03-20 21:37:09.567049
2021-06-19,normal,,,,historical_fasting_import: Normal,2026-03-20 21:37:09.567049
2021-06-20,normal,,,,historical_fasting_import: Normal,2026-03-20 21:37:09.567049
2021-06-21,normal,,,,historical_fasting_import: Normal,2026-03-20 21:37:09.567049
2021-06-22,normal,,,,historical_fasting_import: Normal,2026-03-20 21:37:09.567049
2021-06-23,normal,,,,historical_fasting_import: Normal,2026-03-20 21:37:09.567049
2021-06-24,normal,,,,historical_fasting_import: Normal,2026-03-20 21:37:09.567049
2021-06-25,normal,,,,historical_fasting_import: Normal,2026-03-20 21:37:09.567049
2021-06-26,normal,,,,historical_fasting_import: Normal,2026-03-20 21:37:09.567049
2021-06-27,normal,,,,historical_fasting_import: Normal,2026-03-20 21:37:09.567049
2021-06-28,normal,,,,historical_fasting_import: Normal,2026-03-20 21:37:09.567049
2021-06-29,normal,,,,historical_fasting_import: Normal,2026-03-20 21:37:09.567049
2021-06-30,normal,,,,historical_fasting_import: Normal,2026-03-20 21:37:09.567049
2021-07-01,normal,,,,historical_fasting_import: Normal,2026-03-20 21:37:09.567049
2021-07-02,normal,,,,historical_fasting_import: Normal,2026-03-20 21:37:09.567049
2021-07-03,normal,,,,historical_fasting_import: Normal,2026-03-20 21:37:09.567049
2021-07-04,normal,,,,historical_fasting_import: Normal,2026-03-20 21:37:09.567049
2021-07-05,normal,,,,historical_fasting_import: Normal,2026-03-20 21:37:09.567049
2021-07-06,normal,,,,historical_fasting_import: Normal,2026-03-20 21:37:09.567049
2021-07-07,normal,,,,historical_fasting_import: Normal,2026-03-20 21:37:09.567049
2021-07-08,normal,,,,historical_fasting_import: Normal,2026-03-20 21:37:09.567049
2021-07-09,normal,,,,historical_fasting_import: Normal,2026-03-20 21:37:09.567049
2021-07-10,normal,,,,historical_fasting_import: Normal,2026-03-20 21:37:09.567049
2021-07-11,normal,,,,historical_fasting_import: Normal,2026-03-20 21:37:09.567049
2021-07-12,normal,,,,historical_fasting_import: Normal,2026-03-20 21:37:09.567049
2021-07-13,normal,,,,historical_fasting_import: Normal,2026-03-20 21:37:09.567049
2021-07-14,normal,,,,historical_fasting_import: Normal,2026-03-20 21:37:09.567049
2021-07-15,normal,,,,historical_fasting_import: Normal,2026-03-20 21:37:09.567049
2021-07-16,normal,,,,historical_fasting_import: Normal,2026-03-20 21:37:09.567049
2021-07-17,normal,,,,historical_fasting_import: Normal,2026-03-20 21:37:09.567049
2021-07-18,normal,,,,historical_fasting_import: Normal,2026-03-20 21:37:09.567049
2021-07-19,normal,,,,historical_fasting_import: Normal,2026-03-20 21:37:09.567049
2021-07-20,normal,,,,historical_fasting_import: Normal,2026-03-20 21:37:09.567049
2021-07-21,normal,,,,historical_fasting_import: Normal,2026-03-20 21:37:09.567049
2021-07-22,normal,,,,historical_fasting_import: Normal,2026-03-20 21:37:09.567049
2021-07-23,normal,,,,historical_fasting_import: Normal,2026-03-20 21:37:09.567049
2021-07-24,normal,,,,historical_fasting_import: Normal,2026-03-20 21:37:09.567049
2021-07-25,normal,,,,historical_fasting_import: Normal,2026-03-20 21:37:09.567049
2021-07-26,normal,,,,historical_fasting_import: Normal,2026-03-20 21:37:09.567049
2021-07-27,omad,23.0,,,historical_fasting_import: OMAD,2026-03-20 21:37:09.567049
2021-07-28,normal,,,,historical_fasting_import: Normal,2026-03-20 21:37:09.567049
2021-07-29,normal,,,,historical_fasting_import: Normal,2026-03-20 21:37:09.567049
2021-07-30,normal,,,,historical_fasting_import: Normal,2026-03-20 21:37:09.567049
2021-08-06,normal,,,,historical_fasting_import: Normal,2026-03-20 21:37:09.567049
2021-08-07,normal,,,,historical_fasting_import: Normal,2026-03-20 21:37:09.567049
2021-08-08,normal,,,,historical_fasting_import: Normal,2026-03-20 21:37:09.567049
2021-08-09,normal,,,,historical_fasting_import: Normal,2026-03-20 21:37:09.567049
2021-08-10,normal,,,,historical_fasting_import: Normal,2026-03-20 21:37:09.567049
2021-08-11,normal,,,,historical_fasting_import: Normal,2026-03-20 21:37:09.567049
2021-08-12,normal,,,,historical_fasting_import: Normal,2026-03-20 21:37:09.567049
2021-08-13,normal,,,,historical_fasting_import: Normal,2026-03-20 21:37:09.567049
2021-08-14,normal,,,,historical_fasting_import: Normal,2026-03-20 21:37:09.567049
2021-08-15,normal,,,,historical_fasting_import: Normal,2026-03-20 21:37:09.567049
2021-08-16,normal,,,,historical_fasting_import: Normal,2026-03-20 21:37:09.567049
2021-08-17,normal,,,,historical_fasting_import: Normal,2026-03-20 21:37:09.567049
2021-08-18,normal,,,,historical_fasting_import: Normal,2026-03-20 21:37:09.567049
2021-08-19,normal,,,,historical_fasting_import: Normal,2026-03-20 21:37:09.567049
2021-08-20,normal,,,,historical_fasting_import: Normal,2026-03-20 21:37:09.567049
2021-08-21,normal,,,,historical_fasting_import: Normal,2026-03-20 21:37:09.567049
2021-08-22,normal,,,,historical_fasting_import: Normal,2026-03-20 21:37:09.567049
2021-08-23,normal,,,,historical_fasting_import: Normal,2026-03-20 21:37:09.567049
2021-08-24,normal,,,,historical_fasting_import: Normal,2026-03-20 21:37:09.567049
2021-08-25,normal,,,,historical_fasting_import: Normal,2026-03-20 21:37:09.567049
2021-08-26,normal,,,,historical_fasting_import: Normal,2026-03-20 21:37:09.567049
2021-08-27,normal,,,,historical_fasting_import: Normal,2026-03-20 21:37:09.567049
2021-08-28,normal,,,,historical_fasting_import: Normal,2026-03-20 21:37:09.567049
2021-08-29,normal,,,,historical_fasting_import: Normal,2026-03-20 21:37:09.567049
2021-08-30,normal,,,,historical_fasting_import: Normal,2026-03-20 21:37:09.567049
2021-08-31,normal,,,,historical_fasting_import: Normal,2026-03-20 21:37:09.567049
2021-09-01,normal,,,,historical_fasting_import: Normal,2026-03-20 21:37:09.567049
2021-09-02,normal,,,,historical_fasting_import: Normal,2026-03-20 21:37:09.567049
2021-09-03,normal,,,,historical_fasting_import: Normal,2026-03-20 21:37:09.567049
2021-09-04,normal,,,,historical_fasting_import: Normal,2026-03-20 21:37:09.567049
2021-09-05,normal,,,,historical_fasting_import: Normal,2026-03-20 21:37:09.567049
2021-09-06,normal,,,,historical_fasting_import: Normal,2026-03-20 21:37:09.567049
2021-09-07,normal,,,,historical_fasting_import: Normal,2026-03-20 21:37:09.567049
2021-09-08,normal,,,,historical_fasting_import: Normal,2026-03-20 21:37:09.567049
2021-09-09,normal,,,,historical_fasting_import: Normal,2026-03-20 21:37:09.567049
2021-09-10,normal,,,,historical_fasting_import: Normal,2026-03-20 21:37:09.567049
2021-09-11,normal,,,,historical_fasting_import: Normal,2026-03-20 21:37:09.567049
2021-09-12,normal,,,,historical_fasting_import: Normal,2026-03-20 21:37:09.567049
2021-09-13,normal,,,,historical_fasting_import: Normal,2026-03-20 21:37:09.567049
2021-09-14,normal,,,,historical_fasting_import: Normal,2026-03-20 21:37:09.567049
2021-09-15,normal,,,,historical_fasting_import: Normal,2026-03-20 21:37:09.567049
2021-09-16,normal,,,,historical_fasting_import: Normal,2026-03-20 21:37:09.567049
2021-09-17,normal,,,,historical_fasting_import: Normal,2026-03-20 21:37:09.567049
2021-09-18,normal,,,,historical_fasting_import: Normal,2026-03-20 21:37:09.567049
2021-09-19,normal,,,,historical_fasting_import: Normal,2026-03-20 21:37:09.567049
2021-09-20,normal,,,,historical_fasting_import: Normal,2026-03-20 21:37:09.567049
2021-09-21,normal,,,,historical_fasting_import: Normal,2026-03-20 21:37:09.567049
2021-09-22,normal,,,,historical_fasting_import: Normal,2026-03-20 21:37:09.567049
2021-09-23,normal,,,,historical_fasting_import: Normal,2026-03-20 21:37:09.567049
2021-09-24,normal,,,,historical_fasting_import: Normal,2026-03-20 21:37:09.567049
2021-09-25,normal,,,,historical_fasting_import: Normal,2026-03-20 21:37:09.567049
2021-09-26,normal,,,,historical_fasting_import: Normal,2026-03-20 21:37:09.567049
2021-09-27,normal,,,,historical_fasting_import: Normal,2026-03-20 21:37:09.567049
2021-09-28,normal,,,,historical_fasting_import: Normal,2026-03-20 21:37:09.567049
2021-09-29,normal,,,,historical_fasting_import: Normal,2026-03-20 21:37:09.567049
2021-09-30,normal,,,,historical_fasting_import: Normal,2026-03-20 21:37:09.567049
2021-10-01,normal,,,,historical_fasting_import: Normal,2026-03-20 21:37:09.567049
2021-10-02,normal,,,,historical_fasting_import: Normal,2026-03-20 21:37:09.567049
2021-10-03,normal,,,,historical_fasting_import: Normal,2026-03-20 21:37:09.567049
2021-10-04,normal,,,,historical_fasting_import: Normal,2026-03-20 21:37:09.567049
2021-10-05,normal,,,,historical_fasting_import: Normal,2026-03-20 21:37:09.567049
2021-10-06,normal,,,,historical_fasting_import: Normal,2026-03-20 21:37:09.567049
2021-10-07,normal,,,,historical_fasting_import: Normal,2026-03-20 21:37:09.567049
2021-10-08,normal,,,,historical_fasting_import: Normal,2026-03-20 21:37:09.567049
2021-10-09,normal,,,,historical_fasting_import: Normal,2026-03-20 21:37:09.567049
2021-10-10,normal,,,,historical_fasting_import: Normal,2026-03-20 21:37:09.567049
2021-10-11,normal,,,,historical_fasting_import: Normal,2026-03-20 21:37:09.567049
2021-10-12,normal,,,,historical_fasting_import: Normal,2026-03-20 21:37:09.567049
2021-10-13,normal,,,,historical_fasting_import: Normal,2026-03-20 21:37:09.567049
2021-10-14,normal,,,,historical_fasting_import: Normal,2026-03-20 21:37:09.567049
2021-10-15,normal,,,,historical_fasting_import: Normal,2026-03-20 21:37:09.567049
2021-10-16,normal,,,,historical_fasting_import: Normal,2026-03-20 21:37:09.567049
2021-10-17,normal,,,,historical_fasting_import: Normal,2026-03-20 21:37:09.567049
2021-10-18,normal,,,,historical_fasting_import: Normal,2026-03-20 21:37:09.567049
2021-10-19,normal,,,,historical_fasting_import: Normal,2026-03-20 21:37:09.567049
2021-10-20,normal,,,,historical_fasting_import: Normal,2026-03-20 21:37:09.567049
2021-10-21,normal,,,,historical_fasting_import: Normal,2026-03-20 21:37:09.567049
2021-10-22,normal,,,,historical_fasting_import: Normal,2026-03-20 21:37:09.567049
2021-10-23,normal,,,,historical_fasting_import: Normal,2026-03-20 21:37:09.567049
2021-10-24,normal,,,,historical_fasting_import: Normal,2026-03-20 21:37:09.567049
2021-10-25,normal,,,,historical_fasting_import: Normal,2026-03-20 21:37:09.567049
2021-10-26,normal,,,,historical_fasting_import: Normal,2026-03-20 21:37:09.567049
2021-10-27,normal,,,,historical_fasting_import: Normal,2026-03-20 21:37:09.567049
2021-10-28,normal,,,,historical_fasting_import: Normal,2026-03-20 21:37:09.567049
2021-10-29,normal,,,,historical_fasting_import: Normal,2026-03-20 21:37:09.567049
2021-10-30,normal,,,,historical_fasting_import: Normal,2026-03-20 21:37:09.567049
2021-10-31,normal,,,,historical_fasting_import: Normal,2026-03-20 21:37:09.567049
2021-11-01,normal,,,,historical_fasting_import: Normal,2026-03-20 21:37:09.567049
2021-11-02,normal,,,,historical_fasting_import: Normal,2026-03-20 21:37:09.567049
2021-11-03,normal,,,,historical_fasting_import: Normal,2026-03-20 21:37:09.567049
2021-11-04,normal,,,,historical_fasting_import: Normal,2026-03-20 21:37:09.567049
2021-11-22,normal,,,,historical_fasting_import: Normal,2026-03-20 21:37:09.567049
2021-11-23,normal,,,,historical_fasting_import: Normal,2026-03-20 21:37:09.567049
2021-11-24,normal,,,,historical_fasting_import: Normal,2026-03-20 21:37:09.567049
2021-11-25,normal,,,,historical_fasting_import: Normal,2026-03-20 21:37:09.567049
2021-11-26,normal,,,,historical_fasting_import: Normal,2026-03-20 21:37:09.567049
2021-11-27,normal,,,,historical_fasting_import: Normal,2026-03-20 21:37:09.567049
2021-11-28,normal,,,,historical_fasting_import: Normal,2026-03-20 21:37:09.567049
2021-11-29,normal,,,,historical_fasting_import: Normal,2026-03-20 21:37:09.567049
2021-11-30,normal,,,,historical_fasting_import: Normal,2026-03-20 21:37:09.567049
2021-12-01,normal,,,,historical_fasting_import: Normal,2026-03-20 21:37:09.567049
2021-12-02,normal,,,,historical_fasting_import: Normal,2026-03-20 21:37:09.567049
2021-12-03,normal,,,,historical_fasting_import: Normal,2026-03-20 21:37:09.567049
2021-12-04,normal,,,,historical_fasting_import: Normal,2026-03-20 21:37:09.567049
2021-12-05,normal,,,,historical_fasting_import: Normal,2026-03-20 21:37:09.567049
2021-12-06,normal,,,,historical_fasting_import: Normal,2026-03-20 21:37:09.567049
2021-12-07,normal,,,,historical_fasting_import: Normal,2026-03-20 21:37:09.567049
2021-12-08,normal,,,,historical_fasting_import: Normal,2026-03-20 21:37:09.567049
2021-12-09,normal,,,,historical_fasting_import: Normal,2026-03-20 21:37:09.567049
2021-12-10,normal,,,,historical_fasting_import: Normal,2026-03-20 21:37:09.567049
2021-12-11,normal,,,,historical_fasting_import: Normal,2026-03-20 21:37:09.567049
2021-12-12,normal,,,,historical_fasting_import: Normal,2026-03-20 21:37:09.567049
2021-12-13,normal,,,,historical_fasting_import: Normal,2026-03-20 21:37:09.567049
2021-12-14,normal,,,,historical_fasting_import: Normal,2026-03-20 21:37:09.567049
2021-12-15,normal,,,,historical_fasting_import: Normal,2026-03-20 21:37:09.567049
2021-12-16,normal,,,,historical_fasting_import: Normal,2026-03-20 21:37:09.567049
2021-12-17,normal,,,,historical_fasting_import: Normal,2026-03-20 21:37:09.567049
2021-12-18,normal,,,,historical_fasting_import: Normal,2026-03-20 21:37:09.567049
2021-12-19,normal,,,,historical_fasting_import: Normal,2026-03-20 21:37:09.567049
2021-12-20,normal,,,,historical_fasting_import: Normal,2026-03-20 21:37:09.567049
2021-12-21,normal,,,,historical_fasting_import: Normal,2026-03-20 21:37:09.567049
2021-12-22,normal,,,,historical_fasting_import: Normal,2026-03-20 21:37:09.567049
2021-12-23,normal,,,,historical_fasting_import: Normal,2026-03-20 21:37:09.567049
2021-12-24,normal,,,,historical_fasting_import: Normal,2026-03-20 21:37:09.567049
2021-12-25,normal,,,,historical_fasting_import: Normal,2026-03-20 21:37:09.567049
2021-12-26,normal,,,,historical_fasting_import: Normal,2026-03-20 21:37:09.567049
2021-12-27,normal,,,,historical_fasting_import: Normal,2026-03-20 21:37:09.567049
2021-12-28,normal,,,,historical_fasting_import: Normal,2026-03-20 21:37:09.567049
2021-12-29,normal,,,,historical_fasting_import: Normal,2026-03-20 21:37:09.567049
2021-12-30,normal,,,,historical_fasting_import: Normal,2026-03-20 21:37:09.567049
2021-12-31,normal,,,,historical_fasting_import: Normal,2026-03-20 21:37:09.567049
2022-01-01,normal,,,,historical_fasting_import: Normal,2026-03-20 21:37:09.567049
2022-01-02,normal,,,,historical_fasting_import: Normal,2026-03-20 21:37:09.567049
2022-01-03,normal,,,,historical_fasting_import: Normal,2026-03-20 21:37:09.567049
2022-01-04,normal,,,,historical_fasting_import: Normal,2026-03-20 21:37:09.567049
2022-01-05,normal,,,,historical_fasting_import: Normal,2026-03-20 21:37:09.567049
2022-01-06,normal,,,,historical_fasting_import: Normal,2026-03-20 21:37:09.567049
2022-01-07,normal,,,,historical_fasting_import: Normal,2026-03-20 21:37:09.567049
2022-01-08,normal,,,,historical_fasting_import: Normal,2026-03-20 21:37:09.567049
2022-01-09,normal,,,,historical_fasting_import: Normal,2026-03-20 21:37:09.567049
2022-01-10,normal,,,,historical_fasting_import: Normal,2026-03-20 21:37:09.567049
2022-01-11,normal,,,,historical_fasting_import: Normal,2026-03-20 21:37:09.567049
2022-01-12,normal,,,,historical_fasting_import: Normal,2026-03-20 21:37:09.567049
2022-01-13,normal,,,,historical_fasting_import: Normal,2026-03-20 21:37:09.567049
2022-01-14,normal,,,,historical_fasting_import: Normal,2026-03-20 21:37:09.567049
2022-01-15,normal,,,,historical_fasting_import: Normal,2026-03-20 21:37:09.567049
2022-01-16,normal,,,,historical_fasting_import: Normal,2026-03-20 21:37:09.567049
2022-01-17,normal,,,,historical_fasting_import: Normal,2026-03-20 21:37:09.567049
2022-01-18,normal,,,,historical_fasting_import: Normal,2026-03-20 21:37:09.567049
2022-01-19,normal,,,,historical_fasting_import: Normal,2026-03-20 21:37:09.567049
2022-01-20,normal,,,,historical_fasting_import: Normal,2026-03-20 21:37:09.567049
2022-01-21,normal,,,,historical_fasting_import: Normal,2026-03-20 21:37:09.567049
2022-01-22,normal,,,,historical_fasting_import: Normal,2026-03-20 21:37:09.567049
2022-01-23,normal,,,,historical_fasting_import: Normal,2026-03-20 21:37:09.567049
2022-01-24,normal,,,,historical_fasting_import: Normal,2026-03-20 21:37:09.567049
2022-01-25,normal,,,,historical_fasting_import: Normal,2026-03-20 21:37:09.567049
2022-01-26,normal,,,,historical_fasting_import: Normal,2026-03-20 21:37:09.567049
2022-01-27,normal,,,,historical_fasting_import: Normal,2026-03-20 21:37:09.567049
2022-01-28,normal,,,,historical_fasting_import: Normal,2026-03-20 21:37:09.567049
2022-01-29,normal,,,,historical_fasting_import: Normal,2026-03-20 21:37:09.567049
2022-01-30,normal,,,,historical_fasting_import: Normal,2026-03-20 21:37:09.567049
2022-01-31,normal,,,,historical_fasting_import: Normal,2026-03-20 21:37:09.567049
2022-02-01,normal,,,,historical_fasting_import: Normal,2026-03-20 21:37:09.567049
2022-02-02,normal,,,,historical_fasting_import: Normal,2026-03-20 21:37:09.567049
2022-02-03,normal,,,,historical_fasting_import: Normal,2026-03-20 21:37:09.567049
2026-01-26,normal,0.0,2.5,4,,2026-03-19 22:12:46.431424
2026-01-27,normal,0.0,2.5,4,,2026-03-19 22:12:46.431424
2026-01-28,normal,0.0,2.5,4,,2026-03-19 22:12:46.431424
2026-01-29,normal,0.0,2.5,4,,2026-03-19 22:12:46.431424
2026-01-30,normal,0.0,2.5,4,,2026-03-19 22:12:46.431424
2026-01-31,normal,0.0,2.5,4,,2026-03-19 22:12:46.431424
2026-02-01,normal,0.0,2.5,4,,2026-03-19 22:12:46.431424
2026-02-02,normal,0.0,2.5,4,,2026-03-19 22:12:46.431424
2026-02-03,normal,0.0,2.5,4,,2026-03-19 22:12:46.431424
2026-02-04,normal,0.0,2.5,4,,2026-03-19 22:12:46.431424
2026-02-05,normal,0.0,2.5,4,,2026-03-19 22:12:46.431424
2026-02-06,normal,0.0,2.5,4,,2026-03-19 22:12:46.431424
2026-02-07,normal,0.0,2.5,4,,2026-03-19 22:12:46.431424
2026-02-08,normal,0.0,2.5,4,,2026-03-19 22:12:46.431424
2026-02-09,normal,0.0,2.5,4,,2026-03-19 22:12:46.431424
2026-02-10,normal,0.0,2.5,4,,2026-03-19 22:12:46.431424
2026-02-11,normal,0.0,2.5,4,,2026-03-19 22:12:46.431424
2026-02-12,normal,0.0,2.5,4,,2026-03-19 22:12:46.431424
2026-02-13,normal,0.0,2.5,4,,2026-03-19 22:12:46.431424
2026-02-14,normal,0.0,2.5,4,,2026-03-19 22:12:46.431424
2026-02-15,normal,0.0,2.5,4,,2026-03-19 22:12:46.431424
2026-02-16,normal,0.0,2.5,3,,2026-03-19 22:12:46.431424
2026-02-17,normal,0.0,2.5,3,,2026-03-19 22:12:46.431424
2026-02-18,normal,0.0,2.5,3,,2026-03-19 22:12:46.431424
2026-02-19,normal,0.0,2.5,3,,2026-03-19 22:12:46.431424
2026-02-20,normal,0.0,2.5,3,,2026-03-19 22:12:46.431424
2026-02-21,normal,0.0,2.5,3,,2026-03-19 22:12:46.431424
2026-02-22,normal,0.0,2.5,3,,2026-03-19 22:12:46.431424
2026-02-23,normal,0.0,5.0,3,,2026-03-19 22:12:46.431424
2026-02-24,normal,0.0,5.0,3,,2026-03-19 22:12:46.431424
2026-02-25,normal,0.0,5.0,2,,2026-03-19 22:12:46.431424
2026-02-26,normal,0.0,5.0,2,,2026-03-19 22:12:46.431424
2026-02-27,normal,0.0,5.0,2,,2026-03-19 22:12:46.431424
2026-02-28,normal,0.0,5.0,2,,2026-03-19 22:12:46.431424
2026-03-01,normal,0.0,5.0,1,,2026-03-19 22:12:46.431424
2026-03-02,normal,0.0,5.0,1,,2026-03-19 22:12:46.431424
2026-03-03,normal,0.0,5.0,1,,2026-03-19 22:12:46.431424
2026-03-04,normal,0.0,5.0,1,,2026-03-19 22:12:46.431424
2026-03-05,normal,0.0,5.0,1,,2026-03-19 22:12:46.431424
2026-03-06,normal,0.0,5.0,1,,2026-03-19 22:12:46.431424
2026-03-07,normal,0.0,5.0,1,,2026-03-19 22:12:46.431424
2026-03-08,normal,0.0,5.0,1,,2026-03-19 22:12:46.431424
2026-03-09,normal,0.0,5.0,1,,2026-03-19 22:12:46.431424
2026-03-10,normal,0.0,5.0,1,,2026-03-19 22:12:46.431424
2026-03-11,normal,0.0,5.0,1,,2026-03-19 22:12:46.431424
2026-03-12,normal,0.0,5.0,1,,2026-03-19 22:12:46.431424
2026-03-13,normal,0.0,5.0,1,,2026-03-19 22:12:46.431424
2026-03-14,normal,0.0,5.0,1,,2026-03-19 22:12:46.431424
2026-03-15,normal,0.0,5.0,3,,2026-03-19 22:12:46.431424
2026-03-16,normal,0.0,5.0,3,,2026-03-19 22:12:46.431424
2026-03-17,normal,0.0,5.0,3,,2026-03-19 22:12:46.431424
2026-03-18,normal,0.0,5.0,2,,2026-03-19 22:12:46.431424
2026-03-19,normal,0.0,5.0,3,,2026-03-19 22:12:46.431424
