timestamp,bucket_values
2023-08-01T13:41:30,"[0.0, 0.0, 0.0, 0.0, 0.0, 0.0, 0.0, 0.0, 0.0, 0.0, 0.0, 0.0, 0.0, 0.0, 0.0, 0.0, 0.0, 0.0, 0.0, 0.0, 0.0, 0.0, 0.0, 0.0, 0.0, 0.0, 0.0, 0.0, 0.0]"
2023-08-02T13:29:30,"[0.0, 0.0, 0.0, 0.0, 0.0, 0.001, 0.004, 0.012, 0.296, 0.616, 0.071, 0.0, 0.0, 0.0, 0.0, 0.0, 0.0, 0.0, 0.0, 0.0, 0.0, 0.0, 0.0, 0.0, 0.0, 0.0, 0.0, 0.0, 0.0]"
2023-08-03T15:03:30,"[0.0, 0.0, 0.0, 0.0, 0.0, 0.0, 0.0, 0.004, 0.178, 0.784, 0.033, 0.0, 0.0, 0.0, 0.0, 0.0, 0.0, 0.0, 0.0, 0.0, 0.0, 0.0, 0.0, 0.0, 0.0, 0.0, 0.0, 0.0, 0.0]"
2023-08-04T14:13:30,"[0.0, 0.0, 0.0, 0.0, 0.0, 0.0, 0.0, 0.0, 0.0, 0.0, 0.0, 0.0, 0.0, 0.0, 0.0, 0.0, 0.0, 0.0, 0.0, 0.0, 0.0, 0.0, 0.0, 0.0, 0.0, 0.0, 0.0, 0.0, 0.0]"
2023-08-05T14:58:30,"[0.0, 0.0, 0.0, 0.0, 0.0, 0.0, 0.0, 0.0, 0.0, 0.0, 0.0, 0.0, 0.0, 0.0, 0.0, 0.0, 0.0, 0.0, 0.0, 0.0, 0.0, 0.0, 0.0, 0.0, 0.0, 0.0, 0.0, 0.0, 0.0]"
2023-08-06T14:50:00,"[0.0, 0.0, 0.0, 0.0, 0.0, 0.008, 0.001, 0.059, 0.623, 0.285, 0.022, 0.002, 0.0, 0.0, 0.0, 0.0, 0.0, 0.0, 0.0, 0.0, 0.0, 0.0, 0.0, 0.0, 0.0, 0.0, 0.0, 0.0, 0.0]"
2023-08-07T14:23:00,"[0.0, 0.0, 0.0, 0.0, 0.0, 0.0, 0.0, 0.0, 0.0, 0.0, 0.0, 0.0, 0.0, 0.0, 0.0, 0.0, 0.0, 0.0, 0.0, 0.0, 0.0, 0.0, 0.0, 0.0, 0.0, 0.0, 0.0, 0.0, 0.0]"
2023-08-08T14:59:30,"[0.0, 0.0, 0.0, 0.0, 0.0, 0.0, 0.0, 0.0, 0.031, 0.752, 0.208, 0.009, 0.0, 0.0, 0.0, 0.0, 0.0, 0.0, 0.0, 0.0, 0.0, 0.0, 0.0, 0.0, 0.0, 0.0, 0.0, 0.0, 0.0]"
2023-08-09T14:58:30,"[0.0, 0.0, 0.0, 0.0, 0.0, 0.0, 0.0, 0.003, 0.018, 0.187, 0.633, 0.159, 0.0, 0.0, 0.0, 0.0, 0.0, 0.0, 0.0, 0.0, 0.0, 0.0, 0.0, 0.0, 0.0, 0.0, 0.0, 0.0, 0.0]"
2023-08-10T13:39:00,"[0.0, 0.0, 0.0, 0.0, 0.0, 0.0, 0.0, 0.004, 0.315, 0.575, 0.106, 0.0, 0.0, 0.0, 0.0, 0.0, 0.0, 0.0, 0.0, 0.0, 0.0, 0.0, 0.0, 0.0, 0.0, 0.0, 0.0, 0.0, 0.0]"
2023-08-11T09:38:00,"[0.0, 0.0, 0.0, 0.0, 0.0, 0.003, 0.009, 0.085, 0.292, 0.455, 0.152, 0.005, 0.0, 0.0, 0.0, 0.0, 0.0, 0.0, 0.0, 0.0, 0.0, 0.0, 0.0, 0.0, 0.0, 0.0, 0.0, 0.0, 0.0]"
2023-08-12T08:49:30,"[0.0, 0.0, 0.0, 0.0, 0.0, 0.0, 0.002, 0.004, 0.021, 0.188, 0.476, 0.266, 0.039, 0.004, 0.0, 0.0, 0.0, 0.0, 0.0, 0.0, 0.0, 0.0, 0.0, 0.0, 0.0, 0.0, 0.0, 0.0, 0.0]"
2023-08-13T07:37:30,"[0.0, 0.0, 0.0, 0.0, 0.0, 0.002, 0.006, 0.024, 0.219, 0.532, 0.202, 0.014, 0.001, 0.0, 0.0, 0.0, 0.0, 0.0, 0.0, 0.0, 0.0, 0.0, 0.0, 0.0, 0.0, 0.0, 0.0, 0.0, 0.0]"
2023-08-14T08:18:00,"[0.0, 0.0, 0.0, 0.0, 0.0, 0.002, 0.004, 0.032, 0.35, 0.395, 0.165, 0.046, 0.006, 0.0, 0.0, 0.0, 0.0, 0.0, 0.0, 0.0, 0.0, 0.0, 0.0, 0.0, 0.0, 0.0, 0.0, 0.0, 0.0]"
2023-08-15T08:35:30,"[0.0, 0.0, 0.0, 0.0, 0.0, 0.001, 0.005, 0.037, 0.526, 0.37, 0.059, 0.001, 0.0, 0.0, 0.0, 0.0, 0.0, 0.0, 0.0, 0.0, 0.0, 0.0, 0.0, 0.0, 0.0, 0.0, 0.0, 0.0, 0.0]"
2023-08-16T07:36:30,"[0.0, 0.0, 0.0, 0.0, 0.0, 0.0, 0.002, 0.004, 0.035, 0.219, 0.418, 0.265, 0.052, 0.004, 0.0, 0.0, 0.0, 0.0, 0.0, 0.0, 0.0, 0.0, 0.0, 0.0, 0.0, 0.0, 0.0, 0.0, 0.0]"
2023-08-17T07:25:00,"[0.0, 0.0, 0.0, 0.0, 0.0, 0.001, 0.005, 0.011, 0.057, 0.521, 0.379, 0.026, 0.001, 0.0, 0.0, 0.0, 0.0, 0.0, 0.0, 0.0, 0.0, 0.0, 0.0, 0.0, 0.0, 0.0, 0.0, 0.0, 0.0]"
2023-08-18T06:42:00,"[0.0, 0.0, 0.0, 0.0, 0.0, 0.002, 0.008, 0.042, 0.335, 0.504, 0.103, 0.006, 0.0, 0.0, 0.0, 0.0, 0.0, 0.0, 0.0, 0.0, 0.0, 0.0, 0.0, 0.0, 0.0, 0.0, 0.0, 0.0, 0.0]"
2023-08-19T08:30:00,"[0.0, 0.0, 0.0, 0.0, 0.0, 0.002, 0.004, 0.026, 0.388, 0.519, 0.057, 0.003, 0.0, 0.0, 0.0, 0.0, 0.0, 0.0, 0.0, 0.0, 0.0, 0.0, 0.0, 0.0, 0.0, 0.0, 0.0, 0.0, 0.0]"
2023-08-20T08:12:30,"[0.0, 0.0, 0.0, 0.0, 0.0, 0.001, 0.007, 0.037, 0.162, 0.364, 0.394, 0.035, 0.001, 0.0, 0.0, 0.0, 0.0, 0.0, 0.0, 0.0, 0.0, 0.0, 0.0, 0.0, 0.0, 0.0, 0.0, 0.0, 0.0]"
2023-08-21T08:31:30,"[0.0, 0.0, 0.0, 0.0, 0.0, 0.0, 0.003, 0.005, 0.027, 0.219, 0.474, 0.222, 0.045, 0.004, 0.0, 0.0, 0.0, 0.0, 0.0, 0.0, 0.0, 0.0, 0.0, 0.0, 0.0, 0.0, 0.0, 0.0, 0.0]"
2023-08-22T08:03:30,"[0.0, 0.0, 0.0, 0.0, 0.0, 0.004, 0.01, 0.138, 0.616, 0.221, 0.01, 0.0, 0.0, 0.0, 0.0, 0.0, 0.0, 0.0, 0.0, 0.0, 0.0, 0.0, 0.0, 0.0, 0.0, 0.0, 0.0, 0.0, 0.0]"
2023-08-23T08:16:30,"[0.0, 0.0, 0.0, 0.0, 0.0, 0.0, 0.002, 0.005, 0.046, 0.308, 0.35, 0.233, 0.051, 0.006, 0.0, 0.0, 0.0, 0.0, 0.0, 0.0, 0.0, 0.0, 0.0, 0.0, 0.0, 0.0, 0.0, 0.0, 0.0]"
2023-08-24T07:41:00,"[0.0, 0.0, 0.0, 0.0, 0.0, 0.0, 0.007, 0.011, 0.076, 0.416, 0.455, 0.033, 0.001, 0.0, 0.0, 0.0, 0.0, 0.0, 0.0, 0.0, 0.0, 0.0, 0.0, 0.0, 0.0, 0.0, 0.0, 0.0, 0.0]"
2023-08-25T07:06:00,"[0.0, 0.0, 0.0, 0.0, 0.0, 0.0, 0.003, 0.015, 0.125, 0.363, 0.357, 0.125, 0.013, 0.001, 0.0, 0.0, 0.0, 0.0, 0.0, 0.0, 0.0, 0.0, 0.0, 0.0, 0.0, 0.0, 0.0, 0.0, 0.0]"
2023-08-26T05:49:30,"[0.0, 0.0, 0.0, 0.0, 0.0, 0.003, 0.01, 0.053, 0.468, 0.413, 0.05, 0.002, 0.0, 0.0, 0.0, 0.0, 0.0, 0.0, 0.0, 0.0, 0.0, 0.0, 0.0, 0.0, 0.0, 0.0, 0.0, 0.0, 0.0]"
2023-08-27T08:23:30,"[0.0, 0.0, 0.0, 0.0, 0.0, 0.0, 0.003, 0.012, 0.07, 0.175, 0.399, 0.278, 0.058, 0.004, 0.0, 0.0, 0.0, 0.0, 0.0, 0.0, 0.0, 0.0, 0.0, 0.0, 0.0, 0.0, 0.0, 0.0, 0.0]"
2023-08-28T07:07:30,"[0.0, 0.0, 0.0, 0.0, 0.0, 0.0, 0.003, 0.015, 0.082, 0.379, 0.413, 0.099, 0.008, 0.0, 0.0, 0.0, 0.0, 0.0, 0.0, 0.0, 0.0, 0.0, 0.0, 0.0, 0.0, 0.0, 0.0, 0.0, 0.0]"
2023-08-29T07:45:30,"[0.0, 0.0, 0.0, 0.0, 0.0, 0.002, 0.009, 0.154, 0.532, 0.268, 0.034, 0.001, 0.0, 0.0, 0.0, 0.0, 0.0, 0.0, 0.0, 0.0, 0.0, 0.0, 0.0, 0.0, 0.0, 0.0, 0.0, 0.0, 0.0]"
2023-08-30T07:00:00,"[0.0, 0.0, 0.0, 0.0, 0.0, 0.0, 0.004, 0.009, 0.106, 0.431, 0.332, 0.108, 0.01, 0.0, 0.0, 0.0, 0.0, 0.0, 0.0, 0.0, 0.0, 0.0, 0.0, 0.0, 0.0, 0.0, 0.0, 0.0, 0.0]"
2023-08-30T09:45:30,"[0.0, 0.0, 0.0, 0.0, 0.0, 0.0, 0.004, 0.009, 0.106, 0.431, 0.332, 0.108, 0.01, 0.0, 0.0, 0.0, 0.0, 0.0, 0.0, 0.0, 0.0, 0.0, 0.0, 0.0, 0.0, 0.0, 0.0, 0.0, 0.0]"
2023-08-31T07:48:30,"[0.0, 0.0, 0.0, 0.0, 0.0, 0.0, 0.003, 0.006, 0.093, 0.334, 0.36, 0.182, 0.02, 0.001, 0.0, 0.0, 0.0, 0.0, 0.0, 0.0, 0.0, 0.0, 0.0, 0.0, 0.0, 0.0, 0.0, 0.0, 0.0]"