sleep_id,sleep_type,minutes_in_sleep_period,minutes_after_wake_up,minutes_to_fall_asleep,minutes_asleep,minutes_awake,minutes_longest_awakening,minutes_to_persistent_sleep,start_utc_offset,sleep_start,end_utc_offset,sleep_end,data_source,sleep_created,sleep_last_updated
1006289362311193176,STAGES,576,0,0,540,36,0,0,+00:00,2020-10-28 00:09:00+0000,+00:00,2020-10-28 09:45:30+0000,DERIVED,2020-10-28 21:55:00+0000,2020-10-28 21:56:02+0000
1071275063174329856,STAGES,416,0,0,401,15,0,0,+00:00,2021-06-15 01:50:30+0000,+00:00,2021-06-15 08:46:30+0000,DERIVED,2021-06-15 06:47:00+0000,2021-06-15 06:47:24+0000
1113922607673519160,STAGES,679,1,0,639,40,0,0,+00:00,2021-02-18 21:02:30+0000,+00:00,2021-02-19 08:34:30+0000,DERIVED,2021-02-18 22:14:00+0000,2021-02-19 07:35:47+0000
1120190783033954104,STAGES,498,0,0,473,25,0,0,+00:00,2021-01-08 00:39:00+0000,+00:00,2021-01-08 08:57:30+0000,DERIVED,2021-01-08 08:14:00+0000,2021-01-08 08:14:10+0000
1133236629297308688,STAGES,410,3,0,403,7,0,0,+00:00,2020-09-20 01:02:00+0000,+00:00,2020-09-20 07:55:30+0000,DERIVED,2020-09-20 06:26:00+0000,2020-09-20 06:26:44+0000
1222214368649991768,STAGES,628,0,0,603,25,0,0,+00:00,2021-01-12 22:28:30+0000,+00:00,2021-01-13 08:56:30+0000,DERIVED,2021-01-13 08:15:00+0000,2021-01-13 08:15:07+0000
1305608751676002600,STAGES,466,0,0,455,11,0,0,+00:00,2020-10-02 00:51:00+0000,+00:00,2020-10-02 08:37:30+0000,DERIVED,2020-10-02 07:00:00+0000,2020-10-02 07:00:24+0000
1385137643476918768,STAGES,664,1,0,647,17,0,0,+00:00,2020-12-11 22:39:30+0000,+00:00,2020-12-12 09:44:30+0000,DERIVED,2020-12-12 09:24:00+0000,2020-12-12 09:24:25+0000
1439643475737252232,STAGES,415,0,0,395,20,0,0,+00:00,2021-05-23 02:14:30+0000,+00:00,2021-05-23 09:10:00+0000,DERIVED,2021-05-23 08:46:00+0000,2021-05-23 08:46:36+0000
1440685076647495968,STAGES,467,0,0,443,24,0,0,+00:00,2021-04-29 00:36:00+0000,+00:00,2021-04-29 08:23:30+0000,DERIVED,2021-04-29 06:53:00+0000,2021-04-29 06:53:07+0000
1440977369014878480,STAGES,566,0,0,519,47,0,0,+00:00,2020-12-23 00:09:30+0000,+00:00,2020-12-23 09:35:30+0000,DERIVED,2020-12-23 08:50:00+0000,2020-12-23 08:50:57+0000
1447928498807218056,STAGES,389,0,0,365,24,0,0,+00:00,2021-01-11 02:57:30+0000,+00:00,2021-01-11 09:26:30+0000,DERIVED,2021-01-11 08:39:00+0000,2021-01-11 08:39:23+0000
1460518123219063888,STAGES,385,0,0,365,20,0,0,+00:00,2021-06-19 02:41:00+0000,+00:00,2021-06-19 09:06:00+0000,DERIVED,2021-06-20 09:50:00+0000,2021-06-20 09:50:20+0000
1465566979824098728,STAGES,565,2,0,532,33,0,0,+00:00,2020-12-09 01:36:00+0000,+00:00,2020-12-09 11:03:30+0000,DERIVED,2020-12-09 10:17:00+0000,2020-12-09 10:17:35+0000
1492348736381912128,STAGES,434,0,0,413,21,0,0,+00:00,2020-10-20 00:53:30+0000,+00:00,2020-10-20 08:08:00+0000,DERIVED,2020-10-20 06:28:00+0000,2020-10-20 06:28:17+0000
1492672019709045064,STAGES,416,0,0,405,11,0,0,+00:00,2021-08-01 01:35:00+0000,+00:00,2021-08-01 08:31:00+0000,DERIVED,2021-08-01 07:22:00+0000,2021-08-01 07:22:54+0000
1540309702553130992,STAGES,460,5,0,437,23,0,0,+00:00,2021-08-16 00:50:30+0000,+00:00,2021-08-16 08:35:30+0000,DERIVED,2021-08-16 06:48:00+0000,2021-08-16 06:48:59+0000
1542436603933939920,STAGES,403,0,0,385,18,0,0,+00:00,2021-06-02 01:30:00+0000,+00:00,2021-06-02 08:13:30+0000,DERIVED,2021-06-02 06:32:00+0000,2021-06-02 06:32:13+0000
1559202843661237168,STAGES,758,0,0,736,22,0,0,+00:00,2021-07-17 21:15:00+0000,+00:00,2021-07-18 09:53:30+0000,DERIVED,2021-07-18 07:54:00+0000,2021-07-18 07:54:11+0000
1608756687505231648,STAGES,349,0,0,327,22,0,0,+00:00,2021-04-04 23:20:00+0000,+00:00,2021-04-05 05:09:00+0000,DERIVED,2021-04-05 03:31:00+0000,2021-04-05 03:31:57+0000
1624802282667620984,STAGES,464,0,0,424,40,0,0,+00:00,2020-12-02 00:49:00+0000,+00:00,2020-12-02 08:33:30+0000,DERIVED,2020-12-02 07:53:00+0000,2020-12-02 07:53:34+0000
1630814665433724696,STAGES,405,0,0,387,18,0,0,+00:00,2021-08-31 01:47:00+0000,+00:00,2021-08-31 08:32:30+0000,DERIVED,2021-08-31 07:23:00+0000,2021-08-31 07:23:24+0000
1668854897248419520,STAGES,468,1,0,435,33,0,0,+00:00,2021-02-07 03:02:00+0000,+00:00,2021-02-07 10:51:30+0000,DERIVED,2021-02-07 10:11:00+0000,2021-02-07 10:11:07+0000
1721226919431756360,STAGES,268,0,0,253,15,0,0,+00:00,2020-10-18 02:13:00+0000,+00:00,2020-10-18 06:41:00+0000,DERIVED,2020-10-18 04:56:00+0000,2020-10-18 04:56:42+0000
1789910000212669928,STAGES,420,0,0,411,9,0,0,+00:00,2020-11-04 02:23:30+0000,+00:00,2020-11-04 09:24:00+0000,DERIVED,2020-11-04 10:27:00+0000,2020-11-04 10:27:05+0000
1821787128042733392,STAGES,468,0,0,453,15,0,0,+00:00,2021-03-03 23:04:00+0000,+00:00,2021-03-04 06:52:30+0000,DERIVED,2021-03-04 06:27:00+0000,2021-03-04 06:27:10+0000
1848207913238695408,CLASSIC,125,0,0,121,4,0,0,+00:00,2021-08-12 14:03:00+0000,+00:00,2021-08-12 16:08:00+0000,DERIVED,2021-08-12 14:36:00+0000,2021-08-12 14:36:23+0000
1850264654654201344,STAGES,484,1,0,468,16,0,0,+00:00,2021-03-02 00:06:00+0000,+00:00,2021-03-02 08:11:30+0000,DERIVED,2021-03-02 07:37:00+0000,2021-03-02 07:37:29+0000
1855642226730857480,STAGES,528,0,0,486,42,0,0,+00:00,2021-04-25 01:12:30+0000,+00:00,2021-04-25 10:00:30+0000,DERIVED,2021-04-25 09:23:00+0000,2021-04-25 09:23:44+0000
186035084569804888,STAGES,400,0,0,386,14,0,0,+00:00,2021-01-18 02:32:00+0000,+00:00,2021-01-18 09:12:30+0000,DERIVED,2021-01-18 08:50:00+0000,2021-01-18 08:50:21+0000
1904436013196730096,STAGES,357,0,0,347,10,0,0,+00:00,2021-03-11 01:17:00+0000,+00:00,2021-03-11 07:14:00+0000,DERIVED,2021-03-11 06:41:00+0000,2021-03-11 06:41:11+0000
1952457618656710008,STAGES,429,0,0,427,2,0,0,+00:00,2021-02-10 02:19:00+0000,+00:00,2021-02-10 09:28:30+0000,DERIVED,2021-02-10 09:29:00+0000,2021-02-10 09:29:38+0000
1986416314171553464,CLASSIC,123,0,0,121,2,0,0,+00:00,2021-03-09 11:59:30+0000,+00:00,2021-03-09 14:02:30+0000,DERIVED,2021-03-09 13:22:00+0000,2021-03-09 13:22:47+0000
2000923785468801504,STAGES,474,0,0,463,11,0,0,+00:00,2021-08-11 00:25:00+0000,+00:00,2021-08-11 08:19:00+0000,DERIVED,2021-08-11 06:55:00+0000,2021-08-11 06:55:35+0000
2004103498215499728,STAGES,448,0,0,434,14,0,0,+00:00,2020-09-14 02:49:00+0000,+00:00,2020-09-14 10:17:30+0000,DERIVED,2020-09-14 08:36:00+0000,2020-09-14 08:36:15+0000
2061883728549334512,STAGES,531,0,0,514,17,0,0,+00:00,2021-01-19 00:07:00+0000,+00:00,2021-01-19 08:58:00+0000,DERIVED,2021-01-19 08:49:00+0000,2021-01-19 08:49:20+0000
2070473280576072504,STAGES,531,0,0,521,10,0,0,+00:00,2020-09-13 00:29:30+0000,+00:00,2020-09-13 09:21:00+0000,DERIVED,2020-09-13 08:07:00+0000,2020-09-13 08:07:25+0000
2099707000270514104,STAGES,396,6,0,386,10,0,0,+00:00,2021-02-02 00:53:00+0000,+00:00,2021-02-02 07:35:00+0000,DERIVED,2021-02-02 08:05:00+0000,2021-02-02 08:05:10+0000
2153140055527909320,STAGES,509,10,0,499,10,0,0,+00:00,2020-10-18 23:38:00+0000,+00:00,2020-10-19 08:17:00+0000,DERIVED,2020-10-19 07:14:00+0000,2020-10-19 07:14:51+0000
2165691911439249064,STAGES,423,0,0,407,16,0,0,+00:00,2021-02-13 02:09:30+0000,+00:00,2021-02-13 09:12:30+0000,DERIVED,2021-02-13 08:27:00+0000,2021-02-13 08:27:03+0000
2182504657898527112,STAGES,458,0,0,437,21,0,0,+00:00,2021-06-18 00:30:00+0000,+00:00,2021-06-18 08:08:00+0000,DERIVED,2021-06-20 09:50:00+0000,2021-06-20 09:50:22+0000
220540667591332640,STAGES,467,1,0,457,10,0,0,+00:00,2020-09-25 00:13:30+0000,+00:00,2020-09-25 08:01:30+0000,DERIVED,2020-09-25 06:19:00+0000,2020-09-25 06:19:44+0000
2210547468113641160,STAGES,595,0,0,577,18,0,0,+00:00,2020-09-26 02:03:00+0000,+00:00,2020-09-26 11:58:00+0000,DERIVED,2020-09-26 10:29:00+0000,2020-09-26 10:29:04+0000
2253871376119040528,STAGES,401,0,0,384,17,0,0,+00:00,2020-12-07 01:34:00+0000,+00:00,2020-12-07 08:15:00+0000,DERIVED,2020-12-07 07:40:00+0000,2020-12-07 07:40:06+0000
2254604550015951992,CLASSIC,110,0,0,98,12,0,0,+00:00,2021-02-03 16:57:30+0000,+00:00,2021-02-03 18:48:00+0000,DERIVED,2021-02-03 18:06:00+0000,2021-02-03 18:06:29+0000
2263134677491295472,STAGES,581,0,0,560,21,0,0,+00:00,2021-06-27 00:41:30+0000,+00:00,2021-06-27 10:22:30+0000,DERIVED,2021-06-27 08:23:00+0000,2021-06-27 08:23:43+0000
227835456486375888,STAGES,510,0,0,495,15,0,0,+00:00,2021-05-22 00:48:00+0000,+00:00,2021-05-22 09:18:30+0000,DERIVED,2021-05-22 10:13:00+0000,2021-05-22 10:13:32+0000
2291540533391823224,STAGES,573,0,0,532,41,0,0,+00:00,2021-01-14 01:38:00+0000,+00:00,2021-01-14 11:11:30+0000,DERIVED,2021-01-14 10:31:00+0000,2021-01-14 10:31:07+0000
2314855112657445464,STAGES,521,0,0,477,44,0,0,+00:00,2021-08-18 00:19:00+0000,+00:00,2021-08-18 09:00:30+0000,DERIVED,2021-08-18 07:01:00+0000,2021-08-18 07:01:13+0000
2341379860186514904,STAGES,484,0,0,461,23,0,0,+00:00,2021-01-22 00:03:00+0000,+00:00,2021-01-22 08:07:00+0000,DERIVED,2021-01-22 07:29:00+0000,2021-01-22 07:29:17+0000
2350991073766416776,CLASSIC,73,0,0,71,2,0,0,+00:00,2020-12-30 15:20:30+0000,+00:00,2020-12-30 16:34:00+0000,DERIVED,2020-12-30 16:21:00+0000,2020-12-30 16:21:21+0000
2355601563853404008,STAGES,536,1,0,528,8,0,0,+00:00,2021-02-06 02:02:00+0000,+00:00,2021-02-06 10:59:00+0000,DERIVED,2021-02-06 10:17:00+0000,2021-02-06 10:17:21+0000
2367198028407147400,STAGES,487,0,0,461,26,0,0,+00:00,2021-07-26 22:41:00+0000,+00:00,2021-07-27 06:48:00+0000,DERIVED,2021-07-27 05:02:00+0000,2021-07-27 05:02:32+0000
2373532257964034520,STAGES,650,0,0,620,30,0,0,+00:00,2021-07-10 23:16:30+0000,+00:00,2021-07-11 10:06:30+0000,DERIVED,2021-07-11 08:31:00+0000,2021-07-11 08:31:08+0000
2373942573700782616,STAGES,558,0,0,524,34,0,0,+00:00,2021-08-03 22:31:00+0000,+00:00,2021-08-04 07:49:00+0000,DERIVED,2021-08-04 06:20:00+0000,2021-08-04 06:20:11+0000
2389019613847908912,STAGES,533,5,0,519,14,0,0,+00:00,2020-11-24 01:26:30+0000,+00:00,2020-11-24 10:24:30+0000,DERIVED,2020-11-24 09:47:00+0000,2020-11-24 09:47:15+0000
2393885850563592816,STAGES,354,0,0,341,13,0,0,+00:00,2021-02-15 02:04:30+0000,+00:00,2021-02-15 07:58:30+0000,DERIVED,2021-02-15 08:00:00+0000,2021-02-15 08:00:34+0000
2422216021675764016,STAGES,488,0,0,471,17,0,0,+00:00,2021-06-30 23:59:30+0000,+00:00,2021-07-01 08:08:00+0000,DERIVED,2021-07-01 06:29:00+0000,2021-07-01 06:29:24+0000
2524288137785581272,STAGES,442,0,0,396,46,0,0,+00:00,2021-08-22 04:04:00+0000,+00:00,2021-08-22 11:26:00+0000,DERIVED,2021-08-22 10:22:00+0000,2021-08-22 10:22:15+0000
2553324156483968576,STAGES,516,11,0,499,17,0,0,+00:00,2021-06-05 03:01:30+0000,+00:00,2021-06-05 11:49:00+0000,DERIVED,2021-06-05 10:05:00+0000,2021-06-05 10:05:32+0000
2564188543699623240,STAGES,564,0,0,535,29,0,0,+00:00,2021-05-19 22:51:30+0000,+00:00,2021-05-20 08:15:30+0000,DERIVED,2021-05-20 06:51:00+0000,2021-05-20 06:51:48+0000
2588090847193964952,STAGES,529,1,0,506,23,0,0,+00:00,2021-05-04 00:54:30+0000,+00:00,2021-05-04 09:44:30+0000,DERIVED,2021-05-04 07:57:00+0000,2021-05-04 07:57:06+0000
2591224464656599480,STAGES,457,0,0,447,10,0,0,+00:00,2021-01-15 00:19:00+0000,+00:00,2021-01-15 07:56:30+0000,DERIVED,2021-01-15 07:20:00+0000,2021-01-15 07:21:01+0000
2598300184305372568,STAGES,369,7,0,349,20,0,0,+00:00,2021-07-12 03:08:30+0000,+00:00,2021-07-12 09:24:30+0000,DERIVED,2021-07-12 08:12:00+0000,2021-07-12 08:12:47+0000
2601854749182735200,STAGES,512,0,0,481,31,0,0,+00:00,2021-04-10 01:38:30+0000,+00:00,2021-04-10 10:11:00+0000,DERIVED,2021-04-10 08:30:00+0000,2021-04-10 08:30:24+0000
2621371162402435536,STAGES,323,0,0,313,10,0,0,+00:00,2021-07-04 05:58:30+0000,+00:00,2021-07-04 11:21:30+0000,DERIVED,2021-07-05 15:11:00+0000,2021-07-05 15:12:03+0000
2621417978926019152,STAGES,443,0,0,411,32,0,0,+00:00,2021-08-12 00:12:30+0000,+00:00,2021-08-12 07:35:30+0000,DERIVED,2021-08-12 05:53:00+0000,2021-08-12 05:53:57+0000
2760922591491476872,STAGES,503,0,0,486,17,0,0,+00:00,2020-12-15 01:38:00+0000,+00:00,2020-12-15 10:01:30+0000,DERIVED,2020-12-15 09:34:00+0000,2020-12-15 09:34:21+0000
2785555050627163328,STAGES,686,0,0,661,25,0,0,+00:00,2020-09-11 22:55:30+0000,+00:00,2020-09-12 10:21:30+0000,DERIVED,2020-09-12 08:39:00+0000,2020-09-12 08:39:21+0000
2790015114100400184,STAGES,278,7,0,266,12,0,0,+00:00,2021-08-06 02:22:00+0000,+00:00,2021-08-06 07:07:30+0000,DERIVED,2021-08-06 05:18:00+0000,2021-08-06 05:18:25+0000
2811885596819580560,STAGES,484,0,0,474,10,0,0,+00:00,2021-01-20 00:51:30+0000,+00:00,2021-01-20 08:56:00+0000,DERIVED,2021-01-20 08:28:00+0000,2021-01-20 08:28:41+0000
2844502064413013784,STAGES,468,0,0,461,7,0,0,+00:00,2021-05-07 00:18:00+0000,+00:00,2021-05-07 08:06:30+0000,DERIVED,2021-05-07 06:21:00+0000,2021-05-07 06:21:24+0000
2863934901519970080,STAGES,437,11,0,418,19,0,0,+00:00,2021-05-09 23:12:00+0000,+00:00,2021-05-10 06:40:00+0000,DERIVED,2021-05-10 04:53:00+0000,2021-05-10 04:53:47+0000
2918212422994203248,STAGES,391,0,0,384,7,0,0,+00:00,2021-03-17 00:23:00+0000,+00:00,2021-03-17 06:54:00+0000,DERIVED,2021-03-17 06:28:00+0000,2021-03-17 06:29:02+0000
2933308248594297552,STAGES,433,0,0,423,10,0,0,+00:00,2020-09-28 00:38:00+0000,+00:00,2020-09-28 07:51:00+0000,DERIVED,2020-09-28 06:19:00+0000,2020-09-28 06:19:49+0000
3012310338318017512,STAGES,503,0,0,484,19,0,0,+00:00,2021-01-02 03:25:30+0000,+00:00,2021-01-02 11:48:30+0000,DERIVED,2021-01-02 11:31:00+0000,2021-01-02 11:31:32+0000
3043001438100459048,CLASSIC,518,0,0,510,8,0,0,+00:00,2021-06-28 00:40:30+0000,+00:00,2021-06-28 09:18:30+0000,DERIVED,2021-06-28 12:32:00+0000,2021-06-28 12:32:09+0000
3074486832829981472,STAGES,386,0,0,382,4,0,0,+00:00,2021-03-24 01:11:30+0000,+00:00,2021-03-24 07:38:00+0000,DERIVED,2021-03-24 06:55:00+0000,2021-03-24 06:56:02+0000
307898633164852368,STAGES,555,0,0,532,23,0,0,+00:00,2021-04-07 22:24:30+0000,+00:00,2021-04-08 07:39:30+0000,DERIVED,2021-04-08 06:16:00+0000,2021-04-08 06:16:36+0000
3155122630278004312,STAGES,395,0,0,380,15,0,0,+00:00,2021-09-01 01:14:00+0000,+00:00,2021-09-01 07:49:00+0000,DERIVED,2021-09-01 06:15:00+0000,2021-09-01 06:15:07+0000
3191250050126027032,STAGES,538,0,0,522,16,0,0,+00:00,2021-07-16 00:13:00+0000,+00:00,2021-07-16 09:11:00+0000,DERIVED,2021-07-16 07:27:00+0000,2021-07-16 07:27:04+0000
3214342103743000256,STAGES,449,0,0,446,3,0,0,+00:00,2021-04-22 00:42:00+0000,+00:00,2021-04-22 08:11:00+0000,DERIVED,2021-04-22 06:32:00+0000,2021-04-22 06:32:52+0000
3290383093170395392,STAGES,431,0,0,416,15,0,0,+00:00,2021-01-11 21:07:30+0000,+00:00,2021-01-12 04:19:00+0000,DERIVED,2021-01-12 03:31:00+0000,2021-01-12 03:31:29+0000
3314233687734999664,STAGES,452,0,0,434,18,0,0,+00:00,2021-03-18 23:17:30+0000,+00:00,2021-03-19 06:49:30+0000,DERIVED,2021-03-19 06:02:00+0000,2021-03-19 06:02:42+0000
3339077871931537120,STAGES,248,16,0,233,15,0,0,+00:00,2020-12-10 23:48:00+0000,+00:00,2020-12-11 04:12:30+0000,DERIVED,2020-12-11 03:25:00+0000,2020-12-11 03:25:24+0000
3363063164289501232,STAGES,454,0,0,441,13,0,0,+00:00,2021-05-20 23:44:30+0000,+00:00,2021-05-21 07:18:30+0000,DERIVED,2021-05-21 05:39:00+0000,2021-05-21 05:39:27+0000
3363307932832183352,STAGES,467,0,0,429,38,0,0,+00:00,2021-08-15 01:15:00+0000,+00:00,2021-08-15 09:02:00+0000,DERIVED,2021-08-15 09:09:00+0000,2021-08-15 09:09:50+0000
3373379384781533960,STAGES,555,0,0,520,35,0,0,+00:00,2020-11-27 02:13:00+0000,+00:00,2020-11-27 11:28:00+0000,DERIVED,2020-11-27 10:45:00+0000,2020-11-27 10:45:29+0000
3447081029944210520,STAGES,537,0,0,523,14,0,0,+00:00,2021-06-11 00:52:00+0000,+00:00,2021-06-11 09:49:30+0000,DERIVED,2021-06-11 07:50:00+0000,2021-06-11 07:50:22+0000
3471861298622623184,STAGES,547,0,0,507,40,0,0,+00:00,2021-01-24 01:32:00+0000,+00:00,2021-01-24 10:39:30+0000,DERIVED,2021-01-24 10:36:00+0000,2021-01-24 10:36:17+0000
3489755375836389968,CLASSIC,118,0,0,109,9,0,0,+00:00,2020-09-30 00:25:30+0000,+00:00,2020-09-30 02:23:30+0000,DERIVED,2020-09-30 01:48:00+0000,2020-09-30 01:48:30+0000
3517089276139140400,STAGES,459,0,0,449,10,0,0,+00:00,2020-11-10 00:49:30+0000,+00:00,2020-11-10 08:28:30+0000,DERIVED,2020-11-10 08:00:00+0000,2020-11-10 08:00:27+0000
353895923937011272,STAGES,394,0,0,382,12,0,0,+00:00,2021-03-07 02:11:30+0000,+00:00,2021-03-07 08:46:00+0000,DERIVED,2021-03-07 08:26:00+0000,2021-03-07 08:26:27+0000
3557715410010716784,STAGES,420,5,0,392,28,0,0,+00:00,2020-12-01 01:30:00+0000,+00:00,2020-12-01 08:35:00+0000,DERIVED,2020-12-01 07:53:00+0000,2020-12-01 07:53:41+0000
3571375481971648776,STAGES,348,0,0,345,3,0,0,+00:00,2021-07-08 02:18:00+0000,+00:00,2021-07-08 08:06:30+0000,DERIVED,2021-07-08 06:46:00+0000,2021-07-08 06:46:38+0000
3680451394446903320,STAGES,433,0,0,419,14,0,0,+00:00,2021-05-25 00:51:00+0000,+00:00,2021-05-25 08:04:00+0000,DERIVED,2021-05-26 07:05:00+0000,2021-05-26 07:05:37+0000
3718176975959062856,STAGES,315,4,0,308,7,0,0,+00:00,2021-05-30 03:33:00+0000,+00:00,2021-05-30 08:52:00+0000,DERIVED,2021-05-30 07:09:00+0000,2021-05-30 07:09:21+0000
3719787554694235432,STAGES,513,0,0,489,24,0,0,+00:00,2021-01-06 03:43:00+0000,+00:00,2021-01-06 12:16:00+0000,DERIVED,2021-01-06 11:37:00+0000,2021-01-06 11:37:29+0000
373526601521852456,STAGES,439,0,0,416,23,0,0,+00:00,2020-11-17 00:53:00+0000,+00:00,2020-11-17 08:12:30+0000,DERIVED,2020-11-17 07:48:00+0000,2020-11-17 07:48:25+0000
3782358383683598888,STAGES,411,0,0,406,5,0,0,+00:00,2020-09-18 00:50:00+0000,+00:00,2020-09-18 07:41:30+0000,DERIVED,2020-09-18 06:05:00+0000,2020-09-18 06:05:46+0000
3817243928585049864,CLASSIC,155,1,0,153,2,0,0,+00:00,2021-01-30 19:10:00+0000,+00:00,2021-01-30 21:46:30+0000,DERIVED,2021-01-30 21:06:00+0000,2021-01-30 21:06:34+0000
3823848677848390056,STAGES,344,0,0,332,12,0,0,+00:00,2021-05-12 01:52:00+0000,+00:00,2021-05-12 07:36:00+0000,DERIVED,2021-05-12 06:28:00+0000,2021-05-12 06:29:01+0000
3834500519364504352,STAGES,181,0,0,165,16,0,0,+00:00,2021-05-02 14:12:30+0000,+00:00,2021-05-02 17:13:30+0000,DERIVED,2021-05-02 15:27:00+0000,2021-05-02 15:27:42+0000
3861927145760706640,STAGES,325,0,0,317,8,0,0,+00:00,2021-03-08 03:21:30+0000,+00:00,2021-03-08 08:46:30+0000,DERIVED,2021-03-08 08:27:00+0000,2021-03-08 08:27:18+0000
3886090526409597552,STAGES,503,9,0,482,21,0,0,+00:00,2021-07-21 23:45:30+0000,+00:00,2021-07-22 08:17:30+0000,DERIVED,2021-07-22 06:33:00+0000,2021-07-22 06:33:52+0000
3926614815430977008,STAGES,524,0,0,507,17,0,0,+00:00,2020-12-19 23:45:30+0000,+00:00,2020-12-20 08:30:00+0000,DERIVED,2020-12-20 07:47:00+0000,2020-12-20 07:47:03+0000
4002665325312186408,STAGES,477,1,0,455,22,0,0,+00:00,2021-07-03 01:23:00+0000,+00:00,2021-07-03 09:21:00+0000,DERIVED,2021-07-03 07:46:00+0000,2021-07-03 07:46:20+0000
4022868755105488944,STAGES,519,0,0,512,7,0,0,+00:00,2021-02-11 00:26:30+0000,+00:00,2021-02-11 09:06:00+0000,DERIVED,2021-02-11 08:18:00+0000,2021-02-11 08:18:36+0000
4056816047464187488,STAGES,339,0,0,329,10,0,0,+00:00,2021-08-26 01:30:00+0000,+00:00,2021-08-26 07:09:00+0000,DERIVED,2021-08-26 05:26:00+0000,2021-08-26 05:26:50+0000
4073234790390025472,STAGES,439,0,0,422,17,0,0,+00:00,2021-04-04 03:07:00+0000,+00:00,2021-04-04 10:26:30+0000,DERIVED,2021-04-04 08:27:00+0000,2021-04-04 08:27:21+0000
4073935573767887480,STAGES,378,0,0,366,12,0,0,+00:00,2021-07-12 23:42:00+0000,+00:00,2021-07-13 06:00:00+0000,DERIVED,2021-07-13 04:55:00+0000,2021-07-13 04:55:22+0000
4084573651041894648,STAGES,515,0,0,488,27,0,0,+00:00,2020-12-22 00:08:30+0000,+00:00,2020-12-22 08:43:30+0000,DERIVED,2020-12-22 07:49:00+0000,2020-12-22 07:49:33+0000
4090846265040307448,STAGES,479,0,0,460,19,0,0,+00:00,2020-12-26 03:38:00+0000,+00:00,2020-12-26 11:37:30+0000,DERIVED,2020-12-26 11:28:00+0000,2020-12-26 11:28:37+0000
4109936628690729224,STAGES,428,2,0,412,16,0,0,+00:00,2021-03-25 00:57:00+0000,+00:00,2021-03-25 08:07:00+0000,DERIVED,2021-03-25 07:22:00+0000,2021-03-25 07:22:37+0000
4131230152304212512,STAGES,501,0,0,483,18,0,0,+00:00,2021-02-22 23:08:30+0000,+00:00,2021-02-23 07:30:00+0000,DERIVED,2021-02-23 06:50:00+0000,2021-02-23 06:50:06+0000
4173478617588193344,STAGES,473,0,0,453,20,0,0,+00:00,2021-07-24 23:08:30+0000,+00:00,2021-07-25 07:02:00+0000,DERIVED,2021-07-25 05:17:00+0000,2021-07-25 05:17:23+0000
4182603646832967152,STAGES,417,1,0,411,6,0,0,+00:00,2021-04-07 00:00:00+0000,+00:00,2021-04-07 06:58:30+0000,DERIVED,2021-04-07 05:20:00+0000,2021-04-07 05:20:07+0000
4193425818087576512,STAGES,435,0,0,410,25,0,0,+00:00,2021-08-20 23:43:00+0000,+00:00,2021-08-21 06:58:30+0000,DERIVED,2021-08-21 05:47:00+0000,2021-08-21 05:47:18+0000
4243712727229501424,STAGES,455,0,0,425,30,0,0,+00:00,2020-12-14 01:14:00+0000,+00:00,2020-12-14 08:49:00+0000,DERIVED,2020-12-14 08:08:00+0000,2020-12-14 08:08:36+0000
4247003633217082488,STAGES,403,1,0,389,14,0,0,+00:00,2021-07-23 01:48:30+0000,+00:00,2021-07-23 08:33:00+0000,DERIVED,2021-07-23 07:05:00+0000,2021-07-23 07:06:01+0000
4249842785311514088,STAGES,518,0,0,506,12,0,0,+00:00,2021-04-25 23:50:30+0000,+00:00,2021-04-26 08:29:00+0000,DERIVED,2021-04-26 07:11:00+0000,2021-04-26 07:11:12+0000
4250248602073897056,STAGES,478,0,0,456,22,0,0,+00:00,2020-12-13 02:44:30+0000,+00:00,2020-12-13 10:42:30+0000,DERIVED,2020-12-13 10:18:00+0000,2020-12-13 10:18:12+0000
4288107345846103728,STAGES,543,0,0,534,9,0,0,+00:00,2021-02-01 01:16:00+0000,+00:00,2021-02-01 10:19:00+0000,DERIVED,2021-02-01 09:52:00+0000,2021-02-01 09:52:21+0000
4298557946153139288,STAGES,389,0,0,365,24,0,0,+00:00,2020-12-04 00:39:00+0000,+00:00,2020-12-04 07:08:30+0000,DERIVED,2020-12-04 06:37:00+0000,2020-12-04 06:37:29+0000
4305299455298289280,STAGES,397,0,0,385,12,0,0,+00:00,2021-07-25 23:52:30+0000,+00:00,2021-07-26 06:30:00+0000,DERIVED,2021-07-26 04:48:00+0000,2021-07-26 04:48:04+0000
4332437669432178552,STAGES,440,2,0,429,11,0,0,+00:00,2021-06-09 00:09:00+0000,+00:00,2021-06-09 07:31:30+0000,DERIVED,2021-06-09 05:50:00+0000,2021-06-09 05:50:10+0000
4347575451092286304,CLASSIC,76,0,0,76,0,0,0,+00:00,2020-10-20 21:23:00+0000,+00:00,2020-10-20 22:39:00+0000,DERIVED,2020-10-20 20:52:00+0000,2020-10-20 20:52:54+0000
4356189238343153472,STAGES,472,0,0,467,5,0,0,+00:00,2021-07-14 23:42:00+0000,+00:00,2021-07-15 07:34:00+0000,DERIVED,2021-07-15 06:52:00+0000,2021-07-15 06:52:25+0000
4435919967665753480,STAGES,625,0,0,580,45,0,0,+00:00,2021-02-26 22:27:30+0000,+00:00,2021-02-27 08:52:30+0000,DERIVED,2021-02-27 10:15:00+0000,2021-02-27 10:15:17+0000
4478396705806517440,STAGES,447,0,0,439,8,0,0,+00:00,2021-04-30 01:03:00+0000,+00:00,2021-04-30 08:30:00+0000,DERIVED,2021-04-30 06:57:00+0000,2021-04-30 06:57:08+0000
4519770762895194368,STAGES,574,0,0,561,13,0,0,+00:00,2021-01-30 00:42:30+0000,+00:00,2021-01-30 10:16:30+0000,DERIVED,2021-01-30 09:17:00+0000,2021-01-30 09:17:35+0000
4532796310121256216,STAGES,500,0,0,488,12,0,0,+00:00,2020-09-09 00:24:00+0000,+00:00,2020-09-09 08:44:00+0000,DERIVED,2020-09-09 07:27:00+0000,2020-09-09 07:27:05+0000
4577476939049614368,STAGES,549,0,0,533,16,0,0,+00:00,2021-01-03 23:00:30+0000,+00:00,2021-01-04 08:09:30+0000,DERIVED,2021-01-04 07:50:00+0000,2021-01-04 07:50:44+0000
4608449160917232128,STAGES,409,0,0,396,13,0,0,+00:00,2021-04-18 02:39:00+0000,+00:00,2021-04-18 09:28:30+0000,DERIVED,2021-04-18 08:07:00+0000,2021-04-18 08:07:39+0000
4686609223473723568,STAGES,455,0,0,439,16,0,0,+00:00,2021-07-07 00:09:00+0000,+00:00,2021-07-07 07:44:00+0000,DERIVED,2021-07-07 06:04:00+0000,2021-07-07 06:04:07+0000
4700883137360946840,STAGES,534,7,0,521,13,0,0,+00:00,2021-03-13 00:40:30+0000,+00:00,2021-03-13 09:42:00+0000,DERIVED,2021-03-13 08:58:00+0000,2021-03-13 08:58:49+0000
4725596364905896424,STAGES,344,1,0,328,16,0,0,+00:00,2021-06-23 01:57:00+0000,+00:00,2021-06-23 07:42:30+0000,DERIVED,2021-06-23 11:01:00+0000,2021-06-23 11:01:57+0000
4731982606407814224,STAGES,450,1,0,420,30,0,0,+00:00,2021-06-07 00:20:00+0000,+00:00,2021-06-07 07:51:30+0000,DERIVED,2021-06-07 06:07:00+0000,2021-06-07 06:07:51+0000
4764147166784453120,STAGES,638,0,0,616,22,0,0,+00:00,2021-01-17 00:08:00+0000,+00:00,2021-01-17 10:46:30+0000,DERIVED,2021-01-17 10:07:00+0000,2021-01-17 10:07:44+0000
478702561842462280,STAGES,426,6,0,416,10,0,0,+00:00,2021-08-17 00:31:30+0000,+00:00,2021-08-17 07:44:00+0000,DERIVED,2021-08-17 06:02:00+0000,2021-08-17 06:02:45+0000
4841401848223094240,STAGES,519,0,0,507,12,0,0,+00:00,2021-05-05 23:29:30+0000,+00:00,2021-05-06 08:08:30+0000,DERIVED,2021-05-06 06:27:00+0000,2021-05-06 06:27:48+0000
4893911549072090288,STAGES,546,17,0,533,13,0,0,+00:00,2021-04-24 00:05:30+0000,+00:00,2021-04-24 09:29:00+0000,DERIVED,2021-04-24 07:48:00+0000,2021-04-24 07:48:28+0000
4899100071262274904,STAGES,402,0,0,395,7,0,0,+00:00,2021-08-24 00:59:30+0000,+00:00,2021-08-24 07:41:30+0000,DERIVED,2021-08-24 07:05:00+0000,2021-08-24 07:05:42+0000
5035438805566530016,STAGES,586,4,0,575,11,0,0,+00:00,2021-06-03 00:23:00+0000,+00:00,2021-06-03 10:13:00+0000,DERIVED,2021-06-03 08:32:00+0000,2021-06-03 08:32:49+0000
5072820675286664112,STAGES,533,0,0,501,32,0,0,+00:00,2021-03-06 02:57:00+0000,+00:00,2021-03-06 11:50:00+0000,DERIVED,2021-03-06 11:17:00+0000,2021-03-06 11:17:44+0000
5109818294068632488,STAGES,666,0,0,642,24,0,0,+00:00,2021-03-25 23:10:30+0000,+00:00,2021-03-26 10:16:30+0000,DERIVED,2021-03-26 09:50:00+0000,2021-03-26 09:51:00+0000
512989429993249592,STAGES,251,0,0,245,6,0,0,+00:00,2021-08-25 00:17:00+0000,+00:00,2021-08-25 04:28:30+0000,DERIVED,2021-08-25 06:36:00+0000,2021-08-25 06:36:02+0000
515893582860166184,STAGES,522,0,0,497,25,0,0,+00:00,2021-08-06 23:28:00+0000,+00:00,2021-08-07 08:10:00+0000,DERIVED,2021-08-07 08:09:00+0000,2021-08-07 08:09:14+0000
5167771914888387056,STAGES,366,0,0,346,20,0,0,+00:00,2021-07-31 02:49:00+0000,+00:00,2021-07-31 08:55:30+0000,DERIVED,2021-07-31 08:01:00+0000,2021-07-31 08:01:42+0000
51747326503834064,STAGES,435,0,0,408,27,0,0,+00:00,2021-06-25 00:22:00+0000,+00:00,2021-06-25 07:37:30+0000,DERIVED,2021-06-25 06:02:00+0000,2021-06-25 06:02:47+0000
5195996017095103904,STAGES,456,3,0,415,41,0,0,+00:00,2021-08-10 01:22:30+0000,+00:00,2021-08-10 09:02:00+0000,DERIVED,2021-08-10 07:23:00+0000,2021-08-10 07:23:49+0000
5215245455461244424,STAGES,464,0,0,440,24,0,0,+00:00,2021-03-31 01:37:30+0000,+00:00,2021-03-31 09:22:00+0000,DERIVED,2021-03-31 07:39:00+0000,2021-03-31 07:39:18+0000
522414409886377008,STAGES,442,0,0,423,19,0,0,+00:00,2021-06-21 01:21:00+0000,+00:00,2021-06-21 08:43:30+0000,DERIVED,2021-06-21 07:08:00+0000,2021-06-21 07:08:57+0000
5323257464079947536,STAGES,583,2,0,557,26,0,0,+00:00,2021-08-07 23:56:00+0000,+00:00,2021-08-08 09:41:30+0000,DERIVED,2021-08-08 09:21:00+0000,2021-08-08 09:21:38+0000
5346256216942172512,STAGES,446,0,0,442,4,0,0,+00:00,2021-05-02 01:05:00+0000,+00:00,2021-05-02 08:31:30+0000,DERIVED,2021-05-02 06:57:00+0000,2021-05-02 06:57:14+0000
5351749114270715504,STAGES,450,0,0,435,15,0,0,+00:00,2021-08-03 00:22:30+0000,+00:00,2021-08-03 07:53:00+0000,DERIVED,2021-08-03 06:08:00+0000,2021-08-03 06:08:13+0000
5373457300592938840,STAGES,457,1,0,448,9,0,0,+00:00,2021-06-01 00:40:30+0000,+00:00,2021-06-01 08:18:30+0000,DERIVED,2021-06-01 07:09:00+0000,2021-06-01 07:09:19+0000
5403406481241817432,CLASSIC,143,3,0,131,12,0,0,+00:00,2021-02-02 17:25:30+0000,+00:00,2021-02-02 19:52:00+0000,DERIVED,2021-02-03 08:12:00+0000,2021-02-03 08:12:45+0000
5424550032672584976,STAGES,220,0,0,210,10,0,0,+00:00,2021-08-26 10:34:00+0000,+00:00,2021-08-26 14:14:30+0000,DERIVED,2021-08-26 13:10:00+0000,2021-08-26 13:10:36+0000
5430402364815379120,STAGES,417,0,0,398,19,0,0,+00:00,2021-03-10 00:16:00+0000,+00:00,2021-03-10 07:13:00+0000,DERIVED,2021-03-10 06:35:00+0000,2021-03-10 06:36:00+0000
5436236121234508032,STAGES,510,0,0,490,20,0,0,+00:00,2021-07-04 23:49:00+0000,+00:00,2021-07-05 08:19:30+0000,DERIVED,2021-07-05 15:11:00+0000,2021-07-05 15:12:05+0000
5468190022330111832,STAGES,471,0,0,447,24,0,0,+00:00,2020-10-14 01:59:00+0000,+00:00,2020-10-14 09:50:30+0000,DERIVED,2020-10-14 08:06:00+0000,2020-10-14 08:06:12+0000
5486887426085846848,STAGES,370,0,0,347,23,0,0,+00:00,2021-05-05 00:25:00+0000,+00:00,2021-05-05 06:35:30+0000,DERIVED,2021-05-05 04:52:00+0000,2021-05-05 04:52:16+0000
5493244131856918224,STAGES,583,0,0,561,22,0,0,+00:00,2020-09-06 22:47:00+0000,+00:00,2020-09-07 08:30:00+0000,DERIVED,2020-09-07 06:49:00+0000,2020-09-07 06:49:38+0000
5494779512457596216,STAGES,437,1,0,423,14,0,0,+00:00,2020-09-11 00:17:00+0000,+00:00,2020-09-11 07:35:30+0000,DERIVED,2020-09-11 05:58:00+0000,2020-09-11 05:58:44+0000
5564984637500813872,STAGES,453,0,0,435,18,0,0,+00:00,2021-01-21 00:06:00+0000,+00:00,2021-01-21 07:39:30+0000,DERIVED,2021-01-21 07:08:00+0000,2021-01-21 07:08:30+0000
5645849039527763472,STAGES,456,0,0,442,14,0,0,+00:00,2021-02-05 00:44:00+0000,+00:00,2021-02-05 08:20:00+0000,DERIVED,2021-02-05 07:36:00+0000,2021-02-05 07:37:00+0000
5657714390843336720,STAGES,572,0,0,563,9,0,0,+00:00,2021-04-20 23:38:00+0000,+00:00,2021-04-21 09:10:00+0000,DERIVED,2021-04-21 08:05:00+0000,2021-04-21 08:05:09+0000
5673731105117303736,STAGES,434,0,0,429,5,0,0,+00:00,2021-05-01 01:00:00+0000,+00:00,2021-05-01 08:14:30+0000,DERIVED,2021-05-01 06:34:00+0000,2021-05-01 06:34:09+0000
5680160931390966672,STAGES,553,4,0,518,35,0,0,+00:00,2021-01-10 00:52:30+0000,+00:00,2021-01-10 10:09:30+0000,DERIVED,2021-01-10 09:10:00+0000,2021-01-10 09:10:32+0000
5698081176259389648,STAGES,514,0,0,495,19,0,0,+00:00,2021-07-02 00:33:00+0000,+00:00,2021-07-02 09:07:30+0000,DERIVED,2021-07-02 07:27:00+0000,2021-07-02 07:27:16+0000
5727644715878930520,STAGES,433,0,0,412,21,0,0,+00:00,2021-07-29 00:56:00+0000,+00:00,2021-07-29 08:09:30+0000,DERIVED,2021-07-29 06:52:00+0000,2021-07-29 06:52:44+0000
5746744148951525464,STAGES,269,1,0,260,9,0,0,+00:00,2020-10-07 01:15:00+0000,+00:00,2020-10-07 05:45:00+0000,DERIVED,2020-10-07 03:57:00+0000,2020-10-07 03:57:19+0000
5776649345853072008,STAGES,327,4,0,308,19,0,0,+00:00,2021-08-30 06:26:30+0000,+00:00,2021-08-30 11:57:30+0000,DERIVED,2021-08-30 10:12:00+0000,2021-08-30 10:12:37+0000
5802747570013404224,STAGES,452,0,0,440,12,0,0,+00:00,2021-06-16 23:07:00+0000,+00:00,2021-06-17 06:39:00+0000,DERIVED,2021-06-20 09:50:00+0000,2021-06-20 09:50:21+0000
585739228847431528,STAGES,504,5,0,493,11,0,0,+00:00,2021-02-16 00:31:00+0000,+00:00,2021-02-16 09:00:00+0000,DERIVED,2021-02-16 08:23:00+0000,2021-02-16 08:23:58+0000
586214117821038464,STAGES,438,1,0,427,11,0,0,+00:00,2021-02-25 00:38:00+0000,+00:00,2021-02-25 07:57:30+0000,DERIVED,2021-02-25 07:28:00+0000,2021-02-25 07:28:09+0000
5881843361496849488,STAGES,588,0,0,550,38,0,0,+00:00,2021-01-23 00:18:00+0000,+00:00,2021-01-23 10:06:00+0000,DERIVED,2021-01-23 09:31:00+0000,2021-01-23 09:31:47+0000
5882172450331392960,STAGES,473,7,0,464,9,0,0,+00:00,2020-09-08 00:37:00+0000,+00:00,2020-09-08 08:37:30+0000,DERIVED,2020-09-08 07:27:00+0000,2020-09-08 07:27:07+0000
5895934939615819680,STAGES,611,0,0,593,18,0,0,+00:00,2020-09-29 01:36:00+0000,+00:00,2020-09-29 11:51:00+0000,DERIVED,2020-09-29 07:53:00+0000,2020-09-29 10:11:23+0000
5906135812759806624,STAGES,516,0,0,510,6,0,0,+00:00,2021-04-15 23:39:00+0000,+00:00,2021-04-16 08:15:00+0000,DERIVED,2021-04-16 06:35:00+0000,2021-04-16 06:35:43+0000
5926245380175987464,STAGES,426,0,0,406,20,0,0,+00:00,2021-04-17 03:45:30+0000,+00:00,2021-04-17 10:52:00+0000,DERIVED,2021-04-17 09:26:00+0000,2021-04-17 09:26:06+0000
5928407636856504456,STAGES,412,0,0,399,13,0,0,+00:00,2020-12-29 02:07:30+0000,+00:00,2020-12-29 09:00:00+0000,DERIVED,2020-12-29 08:28:00+0000,2020-12-29 08:28:46+0000
5934471338000487544,STAGES,354,0,0,344,10,0,0,+00:00,2020-09-23 01:55:00+0000,+00:00,2020-09-23 07:49:00+0000,DERIVED,2020-09-23 06:01:00+0000,2020-09-23 06:01:22+0000
5970457799242904344,STAGES,504,0,0,490,14,0,0,+00:00,2021-06-29 00:35:00+0000,+00:00,2021-06-29 08:59:30+0000,DERIVED,2021-06-29 07:18:00+0000,2021-06-29 07:18:43+0000
6007830453395427240,STAGES,636,0,0,588,48,0,0,+00:00,2021-07-09 22:19:30+0000,+00:00,2021-07-10 08:55:30+0000,DERIVED,2021-07-10 07:27:00+0000,2021-07-10 07:27:35+0000
603217460684684080,STAGES,402,7,0,395,7,0,0,+00:00,2021-07-13 23:12:30+0000,+00:00,2021-07-14 06:01:30+0000,DERIVED,2021-07-14 04:16:00+0000,2021-07-14 04:16:11+0000
6050893543496385824,STAGES,518,0,0,502,16,0,0,+00:00,2021-06-09 23:15:00+0000,+00:00,2021-06-10 07:53:30+0000,DERIVED,2021-06-10 06:07:00+0000,2021-06-10 06:07:48+0000
6054156463982061952,CLASSIC,84,0,0,81,3,0,0,+00:00,2021-04-21 16:27:00+0000,+00:00,2021-04-21 17:51:00+0000,DERIVED,2021-04-21 16:42:00+0000,2021-04-21 16:42:02+0000
6078051369283828432,CLASSIC,65,0,0,65,0,0,0,+00:00,2020-11-10 17:11:00+0000,+00:00,2020-11-10 18:16:00+0000,DERIVED,2020-11-13 04:40:00+0000,2020-11-13 04:40:39+0000
608689630296282304,STAGES,481,0,0,464,17,0,0,+00:00,2021-07-19 23:09:00+0000,+00:00,2021-07-20 07:10:30+0000,DERIVED,2021-07-20 05:43:00+0000,2021-07-20 05:43:04+0000
6100094636893853080,STAGES,452,13,0,441,11,0,0,+00:00,2021-01-31 02:09:30+0000,+00:00,2021-01-31 09:55:00+0000,DERIVED,2021-01-31 09:07:00+0000,2021-01-31 09:07:35+0000
6194579180468151448,STAGES,514,0,0,506,8,0,0,+00:00,2021-05-03 00:45:30+0000,+00:00,2021-05-03 09:19:30+0000,DERIVED,2021-05-03 07:40:00+0000,2021-05-03 07:40:52+0000
6209646586371484440,STAGES,466,0,0,440,26,0,0,+00:00,2021-03-09 01:42:00+0000,+00:00,2021-03-09 09:28:00+0000,DERIVED,2021-03-09 08:46:00+0000,2021-03-09 08:46:09+0000
6243140857736628616,STAGES,507,0,0,495,12,0,0,+00:00,2020-12-27 03:59:00+0000,+00:00,2020-12-27 12:26:30+0000,DERIVED,2020-12-27 11:45:00+0000,2020-12-27 11:45:27+0000
6259991476547669784,STAGES,450,0,0,446,4,0,0,+00:00,2021-02-07 23:59:00+0000,+00:00,2021-02-08 07:29:00+0000,DERIVED,2021-02-08 06:49:00+0000,2021-02-08 06:49:38+0000
626686184012172640,STAGES,480,0,0,454,26,0,0,+00:00,2021-07-08 23:53:00+0000,+00:00,2021-07-09 07:53:30+0000,DERIVED,2021-07-09 06:19:00+0000,2021-07-09 06:19:24+0000
6272675242181622768,STAGES,408,0,0,385,23,0,0,+00:00,2021-08-04 23:54:30+0000,+00:00,2021-08-05 06:42:30+0000,DERIVED,2021-08-05 05:25:00+0000,2021-08-05 05:25:50+0000
6280816472579404992,STAGES,288,0,0,278,10,0,0,+00:00,2020-11-15 19:52:00+0000,+00:00,2020-11-16 00:40:30+0000,DERIVED,2020-11-16 00:05:00+0000,2020-11-16 00:05:16+0000
6296458839005570008,STAGES,374,0,0,359,15,0,0,+00:00,2021-01-29 01:35:00+0000,+00:00,2021-01-29 07:49:00+0000,DERIVED,2021-01-29 07:19:00+0000,2021-01-29 07:19:12+0000
6326157313601105896,STAGES,526,2,0,488,38,0,0,+00:00,2020-12-24 02:42:00+0000,+00:00,2020-12-24 11:30:30+0000,DERIVED,2020-12-24 11:03:00+0000,2020-12-24 11:03:07+0000
633499769889083688,CLASSIC,61,0,0,59,2,0,0,+00:00,2021-03-11 18:57:00+0000,+00:00,2021-03-11 19:58:00+0000,DERIVED,2021-03-11 19:12:00+0000,2021-03-11 19:12:35+0000
6372183132137893600,STAGES,489,11,0,464,25,0,0,+00:00,2020-09-15 00:41:00+0000,+00:00,2020-09-15 09:01:30+0000,DERIVED,2020-09-15 07:17:00+0000,2020-09-15 07:17:06+0000
6391525722039359808,STAGES,397,0,0,390,7,0,0,+00:00,2021-04-15 01:42:00+0000,+00:00,2021-04-15 08:19:30+0000,DERIVED,2021-04-15 06:46:00+0000,2021-04-15 06:46:09+0000
6435218526606613432,STAGES,487,0,0,458,29,0,0,+00:00,2021-01-01 02:24:30+0000,+00:00,2021-01-01 10:31:30+0000,DERIVED,2021-01-01 09:32:00+0000,2021-01-01 09:32:48+0000
6440751986580322488,STAGES,401,0,0,389,12,0,0,+00:00,2021-02-17 00:05:00+0000,+00:00,2021-02-17 06:46:00+0000,DERIVED,2021-02-17 06:23:00+0000,2021-02-17 06:24:01+0000
6441518722565557328,CLASSIC,88,1,0,73,15,0,0,+00:00,2021-09-02 10:45:30+0000,+00:00,2021-09-02 12:14:30+0000,DERIVED,2021-09-02 10:29:00+0000,2021-09-02 10:33:27+0000
6459179527306243888,STAGES,521,4,0,500,21,0,0,+00:00,2021-01-25 00:26:30+0000,+00:00,2021-01-25 09:11:30+0000,DERIVED,2021-01-25 08:33:00+0000,2021-01-25 08:33:22+0000
6464249789733743216,STAGES,576,0,0,523,53,0,0,+00:00,2020-11-29 01:11:30+0000,+00:00,2020-11-29 10:47:30+0000,DERIVED,2020-11-29 10:24:00+0000,2020-11-29 10:24:13+0000
6489965408702474064,STAGES,493,0,0,467,26,0,0,+00:00,2021-03-01 00:52:30+0000,+00:00,2021-03-01 09:05:30+0000,DERIVED,2021-03-01 08:20:00+0000,2021-03-01 08:20:37+0000
6515313675754406672,STAGES,583,0,0,553,30,0,0,+00:00,2020-11-18 23:58:00+0000,+00:00,2020-11-19 09:41:30+0000,DERIVED,2020-11-19 08:42:00+0000,2020-11-19 08:42:43+0000
6520161542651017752,STAGES,330,0,0,287,43,0,0,+00:00,2021-07-24 00:05:30+0000,+00:00,2021-07-24 05:35:30+0000,DERIVED,2021-07-24 03:37:00+0000,2021-07-24 03:37:02+0000
6537975839901814848,STAGES,400,1,0,394,6,0,0,+00:00,2021-04-03 03:07:00+0000,+00:00,2021-04-03 09:48:30+0000,DERIVED,2021-04-03 08:04:00+0000,2021-04-03 08:04:18+0000
6578358247110472176,STAGES,456,0,0,440,16,0,0,+00:00,2021-06-04 00:57:30+0000,+00:00,2021-06-04 08:33:30+0000,DERIVED,2021-06-04 06:34:00+0000,2021-06-04 06:34:06+0000
6625763421598907936,STAGES,357,0,0,346,11,0,0,+00:00,2020-11-30 01:43:00+0000,+00:00,2020-11-30 07:40:00+0000,DERIVED,2020-11-30 07:18:00+0000,2020-11-30 07:18:17+0000
6654595758074019368,STAGES,457,0,0,448,9,0,0,+00:00,2021-03-14 23:28:00+0000,+00:00,2021-03-15 07:05:00+0000,DERIVED,2021-03-15 06:23:00+0000,2021-03-15 06:23:49+0000
6752429757739897432,STAGES,364,1,0,356,8,0,0,+00:00,2021-03-18 01:28:00+0000,+00:00,2021-03-18 07:33:00+0000,DERIVED,2021-03-18 07:19:00+0000,2021-03-18 07:19:48+0000
6770079167692588936,STAGES,430,0,0,412,18,0,0,+00:00,2021-05-31 00:24:30+0000,+00:00,2021-05-31 07:34:30+0000,DERIVED,2021-05-31 05:48:00+0000,2021-05-31 05:48:15+0000
6830709062842392424,STAGES,424,0,0,422,2,0,0,+00:00,2020-11-12 00:45:00+0000,+00:00,2020-11-12 07:49:00+0000,DERIVED,2020-11-13 04:40:00+0000,2020-11-13 04:40:41+0000
692403786358189848,STAGES,535,0,0,492,43,0,0,+00:00,2021-08-20 01:01:30+0000,+00:00,2021-08-20 09:57:00+0000,DERIVED,2021-08-20 10:54:00+0000,2021-08-20 10:54:18+0000
6927566906942444504,CLASSIC,65,0,0,61,4,0,0,+00:00,2020-12-17 17:29:30+0000,+00:00,2020-12-17 18:34:30+0000,DERIVED,2020-12-17 18:27:00+0000,2020-12-17 18:27:07+0000
6945284311934366192,STAGES,321,2,0,319,2,0,0,+00:00,2021-02-22 00:52:30+0000,+00:00,2021-02-22 06:15:30+0000,DERIVED,2021-02-22 06:02:00+0000,2021-02-22 06:02:42+0000
6955963176638165000,STAGES,464,3,0,455,9,0,0,+00:00,2020-11-23 00:21:00+0000,+00:00,2020-11-23 08:08:30+0000,DERIVED,2020-11-23 07:42:00+0000,2020-11-23 07:42:40+0000
7016668099220997840,STAGES,373,0,0,351,22,0,0,+00:00,2021-04-01 01:51:30+0000,+00:00,2021-04-01 08:04:30+0000,DERIVED,2021-04-01 06:19:00+0000,2021-04-01 06:19:04+0000
703523098320151936,STAGES,188,0,0,171,17,0,0,+00:00,2020-12-27 19:36:00+0000,+00:00,2020-12-27 22:44:00+0000,DERIVED,2020-12-27 21:59:00+0000,2020-12-27 21:59:31+0000
7076989594890665928,STAGES,576,6,0,546,30,0,0,+00:00,2020-09-05 01:15:00+0000,+00:00,2020-09-05 10:57:00+0000,DERIVED,2020-09-05 09:16:00+0000,2020-09-05 09:16:26+0000
7141020019495903832,STAGES,182,0,0,173,9,0,0,+00:00,2020-09-20 18:30:30+0000,+00:00,2020-09-20 21:32:30+0000,DERIVED,2020-09-20 19:45:00+0000,2020-09-20 19:45:23+0000
7155324062194377128,STAGES,587,0,0,562,25,0,0,+00:00,2021-03-21 02:06:30+0000,+00:00,2021-03-21 11:53:30+0000,DERIVED,2021-03-21 11:25:00+0000,2021-03-21 11:25:54+0000
716075569924058008,STAGES,558,7,0,533,25,0,0,+00:00,2021-04-06 00:11:30+0000,+00:00,2021-04-06 09:37:00+0000,DERIVED,2021-04-06 07:53:00+0000,2021-04-06 07:54:02+0000
7166963546439111888,STAGES,495,3,0,490,5,0,0,+00:00,2021-04-19 00:52:30+0000,+00:00,2021-04-19 09:10:30+0000,DERIVED,2021-04-19 07:32:00+0000,2021-04-19 07:32:14+0000
7181471755574838120,STAGES,452,0,0,440,12,0,0,+00:00,2020-11-18 00:17:00+0000,+00:00,2020-11-18 07:49:00+0000,DERIVED,2020-11-18 07:02:00+0000,2020-11-18 07:02:54+0000
7186868690762785504,STAGES,433,0,0,408,25,0,0,+00:00,2021-02-28 04:23:00+0000,+00:00,2021-02-28 11:36:30+0000,DERIVED,2021-02-28 11:17:00+0000,2021-02-28 11:17:28+0000
7188329302645596184,CLASSIC,82,0,0,74,8,0,0,+00:00,2021-03-05 18:08:30+0000,+00:00,2021-03-05 19:31:00+0000,DERIVED,2021-03-05 18:51:00+0000,2021-03-05 18:51:52+0000
7194359427022296088,STAGES,413,0,0,392,21,0,0,+00:00,2021-05-27 00:28:30+0000,+00:00,2021-05-27 07:22:00+0000,DERIVED,2021-05-27 05:44:00+0000,2021-05-27 05:44:27+0000
7235584295529365384,STAGES,502,2,0,484,18,0,0,+00:00,2021-04-27 00:29:00+0000,+00:00,2021-04-27 08:53:30+0000,DERIVED,2021-04-27 07:07:00+0000,2021-04-27 07:07:39+0000
7248793955051657600,STAGES,385,3,0,369,16,0,0,+00:00,2021-03-03 00:51:30+0000,+00:00,2021-03-03 07:20:00+0000,DERIVED,2021-03-03 06:34:00+0000,2021-03-03 06:34:06+0000
7290980753036532128,STAGES,436,1,0,407,29,0,0,+00:00,2021-01-09 01:36:30+0000,+00:00,2021-01-09 08:53:30+0000,DERIVED,2021-01-09 08:09:00+0000,2021-01-09 08:09:18+0000
7303226470410544936,STAGES,428,0,0,406,22,0,0,+00:00,2021-03-22 00:41:00+0000,+00:00,2021-03-22 07:49:00+0000,DERIVED,2021-03-22 07:10:00+0000,2021-03-22 07:10:06+0000
733831803048729640,STAGES,441,0,0,422,19,0,0,+00:00,2021-05-08 23:47:30+0000,+00:00,2021-05-09 07:08:30+0000,DERIVED,2021-05-09 05:09:00+0000,2021-05-09 05:09:52+0000
7340455139977666544,CLASSIC,102,0,0,94,8,0,0,+00:00,2021-06-29 16:29:30+0000,+00:00,2021-06-29 18:11:30+0000,DERIVED,2021-06-29 16:55:00+0000,2021-06-29 16:55:55+0000
7356954875123812400,STAGES,386,0,0,365,21,0,0,+00:00,2021-08-09 00:07:30+0000,+00:00,2021-08-09 06:34:00+0000,DERIVED,2021-08-09 05:12:00+0000,2021-08-09 05:12:50+0000
739397367861986208,STAGES,295,0,0,286,9,0,0,+00:00,2020-09-30 03:55:00+0000,+00:00,2020-09-30 08:50:30+0000,DERIVED,2020-09-30 07:10:00+0000,2020-09-30 07:10:31+0000
7417555491887525256,STAGES,601,1,0,577,24,0,0,+00:00,2021-03-28 00:47:30+0000,+00:00,2021-03-28 10:49:30+0000,DERIVED,2021-03-28 08:56:00+0000,2021-03-28 08:56:56+0000
7417793859276322712,STAGES,466,0,0,456,10,0,0,+00:00,2021-02-04 00:15:00+0000,+00:00,2021-02-04 08:01:30+0000,DERIVED,2021-02-04 07:21:00+0000,2021-02-04 07:21:48+0000
7496081721112594936,STAGES,372,0,0,330,42,0,0,+00:00,2021-02-03 01:36:30+0000,+00:00,2021-02-03 07:48:30+0000,DERIVED,2021-02-03 08:12:00+0000,2021-02-03 08:12:46+0000
7519181626617871648,STAGES,535,0,0,514,21,0,0,+00:00,2021-08-27 02:15:00+0000,+00:00,2021-08-27 11:10:00+0000,DERIVED,2021-08-27 09:40:00+0000,2021-08-27 09:40:35+0000
7625215619761029736,STAGES,416,0,0,397,19,0,0,+00:00,2021-04-13 02:01:00+0000,+00:00,2021-04-13 08:57:00+0000,DERIVED,2021-04-13 07:10:00+0000,2021-04-13 07:10:51+0000
7636237772649615152,STAGES,500,1,0,464,36,0,0,+00:00,2021-02-25 23:41:30+0000,+00:00,2021-02-26 08:02:30+0000,DERIVED,2021-02-26 07:22:00+0000,2021-02-26 07:22:31+0000
7685356159753175384,STAGES,494,0,0,479,15,0,0,+00:00,2021-06-30 00:45:30+0000,+00:00,2021-06-30 08:59:30+0000,DERIVED,2021-06-30 07:23:00+0000,2021-06-30 07:23:38+0000
7761233973952488936,STAGES,454,0,0,421,33,0,0,+00:00,2020-12-18 01:31:00+0000,+00:00,2020-12-18 09:09:30+0000,DERIVED,2020-12-18 05:37:00+0000,2020-12-18 08:57:07+0000
7784246527958854768,STAGES,189,0,0,181,8,0,0,+00:00,2021-04-16 15:16:30+0000,+00:00,2021-04-16 18:26:00+0000,DERIVED,2021-04-16 17:35:00+0000,2021-04-16 17:35:22+0000
7798131327461275072,STAGES,479,0,0,448,31,0,0,+00:00,2021-03-23 00:46:00+0000,+00:00,2021-03-23 08:45:00+0000,DERIVED,2021-03-23 08:01:00+0000,2021-03-23 08:01:21+0000
7883604820650482840,STAGES,365,0,0,341,24,0,0,+00:00,2021-07-19 01:31:30+0000,+00:00,2021-07-19 07:36:30+0000,DERIVED,2021-07-19 05:52:00+0000,2021-07-19 05:52:40+0000
7891586064370082280,STAGES,535,0,0,522,13,0,0,+00:00,2021-05-10 22:46:30+0000,+00:00,2021-05-11 07:41:30+0000,DERIVED,2021-05-11 06:27:00+0000,2021-05-11 06:27:34+0000
7895860470594812728,STAGES,626,0,0,606,20,0,0,+00:00,2021-02-14 00:34:30+0000,+00:00,2021-02-14 11:01:00+0000,DERIVED,2021-02-14 10:15:00+0000,2021-02-14 10:15:45+0000
7906253432154449384,CLASSIC,112,0,0,94,18,0,0,+00:00,2021-02-25 18:07:00+0000,+00:00,2021-02-25 19:59:00+0000,DERIVED,2021-02-25 19:26:00+0000,2021-02-25 19:26:57+0000
7908493113102578968,STAGES,345,0,0,337,8,0,0,+00:00,2021-06-14 01:35:00+0000,+00:00,2021-06-14 07:20:00+0000,DERIVED,2021-06-14 05:41:00+0000,2021-06-14 05:41:22+0000
7969641554724607416,STAGES,349,0,0,340,9,0,0,+00:00,2021-06-24 02:08:00+0000,+00:00,2021-06-24 07:57:30+0000,DERIVED,2021-06-24 06:12:00+0000,2021-06-24 06:12:35+0000
8086158920158054104,STAGES,303,0,0,291,12,0,0,+00:00,2020-11-16 02:34:00+0000,+00:00,2020-11-16 07:37:30+0000,DERIVED,2020-11-16 06:38:00+0000,2020-11-16 06:38:29+0000
8092072388552499480,STAGES,501,0,0,493,8,0,0,+00:00,2020-12-28 03:55:00+0000,+00:00,2020-12-28 12:16:30+0000,DERIVED,2020-12-28 11:31:00+0000,2020-12-28 11:31:58+0000
8098499958499290248,STAGES,446,0,0,429,17,0,0,+00:00,2020-10-05 23:23:00+0000,+00:00,2020-10-06 06:49:00+0000,DERIVED,2020-10-06 05:08:00+0000,2020-10-06 05:08:18+0000
8171335879338148664,STAGES,482,0,0,467,15,0,0,+00:00,2021-08-28 02:17:00+0000,+00:00,2021-08-28 10:19:00+0000,DERIVED,2021-08-28 08:53:00+0000,2021-08-28 08:53:55+0000
8179397916167341280,STAGES,572,0,0,513,59,0,0,+00:00,2021-02-20 21:59:00+0000,+00:00,2021-02-21 07:31:30+0000,DERIVED,2021-02-21 06:49:00+0000,2021-02-21 06:49:13+0000
8203011371687248672,STAGES,444,0,0,428,16,0,0,+00:00,2021-09-02 00:56:00+0000,+00:00,2021-09-02 08:20:30+0000,DERIVED,2021-09-02 06:49:00+0000,2021-09-02 06:49:11+0000
8205169940650245096,STAGES,404,0,0,384,20,0,0,+00:00,2021-04-09 01:54:30+0000,+00:00,2021-04-09 08:39:00+0000,DERIVED,2021-04-09 06:51:00+0000,2021-04-09 06:51:32+0000
8211781883309353536,STAGES,380,0,0,358,22,0,0,+00:00,2021-08-19 02:29:00+0000,+00:00,2021-08-19 08:49:30+0000,DERIVED,2021-08-19 08:28:00+0000,2021-08-19 08:28:42+0000
8227834712540997704,STAGES,409,0,0,402,7,0,0,+00:00,2021-04-14 01:49:30+0000,+00:00,2021-04-14 08:39:00+0000,DERIVED,2021-04-14 07:18:00+0000,2021-04-14 07:18:24+0000
8265164876977683368,STAGES,420,0,0,398,22,0,0,+00:00,2020-11-11 00:44:00+0000,+00:00,2020-11-11 07:44:30+0000,DERIVED,2020-11-13 04:40:00+0000,2020-11-13 04:40:41+0000
8277159729462263704,STAGES,473,0,0,460,13,0,0,+00:00,2021-04-27 23:57:30+0000,+00:00,2021-04-28 07:50:30+0000,DERIVED,2021-04-28 06:20:00+0000,2021-04-28 06:20:35+0000
8285994545153293840,STAGES,602,5,0,565,37,0,0,+00:00,2021-08-29 02:01:00+0000,+00:00,2021-08-29 12:08:30+0000,DERIVED,2021-08-29 10:24:00+0000,2021-08-29 10:24:38+0000
8288084465213264552,STAGES,430,0,0,407,23,0,0,+00:00,2020-11-06 00:23:00+0000,+00:00,2020-11-06 07:33:00+0000,DERIVED,2020-11-06 06:49:00+0000,2020-11-06 06:49:09+0000
8299800835839793576,STAGES,465,0,0,432,33,0,0,+00:00,2020-10-15 01:18:00+0000,+00:00,2020-10-15 09:03:00+0000,DERIVED,2020-10-15 07:19:00+0000,2020-10-15 07:19:25+0000
8341136179708505624,STAGES,479,10,0,467,12,0,0,+00:00,2020-10-05 01:04:30+0000,+00:00,2020-10-05 09:14:00+0000,DERIVED,2020-10-05 07:32:00+0000,2020-10-05 07:32:58+0000
8357878323543540216,STAGES,416,0,0,396,20,0,0,+00:00,2020-12-17 00:06:00+0000,+00:00,2020-12-17 07:02:00+0000,DERIVED,2020-12-17 10:34:00+0000,2020-12-17 10:34:06+0000
835861996810426304,STAGES,194,1,0,179,15,0,0,+00:00,2021-01-17 17:54:00+0000,+00:00,2021-01-17 21:09:00+0000,DERIVED,2021-01-17 20:47:00+0000,2021-01-17 20:47:58+0000
8364116012992961696,STAGES,492,0,0,466,26,0,0,+00:00,2020-12-31 02:26:00+0000,+00:00,2020-12-31 10:38:30+0000,DERIVED,2020-12-31 11:34:00+0000,2020-12-31 11:34:58+0000
8420294471034897152,STAGES,543,0,0,525,18,0,0,+00:00,2020-09-06 01:05:00+0000,+00:00,2020-09-06 10:08:30+0000,DERIVED,2020-09-06 08:28:00+0000,2020-09-06 08:28:28+0000
8476590740856995216,STAGES,493,0,0,472,21,0,0,+00:00,2021-03-16 00:43:30+0000,+00:00,2021-03-16 08:57:00+0000,DERIVED,2021-03-16 08:29:00+0000,2021-03-16 08:29:09+0000
8514509209393511152,STAGES,531,0,0,500,31,0,0,+00:00,2021-01-07 00:16:30+0000,+00:00,2021-01-07 09:07:30+0000,DERIVED,2021-01-07 08:21:00+0000,2021-01-07 08:21:16+0000
8517298468119077576,STAGES,297,0,0,272,25,0,0,+00:00,2021-06-12 03:06:00+0000,+00:00,2021-06-12 08:03:30+0000,DERIVED,2021-06-12 06:04:00+0000,2021-06-12 06:04:54+0000
8517544745773353560,STAGES,594,1,0,574,20,0,0,+00:00,2021-05-12 23:40:30+0000,+00:00,2021-05-13 09:35:30+0000,DERIVED,2021-05-13 08:53:00+0000,2021-05-13 08:53:40+0000
8561956760040848624,STAGES,454,0,0,420,34,0,0,+00:00,2021-07-27 22:44:00+0000,+00:00,2021-07-28 06:18:30+0000,DERIVED,2021-07-28 04:35:00+0000,2021-07-28 04:35:31+0000
8586243332218761200,STAGES,529,0,0,520,9,0,0,+00:00,2021-04-02 01:42:30+0000,+00:00,2021-04-02 10:31:30+0000,DERIVED,2021-04-02 09:20:00+0000,2021-04-02 09:20:28+0000
8608496431204347960,STAGES,455,0,0,438,17,0,0,+00:00,2021-08-13 00:13:00+0000,+00:00,2021-08-13 07:48:00+0000,DERIVED,2021-08-13 06:27:00+0000,2021-08-13 06:27:58+0000
8618295625794497632,STAGES,323,0,0,316,7,0,0,+00:00,2021-07-06 03:27:00+0000,+00:00,2021-07-06 08:50:30+0000,DERIVED,2021-07-06 06:51:00+0000,2021-07-06 06:51:23+0000
8624558393650555232,CLASSIC,116,0,0,113,3,0,0,+00:00,2021-01-29 16:56:00+0000,+00:00,2021-01-29 18:52:30+0000,DERIVED,2021-01-29 18:12:00+0000,2021-01-29 18:12:13+0000
8652938382575393080,STAGES,438,0,0,425,13,0,0,+00:00,2021-03-29 02:14:00+0000,+00:00,2021-03-29 09:32:00+0000,DERIVED,2021-03-29 08:25:00+0000,2021-03-29 08:25:26+0000
8694011106405256544,STAGES,554,0,0,541,13,0,0,+00:00,2021-06-08 00:07:00+0000,+00:00,2021-06-08 09:21:30+0000,DERIVED,2021-06-08 07:22:00+0000,2021-06-08 07:22:57+0000
8714786376423286808,STAGES,447,0,0,420,27,0,0,+00:00,2021-02-24 00:23:00+0000,+00:00,2021-02-24 07:50:00+0000,DERIVED,2021-02-24 07:17:00+0000,2021-02-24 07:17:15+0000
8762369154291520704,STAGES,497,1,0,480,17,0,0,+00:00,2021-07-20 23:19:00+0000,+00:00,2021-07-21 07:37:00+0000,DERIVED,2021-07-21 06:10:00+0000,2021-07-21 06:10:27+0000
877278949964362528,STAGES,477,0,0,459,18,0,0,+00:00,2021-02-09 01:23:30+0000,+00:00,2021-02-09 09:21:00+0000,DERIVED,2021-02-09 08:44:00+0000,2021-02-09 08:44:15+0000
8799257754819785624,STAGES,495,0,0,477,18,0,0,+00:00,2021-04-20 00:20:00+0000,+00:00,2021-04-20 08:35:00+0000,DERIVED,2021-04-20 07:02:00+0000,2021-04-20 07:02:25+0000
884728682298824048,STAGES,419,0,0,408,11,0,0,+00:00,2021-06-16 00:50:00+0000,+00:00,2021-06-16 07:49:00+0000,DERIVED,2021-06-20 09:50:00+0000,2021-06-20 09:50:21+0000
8868717746030298320,STAGES,649,0,0,611,38,0,0,+00:00,2021-02-19 22:03:30+0000,+00:00,2021-02-20 08:52:30+0000,DERIVED,2021-02-20 08:05:00+0000,2021-02-20 08:05:08+0000
8911829232280280928,STAGES,390,0,0,384,6,0,0,+00:00,2021-08-14 03:17:30+0000,+00:00,2021-08-14 09:47:30+0000,DERIVED,2021-08-14 08:02:00+0000,2021-08-14 08:02:42+0000
8912994231460304432,STAGES,572,0,0,542,30,0,0,+00:00,2020-11-21 01:09:00+0000,+00:00,2020-11-21 10:41:00+0000,DERIVED,2020-11-21 09:59:00+0000,2020-11-21 10:00:01+0000
892575620087214056,STAGES,352,0,0,324,28,0,0,+00:00,2020-12-19 00:05:30+0000,+00:00,2020-12-19 05:57:30+0000,DERIVED,2020-12-19 05:14:00+0000,2020-12-19 05:14:24+0000
8952936913917087104,STAGES,490,0,0,472,18,0,0,+00:00,2021-08-22 23:56:00+0000,+00:00,2021-08-23 08:06:30+0000,DERIVED,2021-08-24 07:05:00+0000,2021-08-24 07:05:43+0000
8960456228475137168,CLASSIC,118,0,0,105,13,0,0,+00:00,2021-03-19 12:51:00+0000,+00:00,2021-03-19 14:49:00+0000,DERIVED,2021-03-19 14:05:00+0000,2021-03-19 14:05:57+0000
9001112136546077296,STAGES,432,9,0,425,7,0,0,+00:00,2021-02-12 00:59:00+0000,+00:00,2021-02-12 08:20:30+0000,DERIVED,2021-02-12 07:40:00+0000,2021-02-12 07:40:34+0000
9007269167916682584,CLASSIC,98,0,0,87,11,0,0,+00:00,2021-02-06 18:32:00+0000,+00:00,2021-02-06 20:10:00+0000,DERIVED,2021-02-06 19:49:00+0000,2021-02-06 19:49:36+0000
9029151737758267112,STAGES,403,0,0,393,10,0,0,+00:00,2021-03-12 00:56:30+0000,+00:00,2021-03-12 07:39:30+0000,DERIVED,2021-03-12 06:57:00+0000,2021-03-12 06:57:55+0000
9030614882751096808,STAGES,519,0,0,506,13,0,0,+00:00,2021-05-24 00:02:00+0000,+00:00,2021-05-24 08:41:30+0000,DERIVED,2021-05-24 07:01:00+0000,2021-05-24 07:01:42+0000
9042357246480237216,STAGES,416,0,0,405,11,0,0,+00:00,2021-06-26 04:44:00+0000,+00:00,2021-06-26 11:40:00+0000,DERIVED,2021-06-26 09:52:00+0000,2021-06-26 09:52:06+0000
9069526085046139712,CLASSIC,142,0,0,131,11,0,0,+00:00,2020-10-18 16:34:00+0000,+00:00,2020-10-18 18:56:00+0000,DERIVED,2020-10-18 17:11:00+0000,2020-10-18 17:11:28+0000
9073048142453844728,STAGES,485,0,0,453,32,0,0,+00:00,2021-03-20 00:12:30+0000,+00:00,2021-03-20 08:17:30+0000,DERIVED,2021-03-20 07:35:00+0000,2021-03-20 07:35:42+0000
9080832904108919504,STAGES,493,0,0,470,23,0,0,+00:00,2021-06-13 00:33:00+0000,+00:00,2021-06-13 08:46:30+0000,DERIVED,2021-06-13 13:15:00+0000,2021-06-13 13:15:28+0000
913799891755259624,STAGES,508,0,0,497,11,0,0,+00:00,2021-03-04 23:20:00+0000,+00:00,2021-03-05 07:48:30+0000,DERIVED,2021-03-05 07:06:00+0000,2021-03-05 07:06:42+0000
9193462403797200336,CLASSIC,93,0,0,86,7,0,0,+00:00,2020-10-24 17:21:00+0000,+00:00,2020-10-24 18:54:00+0000,DERIVED,2020-10-24 17:15:00+0000,2020-10-24 17:15:19+0000
9196522611384235864,STAGES,466,0,0,448,18,0,0,+00:00,2021-04-12 01:17:00+0000,+00:00,2021-04-12 09:03:30+0000,DERIVED,2021-04-12 08:10:00+0000,2021-04-12 08:10:10+0000
939691523967650928,STAGES,501,0,0,485,16,0,0,+00:00,2021-04-22 23:27:30+0000,+00:00,2021-04-23 07:48:30+0000,DERIVED,2021-04-23 06:04:00+0000,2021-04-23 06:04:26+0000
959704216857820040,STAGES,283,0,0,273,10,0,0,+00:00,2020-11-03 01:15:30+0000,+00:00,2020-11-03 05:58:30+0000,DERIVED,2020-11-04 10:27:00+0000,2020-11-04 10:27:05+0000
