exercise_id,exercise_start,exercise_end,utc_offset,exercise_created,exercise_last_updated,activity_name,log_type,pool_length,pool_length_unit,intervals,distance_units,tracker_total_calories,tracker_total_steps,tracker_total_distance_mm,tracker_total_altitude_mm,tracker_avg_heart_rate,tracker_peak_heart_rate,tracker_avg_pace_mm_per_second,tracker_avg_speed_mm_per_second,tracker_peak_speed_mm_per_second,tracker_auto_stride_run_mm,tracker_auto_stride_walk_mm,tracker_swim_lengths,tracker_pool_length,tracker_pool_length_unit,tracker_cardio_load,manually_logged_total_calories,manually_logged_total_steps,manually_logged_total_distance_mm,manually_logged_pool_length,manually_logged_pool_length_unit,events,activity_type_probabilities,autodetected_confirmed,autodetected_start_timestamp,autodetected_end_timestamp,autodetected_utc_offset,autodetected_activity_name,autodetected_sensor_based_activity_name,deletion_reason,activity_label,suggested_start_timestamp,suggested_end_timestamp,reconciliation_status
1019223050216545816,2025-08-09 15:31:09+0000,2025-08-09 15:51:37+0000,+02:00,2025-08-09 15:59:01+0000,2025-08-09 15:59:01+0000,Outdoor Walk,AUTO_DETECTED,0,UNSPECIFIED,,,,,,,,,,,,,,,,,,,,,,,,,,,,,,,UNSPECIFIED,,,,
1029933284065880456,2025-08-12 13:49:58+0000,2025-08-12 14:10:27+0000,+02:00,2025-08-12 14:19:14+0000,2025-08-12 14:19:14+0000,Outdoor Walk,AUTO_DETECTED,0,UNSPECIFIED,,,,,,,,,,,,,,,,,,,,,,,,,,,,,,,UNSPECIFIED,,,,
1093650356010789208,2025-01-07 15:51:04+0000,2025-01-07 16:16:54+0000,+01:00,2025-01-07 16:11:14+0000,2025-01-07 16:26:20+0000,Outdoor Walk,TRACKER,0,UNSPECIFIED,,IMPERIAL,178,1306,952851,0,108,146,0,78592,683,0,0,0,0,UNSPECIFIED,0,,,,,,,,,,,,,,UNSPECIFIED,,,,
1117180543359124080,2025-07-24 08:04:09+0000,2025-07-24 08:36:00+0000,+02:00,2025-07-24 08:14:57+0000,2025-07-24 08:45:14+0000,Outdoor Walk,TRACKER,0,UNSPECIFIED,,IMPERIAL,243,2017,1431070,0,112,125,0,95616,423,0,0,0,0,UNSPECIFIED,0,,,,,,,,,,,,,,UNSPECIFIED,,,,
1280229376454594456,2025-01-12 09:52:26+0000,2025-01-12 10:34:02+0000,+01:00,2025-01-12 10:12:32+0000,2025-01-12 11:09:05+0000,Outdoor Walk,TRACKER,0,UNSPECIFIED,,IMPERIAL,261,2123,1497023,0,91,128,0,76672,454,0,0,0,0,UNSPECIFIED,0,,,,,,,,,,,,,,UNSPECIFIED,,,,
1430586512382228504,2025-01-11 12:17:48+0000,2025-01-11 12:41:41+0000,+01:00,2025-01-11 16:06:14+0000,2025-01-11 16:06:14+0000,Outdoor Walk,TRACKER,0,UNSPECIFIED,,IMPERIAL,143,1020,736765,0,93,130,0,65792,385,0,0,0,0,UNSPECIFIED,0,,,,,,,,,,,,,,UNSPECIFIED,,,,
1483292545219178016,2025-01-31 17:11:59+0000,2025-01-31 17:30:39+0000,-05:00,2025-01-31 17:22:20+0000,2025-01-31 17:37:27+0000,Outdoor Walk,TRACKER,0,UNSPECIFIED,,IMPERIAL,155,1214,809406,0,102,115,0,92544,421,0,0,0,0,UNSPECIFIED,0,,,,,,,,,,,,,,UNSPECIFIED,,,,
152908965572135368,2024-12-09 13:41:41+0000,2024-12-09 14:23:25+0000,+01:00,2024-12-09 14:03:19+0000,2024-12-09 14:48:32+0000,Outdoor Walk,TRACKER,0,UNSPECIFIED,,IMPERIAL,282,2380,1667320,0,100,123,0,85248,432,0,0,0,0,UNSPECIFIED,0,,,,,,,,,,,,,,UNSPECIFIED,,,,
1593878985866177192,2025-08-26 11:22:27+0000,2025-08-26 12:01:38+0000,-04:00,2025-08-26 12:03:16+0000,2025-08-26 12:03:16+0000,Swim,TRACKER,25,METER,,UNSPECIFIED,0,0,0,0,0,0,0,0,0,0,0,0,25,METER,0,,,,,,,,,,,,,,UNSPECIFIED,,,,
1662429618533924992,2025-08-03 11:29:26+0000,2025-08-03 11:53:20+0000,+02:00,2025-08-03 11:58:05+0000,2025-08-03 11:58:05+0000,Outdoor Walk,AUTO_DETECTED,0,UNSPECIFIED,,,,,,,,,,,,,,,,,,,,,,,,,,,,,,,UNSPECIFIED,,,,
1670271416424910344,2025-01-18 12:52:13+0000,2025-01-18 13:25:51+0000,+01:00,2025-01-21 11:41:30+0000,2025-01-21 11:41:30+0000,Outdoor Walk,TRACKER,0,UNSPECIFIED,,IMPERIAL,255,2211,1602156,0,96,142,0,101504,425,0,0,0,0,UNSPECIFIED,0,,,,,,,,,,,,,,UNSPECIFIED,,,,
1708839797319424688,2025-01-21 11:52:45+0000,2025-01-21 12:11:40+0000,+00:00,2025-01-21 12:28:29+0000,2025-01-21 12:28:29+0000,Outdoor Walk,AUTO_DETECTED,0,UNSPECIFIED,,,,,,,,,,,,,,,,,,,,,,,,,,,,,,,UNSPECIFIED,,,,
1948148302374639344,2024-12-15 15:15:59+0000,2024-12-15 15:39:04+0000,+01:00,2024-12-15 15:26:39+0000,2024-12-15 15:41:55+0000,Outdoor Walk,TRACKER,0,UNSPECIFIED,,IMPERIAL,151,756,541820,0,111,134,0,49664,434,0,0,0,0,UNSPECIFIED,0,,,,,,,,,,,,,,UNSPECIFIED,,,,
1973752114438278512,2025-08-05 08:27:00+0000,2025-08-05 08:40:44+0000,+02:00,2025-08-05 08:44:08+0000,2025-08-05 08:44:08+0000,Swim,TRACKER,25,METER,,UNSPECIFIED,0,0,0,0,0,0,0,0,0,0,0,0,25,METER,0,,,,,,,,,,,,,,UNSPECIFIED,,,,
2267288182699309768,2024-12-13 14:48:34+0000,2024-12-13 15:12:06+0000,+01:00,2024-12-13 14:56:59+0000,2024-12-13 15:27:14+0000,Outdoor Walk,TRACKER,0,UNSPECIFIED,,IMPERIAL,171,1345,988906,0,100,140,0,89600,657,0,0,0,0,UNSPECIFIED,0,,,,,,,,,,,,,,UNSPECIFIED,,,,
2283643530460301616,2025-01-20 10:57:42+0000,2025-01-20 11:48:14+0000,+01:00,2025-01-21 11:41:35+0000,2025-01-21 11:41:35+0000,Outdoor Walk,TRACKER,0,UNSPECIFIED,,IMPERIAL,241,1762,1306625,0,88,114,0,55040,432,0,0,0,0,UNSPECIFIED,0,,,,,,,,,,,,,,UNSPECIFIED,,,,
2289077446638188504,2024-12-04 11:12:04+0000,2024-12-04 11:47:37+0000,+01:00,2024-12-04 11:44:06+0000,2024-12-04 11:59:10+0000,Outdoor Walk,TRACKER,0,UNSPECIFIED,,IMPERIAL,282,1972,1410071,0,114,132,0,84480,425,0,0,0,0,UNSPECIFIED,0,,,,,,,,,,,,,,UNSPECIFIED,,,,
2397074568348602904,2024-12-05 10:04:19+0000,2024-12-05 10:48:08+0000,+01:00,2024-12-05 10:13:17+0000,2024-12-05 10:58:45+0000,Outdoor Walk,TRACKER,0,UNSPECIFIED,,IMPERIAL,430,4012,2975118,0,112,133,0,144512,443,0,0,0,0,UNSPECIFIED,0,,,,,,,,,,,,,,UNSPECIFIED,,,,
2543606718180836504,2024-12-15 22:16:57+0000,2024-12-15 22:38:36+0000,+01:00,2024-12-15 22:35:47+0000,2024-12-15 22:50:54+0000,Outdoor Walk,TRACKER,0,UNSPECIFIED,,IMPERIAL,163,1169,838664,0,112,129,0,82560,445,0,0,0,0,UNSPECIFIED,0,,,,,,,,,,,,,,UNSPECIFIED,,,,
257456825244469336,2024-12-16 15:57:28+0000,2024-12-16 16:20:40+0000,+01:00,2024-12-16 16:10:52+0000,2024-12-16 16:25:59+0000,Outdoor Walk,TRACKER,0,UNSPECIFIED,,IMPERIAL,138,753,511750,0,108,124,0,46976,427,0,0,0,0,UNSPECIFIED,0,,,,,,,,,,,,,,UNSPECIFIED,,,,
2709811548116994784,2025-08-10 07:06:32+0000,2025-08-10 07:28:16+0000,+02:00,2025-08-10 07:31:20+0000,2025-08-10 07:31:20+0000,Swim,TRACKER,25,METER,,UNSPECIFIED,0,0,0,0,0,0,0,0,0,0,0,0,25,METER,0,,,,,,,,,,,,,,UNSPECIFIED,,,,
2742184291814018160,2024-12-13 15:19:52+0000,2024-12-13 16:04:36+0000,+01:00,2024-12-13 15:42:21+0000,2024-12-13 16:12:39+0000,Outdoor Walk,TRACKER,0,UNSPECIFIED,,IMPERIAL,300,2251,1506594,0,99,125,0,71808,470,0,0,0,0,UNSPECIFIED,0,,,,,,,,,,,,,,UNSPECIFIED,,,,
274441014123343272,2024-12-06 08:04:46+0000,2024-12-06 08:54:49+0000,+01:00,2024-12-06 08:28:18+0000,2024-12-06 09:14:32+0000,Outdoor Walk,TRACKER,0,UNSPECIFIED,,IMPERIAL,541,4222,3033500,0,122,147,0,129408,494,0,0,0,0,UNSPECIFIED,0,,,,,,,,,,,,,,UNSPECIFIED,,,,
2865615241527136192,2024-12-13 08:23:45+0000,2024-12-13 08:47:46+0000,+01:00,2024-12-13 08:38:38+0000,2024-12-13 08:55:11+0000,Outdoor Walk,TRACKER,0,UNSPECIFIED,,IMPERIAL,137,976,671773,0,94,118,0,59648,441,0,0,0,0,UNSPECIFIED,0,,,,,,,,,,,,,,UNSPECIFIED,,,,
2934122867075314216,2025-07-30 16:57:38+0000,2025-07-30 17:28:37+0000,+02:00,2025-07-30 17:14:42+0000,2025-07-30 17:29:52+0000,Outdoor Walk,TRACKER,0,UNSPECIFIED,,IMPERIAL,236,1907,1320851,0,102,116,0,90880,466,0,0,0,0,UNSPECIFIED,0,,,,,,,,,,,,,,UNSPECIFIED,,,,
2950152552723791872,2024-12-09 16:20:45+0000,2024-12-09 16:46:06+0000,+01:00,2024-12-09 16:34:34+0000,2024-12-09 16:49:41+0000,Outdoor Walk,TRACKER,0,UNSPECIFIED,,IMPERIAL,188,1303,893719,0,111,126,0,75136,418,0,0,0,0,UNSPECIFIED,0,,,,,,,,,,,,,,UNSPECIFIED,,,,
2963971984024740392,2024-12-16 10:06:11+0000,2024-12-16 10:28:20+0000,+01:00,2024-12-16 10:44:00+0000,2024-12-16 10:44:00+0000,Outdoor Walk,TRACKER,0,UNSPECIFIED,,IMPERIAL,146,1249,899398,0,101,114,0,86528,461,0,0,0,0,UNSPECIFIED,0,,,,,,,,,,,,,,UNSPECIFIED,,,,
3091925595013702424,2025-08-06 15:05:08+0000,2025-08-06 15:20:29+0000,+02:00,2025-08-06 15:40:05+0000,2025-08-06 15:40:05+0000,Outdoor Walk,AUTO_DETECTED,0,UNSPECIFIED,,,,,,,,,,,,,,,,,,,,,,,,,,,,,,,UNSPECIFIED,,,,
3254193979798718728,2025-07-24 15:48:06+0000,2025-07-24 16:18:38+0000,+02:00,2025-07-24 16:08:27+0000,2025-07-24 16:23:36+0000,Outdoor Walk,TRACKER,0,UNSPECIFIED,,IMPERIAL,212,1518,1038453,0,107,128,0,72448,427,0,0,0,0,UNSPECIFIED,0,,,,,,,,,,,,,,UNSPECIFIED,,,,
3284388481392537216,2024-12-03 12:31:33+0000,2024-12-03 13:00:10+0000,+01:00,2024-12-03 12:59:15+0000,2024-12-03 13:14:23+0000,Outdoor Walk,TRACKER,0,UNSPECIFIED,,IMPERIAL,363,2823,2126375,0,132,158,0,158720,618,0,0,0,0,UNSPECIFIED,0,,,,,,,,,,,,,,UNSPECIFIED,,,,
330229441075441552,2024-12-15 13:32:40+0000,2024-12-15 13:52:30+0000,+01:00,2024-12-15 14:06:40+0000,2024-12-15 14:06:40+0000,Outdoor Walk,TRACKER,0,UNSPECIFIED,,IMPERIAL,241,2011,1488782,0,135,145,0,160000,456,0,0,0,0,UNSPECIFIED,0,,,,,,,,,,,,,,UNSPECIFIED,,,,
3351509498416091368,2025-07-24 07:40:20+0000,2025-07-24 08:00:49+0000,+02:00,2025-07-24 07:59:48+0000,2025-07-24 08:14:57+0000,Outdoor Walk,TRACKER,0,UNSPECIFIED,,IMPERIAL,147,1149,796789,0,102,116,0,82944,414,0,0,0,0,UNSPECIFIED,0,,,,,,,,,,,,,,UNSPECIFIED,,,,
3493435329368796320,2025-01-12 10:45:26+0000,2025-01-12 11:17:52+0000,+01:00,2025-01-12 11:09:04+0000,2025-01-12 12:15:04+0000,Outdoor Walk,TRACKER,0,UNSPECIFIED,,IMPERIAL,206,1851,1281789,0,89,101,0,84224,500,0,0,0,0,UNSPECIFIED,0,,,,,,,,,,,,,,UNSPECIFIED,,,,
366128755429507168,2024-12-08 12:52:16+0000,2024-12-08 13:15:19+0000,+01:00,2024-12-08 13:28:15+0000,2024-12-08 13:28:15+0000,Outdoor Walk,AUTO_DETECTED,0,UNSPECIFIED,,,,,,,,,,,,,,,,,,,,,,,,,,,,,,,UNSPECIFIED,,,,
3775561357964454880,2024-11-30 08:49:09+0000,2024-11-30 09:04:31+0000,+01:00,2024-11-30 09:20:40+0000,2024-11-30 09:20:40+0000,Outdoor Walk,AUTO_DETECTED,0,UNSPECIFIED,,,,,,,,,,,,,,,,,,,,,,,,,,,,,,,UNSPECIFIED,,,,
3849017400464532264,2025-08-08 10:10:32+0000,2025-08-08 10:24:31+0000,+02:00,2025-08-08 10:27:14+0000,2025-08-08 10:27:14+0000,Swim,TRACKER,25,METER,,UNSPECIFIED,0,0,0,0,0,0,0,0,0,0,0,0,25,METER,0,,,,,,,,,,,,,,UNSPECIFIED,,,,
3929010222470845152,2024-12-07 07:05:19+0000,2024-12-07 07:13:55+0000,+01:00,2024-12-07 07:22:06+0000,2024-12-07 07:22:06+0000,Outdoor Walk,TRACKER,0,UNSPECIFIED,,IMPERIAL,82,931,697805,0,107,125,0,173568,580,0,0,0,0,UNSPECIFIED,0,,,,,,,,,,,,,,UNSPECIFIED,,,,
3990975171745529984,2025-08-07 16:07:52+0000,2025-08-07 16:28:15+0000,+02:00,2025-08-07 16:38:18+0000,2025-08-07 16:38:18+0000,Outdoor Walk,AUTO_DETECTED,0,UNSPECIFIED,,,,,,,,,,,,,,,,,,,,,,,,,,,,,,,UNSPECIFIED,,,,
4067405882809173200,2024-11-30 10:22:09+0000,2024-11-30 10:41:47+0000,+01:00,2024-11-30 10:51:15+0000,2024-11-30 10:51:15+0000,Outdoor Walk,AUTO_DETECTED,0,UNSPECIFIED,,,,,,,,,,,,,,,,,,,,,,,,,,,,,,,UNSPECIFIED,,,,
4081030640439557176,2025-01-20 13:59:24+0000,2025-01-20 14:25:02+0000,+01:00,2025-01-21 11:41:35+0000,2025-01-21 11:41:35+0000,Outdoor Walk,TRACKER,0,UNSPECIFIED,,IMPERIAL,192,1665,1165258,0,96,106,0,96896,416,0,0,0,0,UNSPECIFIED,0,,,,,,,,,,,,,,UNSPECIFIED,,,,
4111618911044001880,2024-12-15 11:35:56+0000,2024-12-15 12:04:59+0000,+01:00,2024-12-15 11:50:38+0000,2024-12-15 12:05:47+0000,Outdoor Walk,TRACKER,0,UNSPECIFIED,,IMPERIAL,242,2160,1567851,0,112,133,0,115072,443,0,0,0,0,UNSPECIFIED,0,,,,,,,,,,,,,,UNSPECIFIED,,,,
4151707588015992800,2024-12-09 19:22:25+0000,2024-12-09 19:51:06+0000,+01:00,2024-12-09 19:35:58+0000,2024-12-09 20:06:24+0000,Outdoor Walk,TRACKER,0,UNSPECIFIED,,IMPERIAL,142,926,631484,0,102,118,0,46976,403,0,0,0,0,UNSPECIFIED,0,,,,,,,,,,,,,,UNSPECIFIED,,,,
4223109723179514192,2024-12-03 11:03:18+0000,2024-12-03 11:41:35+0000,+01:00,2024-12-03 12:59:15+0000,2024-12-03 12:59:15+0000,Outdoor Walk,TRACKER,0,UNSPECIFIED,,IMPERIAL,348,2926,2106110,0,119,152,0,117504,548,0,0,0,0,UNSPECIFIED,0,,,,,,,,,,,,,,UNSPECIFIED,,,,
4280504057973482064,2025-08-08 14:28:45+0000,2025-08-08 14:53:31+0000,+02:00,2025-08-08 16:26:09+0000,2025-08-08 16:26:09+0000,Kayaking,TRACKER,0,UNSPECIFIED,,IMPERIAL,246,459,1459562,0,127,139,0,126336,2922,0,0,0,0,UNSPECIFIED,0,,,,,,,,,,,,,,UNSPECIFIED,,,,
4282961706610948592,2025-08-07 08:23:59+0000,2025-08-07 08:45:43+0000,+02:00,2025-08-07 09:00:51+0000,2025-08-07 09:00:51+0000,Swim,TRACKER,25,METER,,UNSPECIFIED,0,0,0,0,0,0,0,0,0,0,0,0,25,METER,0,,,,,,,,,,,,,,UNSPECIFIED,,,,
4302923984101943088,2025-08-04 15:00:00+0000,2025-08-04 16:30:00+0000,+02:00,2025-08-04 16:52:41+0000,2025-08-04 16:52:41+0000,Weightlifting,MANUAL,0,UNSPECIFIED,,,,,,,,,,,,,,,,,,0,0,0,0,UNSPECIFIED,,,,,,,,,UNSPECIFIED,,,,
4405836847809568592,2024-12-10 08:37:25+0000,2024-12-10 08:44:43+0000,+01:00,2024-12-10 08:45:08+0000,2024-12-10 08:45:08+0000,Outdoor Walk,TRACKER,0,UNSPECIFIED,,IMPERIAL,70,719,526687,0,111,126,0,154368,407,0,0,0,0,UNSPECIFIED,0,,,,,,,,,,,,,,UNSPECIFIED,,,,
4435178009183808648,2024-12-05 09:22:14+0000,2024-12-05 09:50:25+0000,+01:00,2024-12-05 09:43:05+0000,2024-12-05 09:58:10+0000,Outdoor Walk,TRACKER,0,UNSPECIFIED,,IMPERIAL,245,1770,1245992,0,114,132,0,94208,432,0,0,0,0,UNSPECIFIED,0,,,,,,,,,,,,,,UNSPECIFIED,,,,
4645772855648945584,2024-12-10 09:41:33+0000,2024-12-10 10:06:32+0000,+01:00,2024-12-10 10:00:40+0000,2024-12-10 10:15:46+0000,Outdoor Walk,TRACKER,0,UNSPECIFIED,,IMPERIAL,154,1222,831446,0,97,118,0,70912,398,0,0,0,0,UNSPECIFIED,0,,,,,,,,,,,,,,UNSPECIFIED,,,,
4659729756166148760,2025-07-29 05:40:50+0000,2025-07-29 06:46:20+0000,+02:00,2025-07-29 05:49:18+0000,2025-07-29 06:49:48+0000,Weightlifting,TRACKER,0,UNSPECIFIED,,IMPERIAL,459,1029,460219,0,111,138,0,14976,409,0,0,0,0,UNSPECIFIED,0,,,,,,,,,,,,,,UNSPECIFIED,,,,
4672900544062213400,2025-07-31 08:11:03+0000,2025-07-31 08:27:16+0000,+02:00,2025-07-31 08:39:20+0000,2025-07-31 08:39:20+0000,Outdoor Walk,AUTO_DETECTED,0,UNSPECIFIED,,,,,,,,,,,,,,,,,,,,,,,,,,,,,,,UNSPECIFIED,,,,
4691094620252261224,2025-01-10 10:51:07+0000,2025-01-10 11:07:21+0000,+01:00,2025-01-10 11:22:18+0000,2025-01-10 11:22:18+0000,Outdoor Walk,AUTO_DETECTED,0,UNSPECIFIED,,,,,,,,,,,,,,,,,,,,,,,,,,,,,,,UNSPECIFIED,,,,
4696891593672188816,2024-12-09 10:20:18+0000,2024-12-09 11:04:22+0000,+01:00,2024-12-09 10:46:36+0000,2024-12-09 11:16:48+0000,Outdoor Walk,TRACKER,0,UNSPECIFIED,,IMPERIAL,290,2463,1744914,0,96,133,0,84352,441,0,0,0,0,UNSPECIFIED,0,,,,,,,,,,,,,,UNSPECIFIED,,,,
4755066290051637672,2025-01-31 17:34:10+0000,2025-01-31 18:01:06+0000,-05:00,2025-01-31 17:52:33+0000,2025-01-31 18:07:41+0000,Outdoor Walk,TRACKER,0,UNSPECIFIED,,IMPERIAL,210,1391,953968,0,109,131,0,75520,569,0,0,0,0,UNSPECIFIED,0,,,,,,,,,,,,,,UNSPECIFIED,,,,
4854211737376829088,2024-12-09 22:29:31+0000,2024-12-09 22:55:57+0000,+01:00,2024-12-09 23:10:22+0000,2024-12-09 23:10:22+0000,Outdoor Walk,AUTO_DETECTED,0,UNSPECIFIED,,,,,,,,,,,,,,,,,,,,,,,,,,,,,,,UNSPECIFIED,,,,
4885471140721127400,2025-01-17 12:13:54+0000,2025-01-17 13:00:00+0000,+01:00,2025-01-21 11:41:26+0000,2025-01-21 11:41:26+0000,Outdoor Walk,TRACKER,0,UNSPECIFIED,,IMPERIAL,284,2045,1446445,0,106,131,0,66816,432,0,0,0,0,UNSPECIFIED,0,,,,,,,,,,,,,,UNSPECIFIED,,,,
5125072988590172048,2024-12-01 13:12:04+0000,2024-12-01 13:53:53+0000,+01:00,2024-12-01 14:01:32+0000,2024-12-01 14:01:32+0000,Outdoor Walk,AUTO_DETECTED,0,UNSPECIFIED,,,,,,,,,,,,,,,,,,,,,,,,,,,,,,,UNSPECIFIED,,,,
5132231420150355528,2025-08-06 08:03:36+0000,2025-08-06 08:22:38+0000,+02:00,2025-08-06 08:22:15+0000,2025-08-06 08:22:44+0000,Swim,TRACKER,25,METER,,UNSPECIFIED,0,0,0,0,0,0,0,0,0,0,0,0,25,METER,0,,,,,,,,,,,,,,UNSPECIFIED,,,,
5145249536907997136,2024-12-15 12:05:20+0000,2024-12-15 13:26:10+0000,+01:00,2024-12-15 12:05:47+0000,2024-12-15 13:36:31+0000,Weightlifting,TRACKER,0,UNSPECIFIED,,IMPERIAL,913,1248,587625,0,131,163,0,15488,488,0,0,0,0,UNSPECIFIED,0,,,,,,,,,,,,,,UNSPECIFIED,,,,
5201423569272576184,2024-12-18 11:50:13+0000,2024-12-18 12:05:33+0000,+01:00,2024-12-18 12:18:47+0000,2024-12-18 12:18:47+0000,Outdoor Walk,AUTO_DETECTED,0,UNSPECIFIED,,,,,,,,,,,,,,,,,,,,,,,,,,,,,,,UNSPECIFIED,,,,
5206814691791027832,2025-08-05 11:20:47+0000,2025-08-05 11:53:35+0000,+02:00,2025-08-05 11:57:34+0000,2025-08-05 11:57:34+0000,Kayaking,TRACKER,0,UNSPECIFIED,,IMPERIAL,240,669,0,0,113,133,0,0,0,0,0,0,0,UNSPECIFIED,0,,,,,,,,,,,,,,UNSPECIFIED,,,,
5233479430767371928,2025-01-12 15:31:45+0000,2025-01-12 15:41:07+0000,+01:00,2025-01-12 16:04:50+0000,2025-01-12 16:04:50+0000,Outdoor Walk,TRACKER,0,UNSPECIFIED,,IMPERIAL,82,711,516781,0,113,119,0,118400,456,0,0,0,0,UNSPECIFIED,0,,,,,,,,,,,,,,UNSPECIFIED,,,,
5300616088825068432,2024-12-21 18:49:52+0000,2024-12-21 19:53:09+0000,+01:00,2024-12-21 19:08:38+0000,2024-12-21 19:54:01+0000,Outdoor Walk,TRACKER,0,UNSPECIFIED,,IMPERIAL,518,5288,3995750,0,99,122,0,134656,454,0,0,0,0,UNSPECIFIED,0,,,,,,,,,,,,,,UNSPECIFIED,,,,
5353755369314494896,2025-08-29 12:54:04+0000,2025-08-29 13:30:46+0000,-04:00,2025-08-29 13:43:56+0000,2025-08-29 13:43:56+0000,Outdoor Walk,AUTO_DETECTED,0,UNSPECIFIED,,,,,,,,,,,,,,,,,,,,,,,,,,,,,,,UNSPECIFIED,,,,
5376785348208722152,2025-07-26 13:52:45+0000,2025-07-26 14:12:54+0000,+02:00,2025-07-26 14:03:18+0000,2025-07-26 14:18:28+0000,Outdoor Walk,TRACKER,0,UNSPECIFIED,,IMPERIAL,188,1357,924562,0,115,133,0,97792,434,0,0,0,0,UNSPECIFIED,0,,,,,,,,,,,,,,UNSPECIFIED,,,,
5696195853690361992,2025-07-25 09:50:39+0000,2025-07-25 10:31:48+0000,+02:00,2025-07-25 10:22:15+0000,2025-07-25 10:37:23+0000,Outdoor Walk,TRACKER,0,UNSPECIFIED,,IMPERIAL,273,2217,1514500,0,98,131,0,78336,425,0,0,0,0,UNSPECIFIED,0,,,,,,,,,,,,,,UNSPECIFIED,,,,
5764253937258802968,2025-08-06 13:53:27+0000,2025-08-06 14:15:38+0000,+02:00,2025-08-06 15:19:50+0000,2025-08-06 15:19:50+0000,Outdoor Walk,AUTO_DETECTED,0,UNSPECIFIED,,,,,,,,,,,,,,,,,,,,,,,,,,,,,,,UNSPECIFIED,,,,
5786933560831698568,2025-02-04 11:11:38+0000,2025-02-04 11:43:10+0000,-05:00,2025-02-04 11:28:05+0000,2025-02-04 11:58:18+0000,Outdoor Walk,TRACKER,0,UNSPECIFIED,,IMPERIAL,163,1118,795516,0,93,112,0,53888,421,0,0,0,0,UNSPECIFIED,0,,,,,,,,,,,,,,UNSPECIFIED,,,,
6071489240962693576,2025-07-29 05:20:21+0000,2025-07-29 05:36:33+0000,+02:00,2025-07-29 05:49:18+0000,2025-07-29 05:49:18+0000,Outdoor Walk,AUTO_DETECTED,0,UNSPECIFIED,,,,,,,,,,,,,,,,,,,,,,,,,,,,,,,UNSPECIFIED,,,,
6170872129679496424,2025-08-03 10:16:54+0000,2025-08-03 10:46:46+0000,+02:00,2025-08-03 10:57:37+0000,2025-08-03 10:57:37+0000,Outdoor Walk,AUTO_DETECTED,0,UNSPECIFIED,,,,,,,,,,,,,,,,,,,,,,,,,,,,,,,UNSPECIFIED,,,,
6213290984545335904,2024-12-13 16:45:30+0000,2024-12-13 17:12:12+0000,+01:00,2024-12-13 17:12:12+0000,2024-12-13 17:27:28+0000,Outdoor Walk,TRACKER,0,UNSPECIFIED,,IMPERIAL,124,825,596516,0,94,109,0,47616,423,0,0,0,0,UNSPECIFIED,0,,,,,,,,,,,,,,UNSPECIFIED,,,,
6322963218137752576,2025-01-28 21:34:51+0000,2025-01-28 21:57:10+0000,-05:00,2025-01-28 21:51:03+0000,2025-01-28 22:06:15+0000,Outdoor Walk,TRACKER,0,UNSPECIFIED,,IMPERIAL,164,1099,705680,0,107,138,0,68480,463,0,0,0,0,UNSPECIFIED,0,,,,,,,,,,,,,,UNSPECIFIED,,,,
6336401435829109144,2025-08-08 16:04:58+0000,2025-08-08 16:24:44+0000,+02:00,2025-08-08 16:26:09+0000,2025-08-08 16:26:09+0000,Kayaking,TRACKER,0,UNSPECIFIED,,IMPERIAL,183,805,1688047,0,111,131,0,182272,1801,0,0,0,0,UNSPECIFIED,0,,,,,,,,,,,,,,UNSPECIFIED,,,,
6399773452776810680,2025-08-07 14:43:23+0000,2025-08-07 15:10:42+0000,+02:00,2025-08-07 15:22:44+0000,2025-08-07 15:22:44+0000,Outdoor Walk,AUTO_DETECTED,0,UNSPECIFIED,,,,,,,,,,,,,,,,,,,,,,,,,,,,,,,UNSPECIFIED,,,,
6600684296629607952,2025-01-28 20:32:37+0000,2025-01-28 21:10:26+0000,-05:00,2025-01-28 21:51:03+0000,2025-01-28 21:51:03+0000,Outdoor Walk,TRACKER,0,UNSPECIFIED,,IMPERIAL,367,2774,1923258,0,119,138,0,108544,470,0,0,0,0,UNSPECIFIED,0,,,,,,,,,,,,,,UNSPECIFIED,,,,
6806032064600000016,2025-01-13 16:03:38+0000,2025-01-13 16:30:42+0000,+01:00,2025-01-13 16:24:53+0000,2025-01-13 16:40:01+0000,Outdoor Walk,TRACKER,0,UNSPECIFIED,,IMPERIAL,159,1047,745461,0,99,139,0,58752,475,0,0,0,0,UNSPECIFIED,0,,,,,,,,,,,,,,UNSPECIFIED,,,,
6824810907609253536,2024-12-13 07:33:33+0000,2024-12-13 07:55:43+0000,+01:00,2024-12-13 07:43:38+0000,2024-12-13 07:58:46+0000,Outdoor Walk,TRACKER,0,UNSPECIFIED,,IMPERIAL,176,1438,1009836,0,108,134,0,97152,461,0,0,0,0,UNSPECIFIED,0,,,,,,,,,,,,,,UNSPECIFIED,,,,
6828076924932593760,2025-08-02 17:48:41+0000,2025-08-02 18:12:34+0000,+02:00,2025-08-02 18:15:32+0000,2025-08-02 18:15:32+0000,Outdoor Walk,AUTO_DETECTED,0,UNSPECIFIED,,,,,,,,,,,,,,,,,,,,,,,,,,,,,,,UNSPECIFIED,,,,
6850402786439939280,2024-12-06 18:45:22+0000,2024-12-06 19:10:27+0000,+01:00,2024-12-06 19:06:21+0000,2024-12-06 19:21:28+0000,Outdoor Walk,TRACKER,0,UNSPECIFIED,,IMPERIAL,193,1396,1006617,0,110,125,0,86144,438,0,0,0,0,UNSPECIFIED,0,,,,,,,,,,,,,,UNSPECIFIED,,,,
6861973094926159096,2024-12-16 13:24:27+0000,2024-12-16 13:48:44+0000,+01:00,2024-12-16 13:34:56+0000,2024-12-16 13:50:02+0000,Outdoor Walk,TRACKER,0,UNSPECIFIED,,IMPERIAL,167,1494,1080859,0,102,122,0,94848,486,0,0,0,0,UNSPECIFIED,0,,,,,,,,,,,,,,UNSPECIFIED,,,,
7140809494390478872,2025-09-02 15:08:36+0000,2025-09-02 15:38:56+0000,-04:00,2025-09-02 15:39:24+0000,2025-09-02 15:39:24+0000,Swim,TRACKER,25,METER,,UNSPECIFIED,0,0,0,0,0,0,0,0,0,0,0,0,25,METER,0,,,,,,,,,,,,,,UNSPECIFIED,,,,
7175174258237504224,2025-08-09 09:23:19+0000,2025-08-09 09:48:42+0000,+02:00,2025-08-09 09:52:02+0000,2025-08-09 09:52:02+0000,Swim,TRACKER,25,METER,,UNSPECIFIED,0,0,0,0,0,0,0,0,0,0,0,0,25,METER,0,,,,,,,,,,,,,,UNSPECIFIED,,,,
7334504707533258648,2024-12-04 12:00:41+0000,2024-12-04 12:36:29+0000,+01:00,2024-12-04 12:14:19+0000,2024-12-04 12:44:42+0000,Outdoor Walk,TRACKER,0,UNSPECIFIED,,IMPERIAL,257,1866,1365773,0,110,137,0,81280,421,0,0,0,0,UNSPECIFIED,0,,,,,,,,,,,,,,UNSPECIFIED,,,,
7338332969181677848,2025-07-31 08:32:46+0000,2025-07-31 09:39:58+0000,+02:00,2025-07-31 08:39:19+0000,2025-07-31 09:40:18+0000,Weightlifting,TRACKER,0,UNSPECIFIED,,IMPERIAL,658,1176,551578,0,124,154,0,17408,425,0,0,0,0,UNSPECIFIED,0,,,,,,,,,,,,,,UNSPECIFIED,,,,
7338679837149633792,2024-12-21 09:36:44+0000,2024-12-21 09:58:16+0000,+01:00,2024-12-21 09:50:42+0000,2024-12-21 10:05:49+0000,Outdoor Walk,TRACKER,0,UNSPECIFIED,,IMPERIAL,167,1624,1214961,0,99,113,0,120320,434,0,0,0,0,UNSPECIFIED,0,,,,,,,,,,,,,,UNSPECIFIED,,,,
7492316226592529616,2025-08-09 17:33:58+0000,2025-08-09 17:54:30+0000,+02:00,2025-08-09 18:04:22+0000,2025-08-09 18:04:22+0000,Outdoor Walk,AUTO_DETECTED,0,UNSPECIFIED,,,,,,,,,,,,,,,,,,,,,,,,,,,,,,,UNSPECIFIED,,,,
7592424811084569496,2025-01-07 16:46:09+0000,2025-01-07 17:09:04+0000,+01:00,2025-01-07 16:56:33+0000,2025-01-07 17:11:41+0000,Outdoor Walk,TRACKER,0,UNSPECIFIED,,IMPERIAL,173,1074,683781,0,107,126,0,63488,537,0,0,0,0,UNSPECIFIED,0,,,,,,,,,,,,,,UNSPECIFIED,,,,
7704821735414940336,2024-12-16 14:53:23+0000,2024-12-16 15:07:04+0000,+01:00,2024-12-16 15:10:25+0000,2024-12-16 15:10:25+0000,Outdoor Walk,TRACKER,0,UNSPECIFIED,,IMPERIAL,140,957,694578,0,122,138,0,108288,463,0,0,0,0,UNSPECIFIED,0,,,,,,,,,,,,,,UNSPECIFIED,,,,
7709398836488428824,2025-01-30 18:59:52+0000,2025-01-30 19:41:41+0000,-05:00,2025-01-30 19:55:51+0000,2025-01-30 19:55:51+0000,Outdoor Walk,AUTO_DETECTED,0,UNSPECIFIED,,,,,,,,,,,,,,,,,,,,,,,,,,,,,,,UNSPECIFIED,,,,
7725528629813139784,2025-01-11 06:50:59+0000,2025-01-11 07:17:14+0000,+01:00,2025-01-11 07:03:01+0000,2025-01-11 07:18:06+0000,Outdoor Walk,TRACKER,0,UNSPECIFIED,,IMPERIAL,137,892,662078,0,86,113,0,53760,450,0,0,0,0,UNSPECIFIED,0,,,,,,,,,,,,,,UNSPECIFIED,,,,
7744199955585098536,2024-12-03 11:53:45+0000,2024-12-03 11:58:40+0000,+01:00,2024-12-03 12:59:15+0000,2024-12-03 12:59:15+0000,Outdoor Walk,TRACKER,0,UNSPECIFIED,,IMPERIAL,55,224,126008,0,140,152,0,59008,414,0,0,0,0,UNSPECIFIED,0,,,,,,,,,,,,,,UNSPECIFIED,,,,
7798745770269297336,2025-08-03 20:27:52+0000,2025-08-03 20:49:12+0000,+02:00,2025-08-03 21:06:05+0000,2025-08-03 21:06:05+0000,Outdoor Walk,AUTO_DETECTED,0,UNSPECIFIED,,,,,,,,,,,,,,,,,,,,,,,,,,,,,,,UNSPECIFIED,,,,
7809643270949923040,2025-08-10 14:24:07+0000,2025-08-10 14:39:30+0000,+02:00,2025-08-10 14:53:48+0000,2025-08-10 14:53:48+0000,Outdoor Walk,AUTO_DETECTED,0,UNSPECIFIED,,,,,,,,,,,,,,,,,,,,,,,,,,,,,,,UNSPECIFIED,,,,
7814734233901467712,2024-12-04 08:46:38+0000,2024-12-04 10:49:23+0000,+01:00,2024-12-04 09:06:52+0000,2024-12-04 10:52:37+0000,Outdoor Walk,TRACKER,0,UNSPECIFIED,,IMPERIAL,919,7265,5312258,0,106,130,0,92288,434,0,0,0,0,UNSPECIFIED,0,,,,,,,,,,,,,,UNSPECIFIED,,,,
7890179190688983872,2024-12-16 15:25:25+0000,2024-12-16 15:53:53+0000,+01:00,2024-12-16 15:40:36+0000,2024-12-16 15:55:44+0000,Outdoor Walk,TRACKER,0,UNSPECIFIED,,IMPERIAL,218,1283,777891,0,113,122,0,58240,407,0,0,0,0,UNSPECIFIED,0,,,,,,,,,,,,,,UNSPECIFIED,,,,
7892293156227296224,2025-08-04 09:27:44+0000,2025-08-04 09:46:48+0000,+02:00,2025-08-04 09:48:21+0000,2025-08-04 09:48:21+0000,Swim,TRACKER,25,METER,,UNSPECIFIED,0,0,0,0,0,0,0,0,0,0,0,0,25,METER,0,,,,,,,,,,,,,,UNSPECIFIED,,,,
8024034703155613664,2024-12-09 14:58:13+0000,2024-12-09 15:31:59+0000,+01:00,2024-12-09 15:18:57+0000,2024-12-09 15:34:04+0000,Outdoor Walk,TRACKER,0,UNSPECIFIED,,IMPERIAL,201,1435,969398,0,102,121,0,61184,463,0,0,0,0,UNSPECIFIED,0,,,,,,,,,,,,,,UNSPECIFIED,,,,
8052725343885481864,2025-08-10 10:36:18+0000,2025-08-10 11:13:51+0000,+02:00,2025-08-10 11:20:07+0000,2025-08-10 11:20:07+0000,Outdoor Walk,AUTO_DETECTED,0,UNSPECIFIED,,,,,,,,,,,,,,,,,,,,,,,,,,,,,,,UNSPECIFIED,,,,
8109997981505092888,2024-12-10 07:55:12+0000,2024-12-10 08:18:15+0000,+01:00,2024-12-10 08:04:49+0000,2024-12-10 08:22:32+0000,Outdoor Walk,TRACKER,0,UNSPECIFIED,,IMPERIAL,129,1032,752235,0,96,121,0,69504,477,0,0,0,0,UNSPECIFIED,0,,,,,,,,,,,,,,UNSPECIFIED,,,,
8132286724126758336,2025-02-10 10:31:24+0000,2025-02-10 10:52:44+0000,+01:00,2025-02-10 11:29:30+0000,2025-02-10 11:29:30+0000,Outdoor Walk,AUTO_DETECTED,0,UNSPECIFIED,,,,,,,,,,,,,,,,,,,,,,,,,,,,,,,UNSPECIFIED,,,,
8139119135103079960,2025-08-03 21:30:10+0000,2025-08-03 21:53:12+0000,+02:00,2025-08-03 21:57:45+0000,2025-08-03 21:57:45+0000,Outdoor Walk,AUTO_DETECTED,0,UNSPECIFIED,,,,,,,,,,,,,,,,,,,,,,,,,,,,,,,UNSPECIFIED,,,,
8173375637703896312,2024-12-03 12:01:12+0000,2024-12-03 12:06:25+0000,+01:00,2024-12-03 12:59:15+0000,2024-12-03 12:59:15+0000,Outdoor Walk,TRACKER,0,UNSPECIFIED,,IMPERIAL,73,236,154586,0,146,157,0,62976,416,0,0,0,0,UNSPECIFIED,0,,,,,,,,,,,,,,UNSPECIFIED,,,,
8186218729046853096,2025-08-31 00:12:52+0000,2025-08-31 00:34:12+0000,-04:00,2025-08-31 03:49:54+0000,2025-08-31 03:49:54+0000,Outdoor Walk,AUTO_DETECTED,0,UNSPECIFIED,,,,,,,,,,,,,,,,,,,,,,,,,,,,,,,UNSPECIFIED,,,,
8311257930004976680,2025-07-30 17:46:38+0000,2025-07-30 18:10:31+0000,+02:00,2025-07-30 18:18:40+0000,2025-07-30 18:18:40+0000,Outdoor Walk,AUTO_DETECTED,0,UNSPECIFIED,,,,,,,,,,,,,,,,,,,,,,,,,,,,,,,UNSPECIFIED,,,,
8339439849797096168,2025-08-06 11:26:13+0000,2025-08-06 12:10:50+0000,+02:00,2025-08-06 11:43:02+0000,2025-08-06 12:13:45+0000,Weightlifting,TRACKER,0,UNSPECIFIED,,IMPERIAL,477,965,522117,0,128,156,0,24960,414,0,0,0,0,UNSPECIFIED,0,,,,,,,,,,,,,,UNSPECIFIED,,,,
8341891935994634184,2024-12-13 07:02:19+0000,2024-12-13 07:13:14+0000,+01:00,2024-12-13 07:22:49+0000,2024-12-13 07:22:49+0000,Outdoor Walk,TRACKER,0,UNSPECIFIED,,IMPERIAL,101,1096,815219,0,98,105,0,160384,436,0,0,0,0,UNSPECIFIED,0,,,,,,,,,,,,,,UNSPECIFIED,,,,
8377574960106162248,2025-08-25 18:56:41+0000,2025-08-25 19:26:56+0000,-04:00,2025-08-25 19:54:27+0000,2025-08-25 19:54:27+0000,Swim,TRACKER,25,METER,,UNSPECIFIED,0,0,0,0,0,0,0,0,0,0,0,0,25,METER,0,,,,,,,,,,,,,,UNSPECIFIED,,,,
8406776459957696008,2025-08-17 08:42:18+0000,2025-08-17 08:57:38+0000,+02:00,2025-08-17 09:01:19+0000,2025-08-17 09:01:19+0000,Outdoor Walk,AUTO_DETECTED,0,UNSPECIFIED,,,,,,,,,,,,,,,,,,,,,,,,,,,,,,,UNSPECIFIED,,,,
8506704421882953784,2025-07-30 19:14:32+0000,2025-07-30 19:30:44+0000,+02:00,2025-07-30 19:49:31+0000,2025-07-30 19:49:31+0000,Outdoor Walk,AUTO_DETECTED,0,UNSPECIFIED,,,,,,,,,,,,,,,,,,,,,,,,,,,,,,,UNSPECIFIED,,,,
8585117553850874480,2025-01-17 07:35:25+0000,2025-01-17 07:59:28+0000,+01:00,2025-01-21 11:41:26+0000,2025-01-21 11:41:26+0000,Outdoor Walk,TRACKER,0,UNSPECIFIED,,IMPERIAL,120,892,665164,0,90,111,0,59008,400,0,0,0,0,UNSPECIFIED,0,,,,,,,,,,,,,,UNSPECIFIED,,,,
858810620162076248,2025-07-24 06:02:03+0000,2025-07-24 07:09:46+0000,+02:00,2025-07-24 06:06:45+0000,2025-07-24 07:14:21+0000,Weightlifting,TRACKER,0,UNSPECIFIED,,IMPERIAL,484,1344,637290,0,111,147,0,19968,376,0,0,0,0,UNSPECIFIED,0,,,,,,,,,,,,,,UNSPECIFIED,,,,
8618334537425481808,2024-12-11 17:00:00+0000,2024-12-11 17:10:00+0000,+01:00,2024-12-11 18:39:10+0000,2024-12-11 18:39:10+0000,Swim,MANUAL,25,METER,,,,,,,,,,,,,,,,,,0,0,91440,0,UNSPECIFIED,,,,,,,,,UNSPECIFIED,,,,
8707133124612756200,2025-08-02 17:00:03+0000,2025-08-02 17:15:23+0000,+02:00,2025-08-02 17:25:32+0000,2025-08-02 17:25:32+0000,Outdoor Walk,AUTO_DETECTED,0,UNSPECIFIED,,,,,,,,,,,,,,,,,,,,,,,,,,,,,,,UNSPECIFIED,,,,
8906391315620006000,2024-12-16 17:22:01+0000,2024-12-16 17:44:56+0000,+01:00,2024-12-16 17:41:37+0000,2024-12-16 17:56:52+0000,Outdoor Walk,TRACKER,0,UNSPECIFIED,,IMPERIAL,150,839,573141,0,115,128,0,53248,441,0,0,0,0,UNSPECIFIED,0,,,,,,,,,,,,,,UNSPECIFIED,,,,
9162390505328576136,2024-12-22 15:03:44+0000,2024-12-22 15:28:52+0000,+01:00,2024-12-22 15:22:34+0000,2024-12-22 15:37:43+0000,Outdoor Walk,TRACKER,0,UNSPECIFIED,,IMPERIAL,136,907,638672,0,91,112,0,54144,430,0,0,0,0,UNSPECIFIED,0,,,,,,,,,,,,,,UNSPECIFIED,,,,
9180373570094959440,2025-08-03 07:15:10+0000,2025-08-03 07:39:00+0000,+02:00,2025-08-03 07:49:38+0000,2025-08-03 07:49:38+0000,Swim,TRACKER,25,METER,,UNSPECIFIED,0,0,0,0,0,0,0,0,0,0,0,0,25,METER,0,,,,,,,,,,,,,,UNSPECIFIED,,,,
978902856613144560,2025-01-17 13:21:51+0000,2025-01-17 13:44:11+0000,+01:00,2025-01-21 11:41:26+0000,2025-01-21 11:41:26+0000,Outdoor Walk,TRACKER,0,UNSPECIFIED,,IMPERIAL,186,948,649031,0,118,142,0,61952,387,0,0,0,0,UNSPECIFIED,0,,,,,,,,,,,,,,UNSPECIFIED,,,,
