date_time,heart_zone_id,total_minutes
2023-02-01T10:16,FAT_BURN,1
2023-02-01T10:17,FAT_BURN,1
2023-02-01T10:18,FAT_BURN,1
2023-02-01T10:19,FAT_BURN,1
2023-02-01T10:20,FAT_BURN,1
2023-02-01T10:21,FAT_BURN,1
2023-02-01T10:22,FAT_BURN,1
2023-02-01T10:23,FAT_BURN,1
2023-02-01T11:48,FAT_BURN,1
2023-02-01T11:49,FAT_BURN,1
2023-02-01T11:50,FAT_BURN,1
2023-02-01T11:51,FAT_BURN,1
2023-02-01T11:52,FAT_BURN,1
2023-02-01T11:53,FAT_BURN,1
2023-02-01T16:51,FAT_BURN,1
2023-02-01T16:52,FAT_BURN,1
2023-02-01T16:53,FAT_BURN,1
2023-02-01T16:54,FAT_BURN,1
2023-02-01T16:55,FAT_BURN,1
2023-02-01T16:56,FAT_BURN,1
2023-02-01T16:57,FAT_BURN,1
2023-02-02T19:28,FAT_BURN,1
2023-02-02T19:29,FAT_BURN,1
2023-02-02T19:31,FAT_BURN,1
2023-02-02T19:32,FAT_BURN,1
2023-02-02T19:33,FAT_BURN,1
2023-02-02T19:34,FAT_BURN,1
2023-02-02T19:35,FAT_BURN,1
2023-02-02T19:36,FAT_BURN,1
2023-02-02T19:37,FAT_BURN,1
2023-02-02T19:38,FAT_BURN,1
2023-02-02T19:39,FAT_BURN,1
2023-02-02T19:40,FAT_BURN,1
2023-02-02T19:41,FAT_BURN,1
2023-02-02T19:42,FAT_BURN,1
2023-02-02T19:43,FAT_BURN,1
2023-02-02T19:44,FAT_BURN,1
2023-02-02T19:45,FAT_BURN,1
2023-02-02T19:46,FAT_BURN,1
2023-02-02T19:48,FAT_BURN,1
2023-02-02T19:49,FAT_BURN,1
2023-02-02T20:40,FAT_BURN,1
2023-02-02T20:41,FAT_BURN,1
2023-02-02T20:42,FAT_BURN,1
2023-02-02T20:43,FAT_BURN,1
2023-02-02T20:44,FAT_BURN,1
2023-02-02T20:45,FAT_BURN,1
2023-02-02T20:46,FAT_BURN,1
2023-02-02T20:47,FAT_BURN,1
2023-02-02T20:48,FAT_BURN,1
2023-02-02T20:58,FAT_BURN,1
2023-02-02T20:59,FAT_BURN,1
2023-02-02T21:00,FAT_BURN,1
2023-02-02T21:01,FAT_BURN,1
2023-02-02T21:07,FAT_BURN,1
2023-02-02T21:12,FAT_BURN,1
2023-02-02T21:25,FAT_BURN,1
2023-02-02T21:26,FAT_BURN,1
2023-02-02T21:28,FAT_BURN,1
2023-02-02T21:29,FAT_BURN,1
2023-02-02T21:30,FAT_BURN,1
2023-02-02T21:31,FAT_BURN,1
2023-02-02T21:32,FAT_BURN,1
2023-02-03T00:24,FAT_BURN,1
2023-02-03T13:29,FAT_BURN,1
2023-02-03T20:35,FAT_BURN,1
2023-02-03T20:40,FAT_BURN,1
2023-02-03T21:02,FAT_BURN,1
2023-02-03T21:03,FAT_BURN,1
2023-02-03T21:24,FAT_BURN,1
2023-02-04T14:26,FAT_BURN,1
2023-02-04T15:25,FAT_BURN,1
2023-02-04T15:26,FAT_BURN,1
2023-02-04T15:40,FAT_BURN,1
2023-02-04T15:41,FAT_BURN,1
2023-02-04T15:42,FAT_BURN,1
2023-02-04T15:48,FAT_BURN,1
2023-02-04T18:52,FAT_BURN,1
2023-02-04T18:53,FAT_BURN,1
2023-02-04T18:54,FAT_BURN,1
2023-02-04T18:56,FAT_BURN,1
2023-02-04T18:57,FAT_BURN,1
2023-02-04T18:58,FAT_BURN,1
2023-02-04T18:59,FAT_BURN,1
2023-02-04T19:00,FAT_BURN,1
2023-02-04T19:01,FAT_BURN,1
2023-02-04T19:02,FAT_BURN,1
2023-02-04T19:03,FAT_BURN,1
2023-02-04T19:04,FAT_BURN,1
2023-02-04T19:05,FAT_BURN,1
2023-02-04T19:06,FAT_BURN,1
2023-02-04T19:07,FAT_BURN,1
2023-02-04T19:08,FAT_BURN,1
2023-02-04T19:09,FAT_BURN,1
2023-02-04T19:10,FAT_BURN,1
2023-02-04T19:11,FAT_BURN,1
2023-02-04T19:12,FAT_BURN,1
2023-02-04T19:13,FAT_BURN,1
2023-02-04T19:14,FAT_BURN,1
2023-02-04T19:15,FAT_BURN,1
2023-02-04T19:16,FAT_BURN,1
2023-02-04T19:17,FAT_BURN,1
2023-02-04T19:19,FAT_BURN,1
2023-02-04T19:20,FAT_BURN,1
2023-02-04T19:21,FAT_BURN,1
2023-02-04T19:22,FAT_BURN,1
2023-02-04T19:23,FAT_BURN,1
2023-02-04T19:24,FAT_BURN,1
2023-02-04T19:25,FAT_BURN,1
2023-02-04T19:26,FAT_BURN,1
2023-02-04T19:27,FAT_BURN,1
2023-02-04T19:28,FAT_BURN,1
2023-02-04T19:29,FAT_BURN,1
2023-02-04T19:30,FAT_BURN,1
2023-02-04T19:31,FAT_BURN,1
2023-02-04T19:32,FAT_BURN,1
2023-02-04T19:33,FAT_BURN,1
2023-02-04T19:34,FAT_BURN,1
2023-02-04T19:35,FAT_BURN,1
2023-02-04T19:36,FAT_BURN,1
2023-02-04T19:37,FAT_BURN,1
2023-02-04T19:38,FAT_BURN,1
2023-02-04T19:39,FAT_BURN,1
2023-02-04T19:40,FAT_BURN,1
2023-02-04T19:41,FAT_BURN,1
2023-02-04T19:42,FAT_BURN,1
2023-02-04T19:43,FAT_BURN,1
2023-02-04T19:44,FAT_BURN,1
2023-02-04T19:45,FAT_BURN,1
2023-02-04T19:46,FAT_BURN,1
2023-02-04T19:47,FAT_BURN,1
2023-02-04T20:06,FAT_BURN,1
2023-02-05T17:00,FAT_BURN,1
2023-02-05T17:01,FAT_BURN,1
2023-02-05T18:51,FAT_BURN,1
2023-02-05T21:01,FAT_BURN,1
2023-02-05T21:11,FAT_BURN,1
2023-02-05T21:12,FAT_BURN,1
2023-02-05T21:13,FAT_BURN,1
2023-02-05T21:14,FAT_BURN,1
2023-02-05T21:31,FAT_BURN,1
2023-02-05T21:32,FAT_BURN,1
2023-02-06T16:27,FAT_BURN,1
2023-02-06T16:28,FAT_BURN,1
2023-02-06T16:29,FAT_BURN,1
2023-02-06T16:30,FAT_BURN,1
2023-02-06T16:31,FAT_BURN,1
2023-02-06T16:32,FAT_BURN,1
2023-02-06T16:33,FAT_BURN,1
2023-02-06T16:34,FAT_BURN,1
2023-02-06T16:43,FAT_BURN,1
2023-02-06T16:44,FAT_BURN,1
2023-02-06T17:45,FAT_BURN,1
2023-02-06T17:46,FAT_BURN,1
2023-02-06T17:48,FAT_BURN,1
2023-02-06T17:49,FAT_BURN,1
2023-02-06T17:55,FAT_BURN,1
2023-02-06T17:56,FAT_BURN,1
2023-02-06T17:57,FAT_BURN,1
2023-02-06T17:58,FAT_BURN,1
2023-02-06T17:59,FAT_BURN,1
2023-02-06T18:00,FAT_BURN,1
2023-02-06T18:01,FAT_BURN,1
2023-02-06T18:02,FAT_BURN,1
2023-02-06T18:03,FAT_BURN,1
2023-02-06T18:09,FAT_BURN,1
2023-02-06T18:10,FAT_BURN,1
2023-02-06T18:49,FAT_BURN,1
2023-02-06T21:55,FAT_BURN,1
2023-02-08T21:10,FAT_BURN,1
2023-02-09T11:34,FAT_BURN,1
2023-02-09T11:35,FAT_BURN,1
2023-02-09T11:38,FAT_BURN,1
2023-02-09T12:27,FAT_BURN,1
2023-02-09T12:28,FAT_BURN,1
2023-02-09T12:50,FAT_BURN,1
2023-02-09T18:28,FAT_BURN,1
2023-02-09T18:29,FAT_BURN,1
2023-02-09T18:31,FAT_BURN,1
2023-02-09T19:48,FAT_BURN,1
2023-02-09T19:53,FAT_BURN,1
2023-02-09T19:55,FAT_BURN,1
2023-02-09T20:24,FAT_BURN,1
2023-02-09T20:35,FAT_BURN,1
2023-02-09T20:36,FAT_BURN,1
2023-02-09T20:37,FAT_BURN,1
2023-02-09T20:41,FAT_BURN,1
2023-02-09T20:42,FAT_BURN,1
2023-02-09T20:43,FAT_BURN,1
2023-02-09T20:44,FAT_BURN,1
2023-02-10T23:16,FAT_BURN,1
2023-02-11T15:40,FAT_BURN,1
2023-02-11T15:41,FAT_BURN,1
2023-02-11T15:42,FAT_BURN,1
2023-02-11T15:48,FAT_BURN,1
2023-02-11T15:49,FAT_BURN,1
2023-02-11T15:52,FAT_BURN,1
2023-02-11T15:59,FAT_BURN,1
2023-02-11T16:02,FAT_BURN,1
2023-02-11T16:03,FAT_BURN,1
2023-02-11T16:04,FAT_BURN,1
2023-02-11T16:05,FAT_BURN,1
2023-02-11T16:06,FAT_BURN,1
2023-02-11T16:07,FAT_BURN,1
2023-02-11T16:08,FAT_BURN,1
2023-02-11T16:11,FAT_BURN,1
2023-02-11T16:12,FAT_BURN,1
2023-02-11T16:13,FAT_BURN,1
2023-02-11T16:14,FAT_BURN,1
2023-02-11T16:15,FAT_BURN,1
2023-02-11T16:16,FAT_BURN,1
2023-02-11T16:22,FAT_BURN,1
2023-02-11T16:23,FAT_BURN,1
2023-02-11T16:24,FAT_BURN,1
2023-02-11T16:25,FAT_BURN,1
2023-02-11T16:28,FAT_BURN,1
2023-02-11T16:29,FAT_BURN,1
2023-02-11T16:30,FAT_BURN,1
2023-02-11T16:31,FAT_BURN,1
2023-02-11T16:32,FAT_BURN,1
2023-02-11T16:33,FAT_BURN,1
2023-02-11T16:34,FAT_BURN,1
2023-02-11T16:35,FAT_BURN,1
2023-02-11T16:36,FAT_BURN,1
2023-02-11T16:37,FAT_BURN,1
2023-02-11T16:41,FAT_BURN,1
2023-02-11T16:49,FAT_BURN,1
2023-02-11T16:50,FAT_BURN,1
2023-02-11T16:51,FAT_BURN,1
2023-02-11T16:52,FAT_BURN,1
2023-02-11T17:06,FAT_BURN,1
2023-02-11T17:07,FAT_BURN,1
2023-02-11T17:21,FAT_BURN,1
2023-02-11T17:22,FAT_BURN,1
2023-02-11T17:23,FAT_BURN,1
2023-02-11T17:28,FAT_BURN,1
2023-02-11T17:51,FAT_BURN,1
2023-02-11T17:52,FAT_BURN,1
2023-02-11T17:53,FAT_BURN,1
2023-02-11T18:12,FAT_BURN,1
2023-02-11T18:14,FAT_BURN,1
2023-02-11T18:16,FAT_BURN,1
2023-02-11T18:17,FAT_BURN,1
2023-02-11T18:18,FAT_BURN,1
2023-02-11T18:19,FAT_BURN,1
2023-02-11T18:31,FAT_BURN,1
2023-02-11T18:32,FAT_BURN,1
2023-02-11T18:40,FAT_BURN,1
2023-02-11T18:41,FAT_BURN,1
2023-02-11T19:44,FAT_BURN,1
2023-02-12T14:19,CARDIO,2
2023-02-12T14:20,FAT_BURN,1
2023-02-12T14:44,FAT_BURN,1
2023-02-12T14:45,FAT_BURN,1
2023-02-12T14:46,FAT_BURN,1
2023-02-12T14:52,FAT_BURN,1
2023-02-12T14:53,FAT_BURN,1
2023-02-12T14:54,FAT_BURN,1
2023-02-12T14:55,FAT_BURN,1
2023-02-12T14:57,FAT_BURN,1
2023-02-12T14:58,FAT_BURN,1
2023-02-12T14:59,FAT_BURN,1
2023-02-12T15:00,FAT_BURN,1
2023-02-12T15:01,FAT_BURN,1
2023-02-12T15:02,FAT_BURN,1
2023-02-12T15:03,FAT_BURN,1
2023-02-12T15:04,FAT_BURN,1
2023-02-12T15:05,FAT_BURN,1
2023-02-12T15:06,FAT_BURN,1
2023-02-12T15:07,FAT_BURN,1
2023-02-12T15:09,FAT_BURN,1
2023-02-12T15:10,CARDIO,2
2023-02-12T15:11,FAT_BURN,1
2023-02-12T15:12,FAT_BURN,1
2023-02-12T15:13,FAT_BURN,1
2023-02-12T15:43,FAT_BURN,1
2023-02-12T15:48,FAT_BURN,1
2023-02-12T15:49,FAT_BURN,1
2023-02-12T15:50,FAT_BURN,1
2023-02-12T15:58,FAT_BURN,1
2023-02-12T15:59,FAT_BURN,1
2023-02-12T16:00,FAT_BURN,1
2023-02-12T16:01,FAT_BURN,1
2023-02-12T16:02,FAT_BURN,1
2023-02-12T16:03,FAT_BURN,1
2023-02-12T16:10,FAT_BURN,1
2023-02-12T17:07,FAT_BURN,1
2023-02-12T17:58,FAT_BURN,1
2023-02-12T17:59,FAT_BURN,1
2023-02-12T18:08,FAT_BURN,1
2023-02-12T18:11,FAT_BURN,1
2023-02-12T18:12,FAT_BURN,1
2023-02-12T18:14,FAT_BURN,1
2023-02-12T18:19,FAT_BURN,1
2023-02-12T19:58,FAT_BURN,1
2023-02-12T19:59,FAT_BURN,1
2023-02-12T20:03,FAT_BURN,1
2023-02-12T20:05,FAT_BURN,1
2023-02-12T20:06,FAT_BURN,1
2023-02-12T20:07,FAT_BURN,1
2023-02-12T21:00,FAT_BURN,1
2023-02-14T09:06,FAT_BURN,1
2023-02-14T09:08,FAT_BURN,1
2023-02-14T09:09,FAT_BURN,1
2023-02-14T09:10,FAT_BURN,1
2023-02-14T09:11,FAT_BURN,1
2023-02-14T12:19,FAT_BURN,1
2023-02-14T12:20,FAT_BURN,1
2023-02-14T12:21,FAT_BURN,1
2023-02-14T12:22,FAT_BURN,1
2023-02-14T12:23,FAT_BURN,1
2023-02-14T12:24,FAT_BURN,1
2023-02-14T12:25,FAT_BURN,1
2023-02-14T12:26,FAT_BURN,1
2023-02-14T12:27,FAT_BURN,1
2023-02-14T12:29,FAT_BURN,1
2023-02-14T12:30,FAT_BURN,1
2023-02-14T12:31,FAT_BURN,1
2023-02-14T12:32,FAT_BURN,1
2023-02-14T12:50,FAT_BURN,1
2023-02-14T12:53,FAT_BURN,1
2023-02-14T12:54,FAT_BURN,1
2023-02-14T12:57,FAT_BURN,1
2023-02-14T16:21,FAT_BURN,1
2023-02-14T18:51,FAT_BURN,1
2023-02-14T18:52,FAT_BURN,1
2023-02-14T19:47,FAT_BURN,1
2023-02-14T19:48,FAT_BURN,1
2023-02-14T21:55,FAT_BURN,1
2023-02-15T09:54,FAT_BURN,1
2023-02-15T09:58,FAT_BURN,1
2023-02-15T09:59,FAT_BURN,1
2023-02-15T16:40,FAT_BURN,1
2023-02-15T16:41,FAT_BURN,1
2023-02-15T16:43,FAT_BURN,1
2023-02-15T16:44,FAT_BURN,1
2023-02-15T19:39,FAT_BURN,1
2023-02-15T19:40,FAT_BURN,1
2023-02-15T19:41,FAT_BURN,1
2023-02-15T19:55,FAT_BURN,1
2023-02-15T20:10,FAT_BURN,1
2023-02-15T20:12,FAT_BURN,1
2023-02-15T21:17,FAT_BURN,1
2023-02-16T10:34,FAT_BURN,1
2023-02-16T10:35,FAT_BURN,1
2023-02-16T10:36,FAT_BURN,1
2023-02-16T10:37,FAT_BURN,1
2023-02-16T10:38,FAT_BURN,1
2023-02-16T10:39,FAT_BURN,1
2023-02-16T10:40,FAT_BURN,1
2023-02-16T10:41,FAT_BURN,1
2023-02-16T10:42,FAT_BURN,1
2023-02-16T10:43,FAT_BURN,1
2023-02-16T10:44,FAT_BURN,1
2023-02-16T11:15,FAT_BURN,1
2023-02-16T11:16,FAT_BURN,1
2023-02-16T11:17,FAT_BURN,1
2023-02-16T13:22,FAT_BURN,1
2023-02-16T17:33,FAT_BURN,1
2023-02-16T17:35,FAT_BURN,1
2023-02-18T14:23,FAT_BURN,1
2023-02-18T14:26,FAT_BURN,1
2023-02-18T14:28,FAT_BURN,1
2023-02-18T14:29,FAT_BURN,1
2023-02-18T14:30,FAT_BURN,1
2023-02-18T14:31,FAT_BURN,1
2023-02-18T14:32,FAT_BURN,1
2023-02-18T14:33,FAT_BURN,1
2023-02-18T14:34,FAT_BURN,1
2023-02-18T14:35,FAT_BURN,1
2023-02-18T14:36,FAT_BURN,1
2023-02-18T14:37,FAT_BURN,1
2023-02-18T14:38,FAT_BURN,1
2023-02-18T14:39,FAT_BURN,1
2023-02-18T14:40,FAT_BURN,1
2023-02-18T14:41,FAT_BURN,1
2023-02-18T14:42,FAT_BURN,1
2023-02-18T14:43,FAT_BURN,1
2023-02-18T14:44,FAT_BURN,1
2023-02-18T14:45,FAT_BURN,1
2023-02-18T14:46,FAT_BURN,1
2023-02-18T14:47,FAT_BURN,1
2023-02-18T14:48,FAT_BURN,1
2023-02-18T14:49,FAT_BURN,1
2023-02-18T14:50,FAT_BURN,1
2023-02-19T10:18,CARDIO,2
2023-02-19T10:19,FAT_BURN,1
2023-02-19T10:22,FAT_BURN,1
2023-02-20T13:05,FAT_BURN,1
2023-02-20T13:11,FAT_BURN,1
2023-02-20T13:12,FAT_BURN,1
2023-02-20T13:13,FAT_BURN,1
2023-02-20T13:16,FAT_BURN,1
2023-02-20T13:17,FAT_BURN,1
2023-02-20T13:25,FAT_BURN,1
2023-02-20T13:26,FAT_BURN,1
2023-02-20T13:57,FAT_BURN,1
2023-02-20T13:59,FAT_BURN,1
2023-02-20T14:03,FAT_BURN,1
2023-02-20T14:04,FAT_BURN,1
2023-02-20T14:05,FAT_BURN,1
2023-02-20T14:06,FAT_BURN,1
2023-02-20T14:07,FAT_BURN,1
2023-02-20T14:08,FAT_BURN,1
2023-02-20T14:09,FAT_BURN,1
2023-02-20T14:10,FAT_BURN,1
2023-02-20T14:11,FAT_BURN,1
2023-02-20T14:12,FAT_BURN,1
2023-02-20T14:13,FAT_BURN,1
2023-02-20T14:14,FAT_BURN,1
2023-02-20T14:15,FAT_BURN,1
2023-02-20T14:16,FAT_BURN,1
2023-02-20T14:23,FAT_BURN,1
2023-02-20T14:24,FAT_BURN,1
2023-02-21T10:58,FAT_BURN,1
2023-02-21T10:59,FAT_BURN,1
2023-02-21T11:06,FAT_BURN,1
2023-02-21T11:07,FAT_BURN,1
2023-02-21T11:24,FAT_BURN,1
2023-02-21T11:27,FAT_BURN,1
2023-02-21T11:28,FAT_BURN,1
2023-02-21T11:29,FAT_BURN,1
2023-02-21T13:47,FAT_BURN,1
2023-02-21T13:49,FAT_BURN,1
2023-02-21T13:50,FAT_BURN,1
2023-02-21T13:51,FAT_BURN,1
2023-02-21T13:52,FAT_BURN,1
2023-02-21T13:53,FAT_BURN,1
2023-02-21T13:59,FAT_BURN,1
2023-02-21T14:00,FAT_BURN,1
2023-02-21T14:01,FAT_BURN,1
2023-02-21T14:02,FAT_BURN,1
2023-02-21T14:03,FAT_BURN,1
2023-02-21T14:04,FAT_BURN,1
2023-02-21T14:05,FAT_BURN,1
2023-02-21T14:06,FAT_BURN,1
2023-02-21T14:07,FAT_BURN,1
2023-02-21T14:08,FAT_BURN,1
2023-02-21T14:10,FAT_BURN,1
2023-02-21T14:11,FAT_BURN,1
2023-02-21T14:19,FAT_BURN,1
2023-02-21T14:20,FAT_BURN,1
2023-02-21T15:21,FAT_BURN,1
2023-02-21T15:23,FAT_BURN,1
2023-02-21T15:24,FAT_BURN,1
2023-02-21T15:25,FAT_BURN,1
2023-02-21T15:26,FAT_BURN,1
2023-02-21T15:28,FAT_BURN,1
2023-02-21T15:29,FAT_BURN,1
2023-02-21T15:30,FAT_BURN,1
2023-02-21T15:33,FAT_BURN,1
2023-02-21T15:34,FAT_BURN,1
2023-02-21T15:39,FAT_BURN,1
2023-02-21T15:50,FAT_BURN,1
2023-02-21T16:02,FAT_BURN,1
2023-02-21T16:03,FAT_BURN,1
2023-02-21T16:06,FAT_BURN,1
2023-02-21T16:30,FAT_BURN,1
2023-02-21T16:44,FAT_BURN,1
2023-02-21T17:29,FAT_BURN,1
2023-02-21T18:25,FAT_BURN,1
2023-02-21T18:26,FAT_BURN,1
2023-02-21T18:29,FAT_BURN,1
2023-02-21T18:30,FAT_BURN,1
2023-02-21T18:31,FAT_BURN,1
2023-02-21T18:32,FAT_BURN,1
2023-02-21T18:33,FAT_BURN,1
2023-02-21T18:34,FAT_BURN,1
2023-02-21T18:35,FAT_BURN,1
2023-02-21T18:39,FAT_BURN,1
2023-02-21T18:40,FAT_BURN,1
2023-02-21T18:41,FAT_BURN,1
2023-02-21T18:44,FAT_BURN,1
2023-02-21T18:50,FAT_BURN,1
2023-02-21T18:53,FAT_BURN,1
2023-02-21T18:54,FAT_BURN,1
2023-02-21T18:55,FAT_BURN,1
2023-02-21T18:57,FAT_BURN,1
2023-02-21T18:58,FAT_BURN,1
2023-02-21T18:59,FAT_BURN,1
2023-02-21T19:00,FAT_BURN,1
2023-02-21T19:07,FAT_BURN,1
2023-02-22T09:44,FAT_BURN,1
2023-02-22T09:45,FAT_BURN,1
2023-02-22T09:46,FAT_BURN,1
2023-02-22T10:52,FAT_BURN,1
2023-02-22T11:45,FAT_BURN,1
2023-02-22T12:05,FAT_BURN,1
2023-02-22T16:47,FAT_BURN,1
2023-02-22T16:48,FAT_BURN,1
2023-02-22T16:50,FAT_BURN,1
2023-02-22T17:00,FAT_BURN,1
2023-02-22T17:01,FAT_BURN,1
2023-02-22T17:02,FAT_BURN,1
2023-02-22T17:04,FAT_BURN,1
2023-02-22T20:13,FAT_BURN,1
2023-02-23T14:53,FAT_BURN,1
2023-02-23T14:54,FAT_BURN,1
2023-02-23T19:08,FAT_BURN,1
2023-02-23T19:09,FAT_BURN,1
2023-02-23T19:10,FAT_BURN,1
2023-02-23T19:11,FAT_BURN,1
2023-02-23T19:12,FAT_BURN,1
2023-02-23T19:13,FAT_BURN,1
2023-02-23T19:15,FAT_BURN,1
2023-02-23T19:16,FAT_BURN,1
2023-02-23T19:17,FAT_BURN,1
2023-02-23T19:18,FAT_BURN,1
2023-02-23T19:29,FAT_BURN,1
2023-02-23T19:30,FAT_BURN,1
2023-02-23T19:32,FAT_BURN,1
2023-02-25T19:30,FAT_BURN,1
2023-02-25T19:31,FAT_BURN,1
2023-02-25T19:32,FAT_BURN,1
2023-02-26T16:19,FAT_BURN,1