recorded_time,temperature,sensor_type
2024-06-27T00:00,1.4642808896608273,UNKNOWN
2024-06-27T00:01,1.3642808896608258,UNKNOWN
2024-06-27T00:02,1.3642808896608258,UNKNOWN
2024-06-27T00:03,1.3642808896608258,UNKNOWN
2024-06-27T00:04,1.2642808896608315,UNKNOWN
2024-06-27T00:05,1.2642808896608315,UNKNOWN
2024-06-27T00:06,1.2642808896608315,UNKNOWN
2024-06-27T00:07,1.3642808896608258,UNKNOWN
2024-06-27T00:08,1.3642808896608258,UNKNOWN
2024-06-27T00:09,1.2642808896608315,UNKNOWN
2024-06-27T00:10,1.2642808896608315,UNKNOWN
2024-06-27T00:11,1.2642808896608315,UNKNOWN
2024-06-27T00:12,1.2642808896608315,UNKNOWN
2024-06-27T00:13,1.2642808896608315,UNKNOWN
2024-06-27T00:14,1.2642808896608315,UNKNOWN
2024-06-27T00:15,1.2642808896608315,UNKNOWN
2024-06-27T00:16,1.2642808896608315,UNKNOWN
2024-06-27T00:17,1.3642808896608258,UNKNOWN
2024-06-27T00:18,1.3642808896608258,UNKNOWN
2024-06-27T00:19,1.3642808896608258,UNKNOWN
2024-06-27T00:20,1.3642808896608258,UNKNOWN
2024-06-27T00:21,1.3642808896608258,UNKNOWN
2024-06-27T00:22,1.3642808896608258,UNKNOWN
2024-06-27T00:23,1.2642808896608315,UNKNOWN
2024-06-27T00:24,1.2642808896608315,UNKNOWN
2024-06-27T00:25,1.16428088966083,UNKNOWN
2024-06-27T00:26,1.16428088966083,UNKNOWN
2024-06-27T00:27,1.16428088966083,UNKNOWN
2024-06-27T00:28,1.16428088966083,UNKNOWN
2024-06-27T00:29,1.16428088966083,UNKNOWN
2024-06-27T00:30,1.16428088966083,UNKNOWN
2024-06-27T00:31,1.0642808896608287,UNKNOWN
2024-06-27T00:32,1.0642808896608287,UNKNOWN
2024-06-27T00:33,1.0642808896608287,UNKNOWN
2024-06-27T00:34,0.9642808896608273,UNKNOWN
2024-06-27T00:35,0.9642808896608273,UNKNOWN
2024-06-27T00:36,0.9642808896608273,UNKNOWN
2024-06-27T00:37,0.9642808896608273,UNKNOWN
2024-06-27T00:38,0.9642808896608273,UNKNOWN
2024-06-27T00:39,0.9642808896608273,UNKNOWN
2024-06-27T00:40,0.9642808896608273,UNKNOWN
2024-06-27T00:41,0.9642808896608273,UNKNOWN
2024-06-27T00:42,0.9642808896608273,UNKNOWN
2024-06-27T00:43,1.0642808896608287,UNKNOWN
2024-06-27T00:44,1.0642808896608287,UNKNOWN
2024-06-27T00:45,1.0642808896608287,UNKNOWN
2024-06-27T00:46,1.16428088966083,UNKNOWN
2024-06-27T00:47,1.16428088966083,UNKNOWN
2024-06-27T00:48,1.16428088966083,UNKNOWN
2024-06-27T00:49,1.16428088966083,UNKNOWN
2024-06-27T00:50,1.16428088966083,UNKNOWN
2024-06-27T00:51,1.2642808896608315,UNKNOWN
2024-06-27T00:52,1.2642808896608315,UNKNOWN
2024-06-27T00:53,1.2642808896608315,UNKNOWN
2024-06-27T00:54,1.2642808896608315,UNKNOWN
2024-06-27T00:55,1.2642808896608315,UNKNOWN
2024-06-27T00:56,1.3642808896608258,UNKNOWN
2024-06-27T00:57,1.2642808896608315,UNKNOWN
2024-06-27T00:58,1.2642808896608315,UNKNOWN
2024-06-27T00:59,1.2642808896608315,UNKNOWN
2024-06-27T01:00,0.9642808896608273,UNKNOWN
2024-06-27T01:01,0.8642808896608258,UNKNOWN
2024-06-27T01:02,0.7642808896608315,UNKNOWN
2024-06-27T01:03,0.6642808896608301,UNKNOWN
2024-06-27T01:04,0.6642808896608301,UNKNOWN
2024-06-27T01:05,0.6642808896608301,UNKNOWN
2024-06-27T01:06,0.6642808896608301,UNKNOWN
2024-06-27T01:07,0.7642808896608315,UNKNOWN
2024-06-27T01:08,0.7642808896608315,UNKNOWN
2024-06-27T01:09,0.6642808896608301,UNKNOWN
2024-06-27T01:10,0.6642808896608301,UNKNOWN
2024-06-27T01:11,0.6642808896608301,UNKNOWN
2024-06-27T01:12,0.6642808896608301,UNKNOWN
2024-06-27T01:13,0.6642808896608301,UNKNOWN
2024-06-27T01:14,0.7642808896608315,UNKNOWN
2024-06-27T01:15,0.6642808896608301,UNKNOWN
2024-06-27T01:16,0.6642808896608301,UNKNOWN
2024-06-27T01:17,0.6642808896608301,UNKNOWN
2024-06-27T01:18,0.7642808896608315,UNKNOWN
2024-06-27T01:19,0.6642808896608301,UNKNOWN
2024-06-27T01:20,0.6642808896608301,UNKNOWN
2024-06-27T01:21,0.7642808896608315,UNKNOWN
2024-06-27T01:22,0.8642808896608258,UNKNOWN
2024-06-27T01:23,0.7642808896608315,UNKNOWN
2024-06-27T01:24,0.8642808896608258,UNKNOWN
2024-06-27T01:25,0.7642808896608315,UNKNOWN
2024-06-27T01:26,0.8642808896608258,UNKNOWN
2024-06-27T01:27,0.8642808896608258,UNKNOWN
2024-06-27T01:28,0.8642808896608258,UNKNOWN
2024-06-27T01:29,0.8642808896608258,UNKNOWN
2024-06-27T01:30,0.8642808896608258,UNKNOWN
2024-06-27T01:31,0.8642808896608258,UNKNOWN
2024-06-27T01:32,0.8642808896608258,UNKNOWN
2024-06-27T01:33,0.8642808896608258,UNKNOWN
2024-06-27T01:34,0.9642808896608273,UNKNOWN
2024-06-27T01:35,0.9642808896608273,UNKNOWN
2024-06-27T01:36,0.9642808896608273,UNKNOWN
2024-06-27T01:37,1.0642808896608287,UNKNOWN
2024-06-27T01:38,1.0642808896608287,UNKNOWN
2024-06-27T01:39,1.0642808896608287,UNKNOWN
2024-06-27T01:40,1.0642808896608287,UNKNOWN
2024-06-27T01:41,1.0642808896608287,UNKNOWN
2024-06-27T01:42,1.16428088966083,UNKNOWN
2024-06-27T01:43,1.16428088966083,UNKNOWN
2024-06-27T01:44,1.16428088966083,UNKNOWN
2024-06-27T01:45,1.0642808896608287,UNKNOWN
2024-06-27T01:46,1.0642808896608287,UNKNOWN
2024-06-27T01:47,1.16428088966083,UNKNOWN
2024-06-27T01:48,1.0642808896608287,UNKNOWN
2024-06-27T01:49,0.9642808896608273,UNKNOWN
2024-06-27T01:50,0.9642808896608273,UNKNOWN
2024-06-27T01:51,1.0642808896608287,UNKNOWN
2024-06-27T01:52,1.0642808896608287,UNKNOWN
2024-06-27T01:53,1.16428088966083,UNKNOWN
2024-06-27T01:54,1.16428088966083,UNKNOWN
2024-06-27T01:55,1.16428088966083,UNKNOWN
2024-06-27T01:56,1.2642808896608315,UNKNOWN
2024-06-27T01:57,1.2642808896608315,UNKNOWN
2024-06-27T01:58,1.2642808896608315,UNKNOWN
2024-06-27T01:59,1.2642808896608315,UNKNOWN
2024-06-27T02:00,1.16428088966083,UNKNOWN
2024-06-27T02:01,1.16428088966083,UNKNOWN
2024-06-27T02:02,1.16428088966083,UNKNOWN
2024-06-27T02:03,1.16428088966083,UNKNOWN
2024-06-27T02:04,1.0642808896608287,UNKNOWN
2024-06-27T02:05,1.0642808896608287,UNKNOWN
2024-06-27T02:06,0.9642808896608273,UNKNOWN
2024-06-27T02:07,0.9642808896608273,UNKNOWN
2024-06-27T02:08,0.8642808896608258,UNKNOWN
2024-06-27T02:09,0.8642808896608258,UNKNOWN
2024-06-27T02:10,0.7642808896608315,UNKNOWN
2024-06-27T02:11,0.7642808896608315,UNKNOWN
2024-06-27T02:12,0.7642808896608315,UNKNOWN
2024-06-27T02:13,0.7642808896608315,UNKNOWN
2024-06-27T02:14,0.6642808896608301,UNKNOWN
2024-06-27T02:15,0.7642808896608315,UNKNOWN
2024-06-27T02:16,0.9642808896608273,UNKNOWN
2024-06-27T02:17,1.16428088966083,UNKNOWN
2024-06-27T02:18,1.4642808896608273,UNKNOWN
2024-06-27T02:19,1.66428088966083,UNKNOWN
2024-06-27T02:20,1.8642808896608258,UNKNOWN
2024-06-27T02:21,1.9642808896608273,UNKNOWN
2024-06-27T02:22,2.0642808896608287,UNKNOWN
2024-06-27T02:23,2.2642808896608315,UNKNOWN
2024-06-27T02:24,2.364280889660826,UNKNOWN
2024-06-27T02:25,2.364280889660826,UNKNOWN
2024-06-27T02:26,2.4642808896608273,UNKNOWN
2024-06-27T02:27,2.5642808896608287,UNKNOWN
2024-06-27T02:28,2.66428088966083,UNKNOWN
2024-06-27T02:29,2.66428088966083,UNKNOWN
2024-06-27T02:30,2.7642808896608315,UNKNOWN
2024-06-27T02:31,2.7642808896608315,UNKNOWN
2024-06-27T02:32,2.864280889660826,UNKNOWN
2024-06-27T02:33,2.9642808896608273,UNKNOWN
2024-06-27T02:34,2.9642808896608273,UNKNOWN
2024-06-27T02:35,3.0642808896608287,UNKNOWN
2024-06-27T02:36,3.0642808896608287,UNKNOWN
2024-06-27T02:37,3.0642808896608287,UNKNOWN
2024-06-27T02:38,3.16428088966083,UNKNOWN
2024-06-27T02:39,3.16428088966083,UNKNOWN
2024-06-27T02:40,3.16428088966083,UNKNOWN
2024-06-27T02:41,3.2642808896608315,UNKNOWN
2024-06-27T02:42,3.2642808896608315,UNKNOWN
2024-06-27T02:43,3.2642808896608315,UNKNOWN
2024-06-27T02:44,3.2642808896608315,UNKNOWN
2024-06-27T02:45,3.2642808896608315,UNKNOWN
2024-06-27T02:46,3.2642808896608315,UNKNOWN
2024-06-27T02:47,3.364280889660826,UNKNOWN
2024-06-27T02:48,3.364280889660826,UNKNOWN
2024-06-27T02:49,3.2642808896608315,UNKNOWN
2024-06-27T02:50,3.364280889660826,UNKNOWN
2024-06-27T02:51,3.2642808896608315,UNKNOWN
2024-06-27T02:52,3.2642808896608315,UNKNOWN
2024-06-27T02:53,3.364280889660826,UNKNOWN
2024-06-27T02:54,3.364280889660826,UNKNOWN
2024-06-27T02:55,3.364280889660826,UNKNOWN
2024-06-27T02:56,3.364280889660826,UNKNOWN
2024-06-27T02:57,3.2642808896608315,UNKNOWN
2024-06-27T02:58,3.364280889660826,UNKNOWN
2024-06-27T02:59,3.364280889660826,UNKNOWN
2024-06-27T03:00,3.364280889660826,UNKNOWN
2024-06-27T03:01,3.16428088966083,UNKNOWN
2024-06-27T03:02,2.9642808896608273,UNKNOWN
2024-06-27T03:03,2.7642808896608315,UNKNOWN
2024-06-27T03:04,2.5642808896608287,UNKNOWN
2024-06-27T03:05,2.364280889660826,UNKNOWN
2024-06-27T03:06,2.2642808896608315,UNKNOWN
2024-06-27T03:07,2.2642808896608315,UNKNOWN
2024-06-27T03:08,2.16428088966083,UNKNOWN
2024-06-27T03:09,2.0642808896608287,UNKNOWN
2024-06-27T03:10,2.0642808896608287,UNKNOWN
2024-06-27T03:11,1.9642808896608273,UNKNOWN
2024-06-27T03:12,1.8642808896608258,UNKNOWN
2024-06-27T03:13,1.8642808896608258,UNKNOWN
2024-06-27T03:14,1.7642808896608315,UNKNOWN
2024-06-27T03:15,1.7642808896608315,UNKNOWN
2024-06-27T03:16,1.66428088966083,UNKNOWN
2024-06-27T03:17,1.66428088966083,UNKNOWN
2024-06-27T03:18,1.5642808896608287,UNKNOWN
2024-06-27T03:19,1.5642808896608287,UNKNOWN
2024-06-27T03:20,1.5642808896608287,UNKNOWN
2024-06-27T03:21,1.5642808896608287,UNKNOWN
2024-06-27T03:22,1.4642808896608273,UNKNOWN
2024-06-27T03:23,1.4642808896608273,UNKNOWN
2024-06-27T03:24,1.5642808896608287,UNKNOWN
2024-06-27T03:25,1.5642808896608287,UNKNOWN
2024-06-27T03:26,1.4642808896608273,UNKNOWN
2024-06-27T03:27,1.4642808896608273,UNKNOWN
2024-06-27T03:28,1.4642808896608273,UNKNOWN
2024-06-27T03:29,1.3642808896608258,UNKNOWN
2024-06-27T03:30,1.3642808896608258,UNKNOWN
2024-06-27T03:31,1.2642808896608315,UNKNOWN
2024-06-27T03:32,1.3642808896608258,UNKNOWN
2024-06-27T03:33,1.2642808896608315,UNKNOWN
2024-06-27T03:34,1.3642808896608258,UNKNOWN
2024-06-27T03:35,1.3642808896608258,UNKNOWN
2024-06-27T03:36,1.3642808896608258,UNKNOWN
2024-06-27T03:37,1.3642808896608258,UNKNOWN
2024-06-27T03:38,1.2642808896608315,UNKNOWN
2024-06-27T03:39,1.2642808896608315,UNKNOWN
2024-06-27T03:40,1.2642808896608315,UNKNOWN
2024-06-27T03:41,1.16428088966083,UNKNOWN
2024-06-27T03:42,1.16428088966083,UNKNOWN
2024-06-27T03:43,1.0642808896608287,UNKNOWN
2024-06-27T03:44,1.16428088966083,UNKNOWN
2024-06-27T03:45,1.16428088966083,UNKNOWN
2024-06-27T03:46,1.2642808896608315,UNKNOWN
2024-06-27T03:47,1.3642808896608258,UNKNOWN
2024-06-27T03:48,1.3642808896608258,UNKNOWN
2024-06-27T03:49,1.3642808896608258,UNKNOWN
2024-06-27T03:50,1.4642808896608273,UNKNOWN
2024-06-27T03:51,1.4642808896608273,UNKNOWN
2024-06-27T03:52,1.4642808896608273,UNKNOWN
2024-06-27T03:53,1.4642808896608273,UNKNOWN
2024-06-27T03:54,1.2642808896608315,UNKNOWN
2024-06-27T03:55,1.16428088966083,UNKNOWN
2024-06-27T03:56,0.9642808896608273,UNKNOWN
2024-06-27T03:57,0.8642808896608258,UNKNOWN
2024-06-27T03:58,0.7642808896608315,UNKNOWN
2024-06-27T03:59,0.6642808896608301,UNKNOWN
2024-06-27T04:00,0.6642808896608301,UNKNOWN
2024-06-27T04:01,0.46428088966082726,UNKNOWN
2024-06-27T04:02,0.46428088966082726,UNKNOWN
2024-06-27T04:03,0.46428088966082726,UNKNOWN
2024-06-27T04:04,0.46428088966082726,UNKNOWN
2024-06-27T04:05,0.46428088966082726,UNKNOWN
2024-06-27T04:06,0.46428088966082726,UNKNOWN
2024-06-27T04:07,0.46428088966082726,UNKNOWN
2024-06-27T04:08,0.46428088966082726,UNKNOWN
2024-06-27T04:09,0.46428088966082726,UNKNOWN
2024-06-27T04:10,0.46428088966082726,UNKNOWN
2024-06-27T04:11,0.46428088966082726,UNKNOWN
2024-06-27T04:12,0.46428088966082726,UNKNOWN
2024-06-27T04:13,0.46428088966082726,UNKNOWN
2024-06-27T04:14,0.46428088966082726,UNKNOWN
2024-06-27T04:15,0.36428088966082584,UNKNOWN
2024-06-27T04:16,0.36428088966082584,UNKNOWN
2024-06-27T04:17,0.36428088966082584,UNKNOWN
2024-06-27T04:18,0.36428088966082584,UNKNOWN
2024-06-27T04:19,0.36428088966082584,UNKNOWN
2024-06-27T04:20,0.46428088966082726,UNKNOWN
2024-06-27T04:21,0.2642808896608315,UNKNOWN
2024-06-27T04:22,0.06428088966082868,UNKNOWN
2024-06-27T04:23,-0.1357191103391706,UNKNOWN
2024-06-27T04:24,-0.1357191103391706,UNKNOWN
2024-06-27T04:25,-0.23571911033917203,UNKNOWN
2024-06-27T04:26,-0.23571911033917203,UNKNOWN
2024-06-27T04:27,-0.3357191103391699,UNKNOWN
2024-06-27T04:28,-0.3357191103391699,UNKNOWN
2024-06-27T04:29,-0.4357191103391713,UNKNOWN
2024-06-27T04:30,-0.4357191103391713,UNKNOWN
2024-06-27T04:31,-0.4357191103391713,UNKNOWN
2024-06-27T04:32,-0.4357191103391713,UNKNOWN
2024-06-27T04:33,-0.4357191103391713,UNKNOWN
2024-06-27T04:34,-0.4357191103391713,UNKNOWN
2024-06-27T04:35,-0.4357191103391713,UNKNOWN
2024-06-27T04:36,-0.4357191103391713,UNKNOWN
2024-06-27T04:37,-0.4357191103391713,UNKNOWN
2024-06-27T04:38,-0.4357191103391713,UNKNOWN
2024-06-27T04:39,-0.3357191103391699,UNKNOWN
2024-06-27T04:40,-0.3357191103391699,UNKNOWN
2024-06-27T04:41,-0.4357191103391713,UNKNOWN
2024-06-27T04:42,-0.3357191103391699,UNKNOWN
2024-06-27T04:43,-0.3357191103391699,UNKNOWN
2024-06-27T04:44,-0.4357191103391713,UNKNOWN
2024-06-27T04:45,-0.4357191103391713,UNKNOWN
2024-06-27T04:46,-0.4357191103391713,UNKNOWN
2024-06-27T04:47,-0.4357191103391713,UNKNOWN
2024-06-27T04:48,-0.4357191103391713,UNKNOWN
2024-06-27T04:49,-0.5357191103391727,UNKNOWN
2024-06-27T04:50,-0.5357191103391727,UNKNOWN
2024-06-27T04:51,-0.5357191103391727,UNKNOWN
2024-06-27T04:52,-0.5357191103391727,UNKNOWN
2024-06-27T04:53,-0.5357191103391727,UNKNOWN
2024-06-27T04:54,-0.5357191103391727,UNKNOWN
2024-06-27T04:55,-0.6357191103391706,UNKNOWN
2024-06-27T04:56,-0.5357191103391727,UNKNOWN
2024-06-27T04:57,-0.5357191103391727,UNKNOWN
2024-06-27T04:58,-0.5357191103391727,UNKNOWN
2024-06-27T04:59,-0.5357191103391727,UNKNOWN
2024-06-27T05:00,-0.5357191103391727,UNKNOWN
2024-06-27T05:01,-0.4357191103391713,UNKNOWN
2024-06-27T05:02,-0.4357191103391713,UNKNOWN
2024-06-27T05:03,-0.4357191103391713,UNKNOWN
2024-06-27T05:04,-0.4357191103391713,UNKNOWN
2024-06-27T05:05,-0.5357191103391727,UNKNOWN
2024-06-27T05:06,-0.5357191103391727,UNKNOWN
2024-06-27T05:07,-0.5357191103391727,UNKNOWN
2024-06-27T05:08,-0.6357191103391706,UNKNOWN
2024-06-27T05:09,-0.6357191103391706,UNKNOWN
2024-06-27T05:10,-0.6357191103391706,UNKNOWN
2024-06-27T05:11,-0.5357191103391727,UNKNOWN
2024-06-27T05:12,-0.4357191103391713,UNKNOWN
2024-06-27T05:13,-0.3357191103391699,UNKNOWN
2024-06-27T05:14,-0.23571911033917203,UNKNOWN
2024-06-27T05:15,-0.23571911033917203,UNKNOWN
2024-06-27T05:16,-0.23571911033917203,UNKNOWN
2024-06-27T05:17,-0.23571911033917203,UNKNOWN
2024-06-27T05:18,-0.23571911033917203,UNKNOWN
2024-06-27T05:19,-0.23571911033917203,UNKNOWN
2024-06-27T05:20,-0.23571911033917203,UNKNOWN
2024-06-27T05:21,-0.23571911033917203,UNKNOWN
2024-06-27T05:22,-0.23571911033917203,UNKNOWN
2024-06-27T05:23,-0.23571911033917203,UNKNOWN
2024-06-27T05:24,-0.23571911033917203,UNKNOWN
2024-06-27T05:25,-0.23571911033917203,UNKNOWN
2024-06-27T05:26,-0.23571911033917203,UNKNOWN
2024-06-27T05:27,-0.23571911033917203,UNKNOWN
2024-06-27T05:28,-0.23571911033917203,UNKNOWN
2024-06-27T05:29,-0.3357191103391699,UNKNOWN
2024-06-27T05:30,-0.3357191103391699,UNKNOWN
2024-06-27T05:31,-0.4357191103391713,UNKNOWN
2024-06-27T05:32,-0.4357191103391713,UNKNOWN
2024-06-27T05:33,-0.4357191103391713,UNKNOWN
2024-06-27T05:34,-0.4357191103391713,UNKNOWN
2024-06-27T05:35,-0.4357191103391713,UNKNOWN
2024-06-27T05:36,-0.4357191103391713,UNKNOWN
2024-06-27T05:37,-0.4357191103391713,UNKNOWN
2024-06-27T05:38,-0.3357191103391699,UNKNOWN
2024-06-27T05:39,-0.23571911033917203,UNKNOWN
2024-06-27T05:40,-0.1357191103391706,UNKNOWN
2024-06-27T05:41,-0.035719110339172744,UNKNOWN
2024-06-27T05:42,0.06428088966082868,UNKNOWN
2024-06-27T05:43,0.06428088966082868,UNKNOWN
2024-06-27T05:44,0.1642808896608301,UNKNOWN
2024-06-27T05:45,0.1642808896608301,UNKNOWN
2024-06-27T05:46,0.2642808896608315,UNKNOWN
2024-06-27T05:47,0.36428088966082584,UNKNOWN
2024-06-27T05:48,0.46428088966082726,UNKNOWN
2024-06-27T05:49,0.6642808896608301,UNKNOWN
2024-06-27T05:50,0.8642808896608258,UNKNOWN
2024-06-27T05:51,0.8642808896608258,UNKNOWN
2024-06-27T05:52,0.8642808896608258,UNKNOWN
2024-06-27T05:53,0.8642808896608258,UNKNOWN
2024-06-27T05:54,0.8642808896608258,UNKNOWN
2024-06-27T05:55,0.8642808896608258,UNKNOWN
2024-06-27T05:56,0.8642808896608258,UNKNOWN
2024-06-27T05:57,0.7642808896608315,UNKNOWN
2024-06-27T05:58,0.7642808896608315,UNKNOWN
2024-06-27T05:59,0.7642808896608315,UNKNOWN
2024-06-27T06:00,0.7642808896608315,UNKNOWN
2024-06-27T06:01,0.7642808896608315,UNKNOWN
2024-06-27T06:02,0.6642808896608301,UNKNOWN
2024-06-27T06:03,0.6642808896608301,UNKNOWN
2024-06-27T06:04,0.6642808896608301,UNKNOWN
2024-06-27T06:05,0.6642808896608301,UNKNOWN
2024-06-27T06:06,0.6642808896608301,UNKNOWN
2024-06-27T06:07,0.6642808896608301,UNKNOWN
2024-06-27T06:08,0.6642808896608301,UNKNOWN
2024-06-27T06:09,0.6642808896608301,UNKNOWN
2024-06-27T06:10,0.7642808896608315,UNKNOWN
2024-06-27T06:11,0.7642808896608315,UNKNOWN
2024-06-27T06:12,0.7642808896608315,UNKNOWN
2024-06-27T06:13,0.7642808896608315,UNKNOWN
2024-06-27T06:14,0.7642808896608315,UNKNOWN
2024-06-27T06:15,0.7642808896608315,UNKNOWN
2024-06-27T06:16,0.7642808896608315,UNKNOWN
2024-06-27T06:17,0.7642808896608315,UNKNOWN
2024-06-27T06:18,0.7642808896608315,UNKNOWN
2024-06-27T06:19,0.7642808896608315,UNKNOWN
2024-06-27T06:20,0.7642808896608315,UNKNOWN
2024-06-27T06:21,0.6642808896608301,UNKNOWN
2024-06-27T06:22,0.7642808896608315,UNKNOWN
2024-06-27T06:23,0.6642808896608301,UNKNOWN
2024-06-27T06:24,0.7642808896608315,UNKNOWN
2024-06-27T06:25,0.6642808896608301,UNKNOWN
2024-06-27T06:26,0.6642808896608301,UNKNOWN
2024-06-27T06:27,0.6642808896608301,UNKNOWN
2024-06-27T06:28,0.6642808896608301,UNKNOWN
2024-06-27T06:29,0.46428088966082726,UNKNOWN
2024-06-27T06:30,0.2642808896608315,UNKNOWN
2024-06-27T06:31,0.06428088966082868,UNKNOWN
2024-06-27T06:32,-0.035719110339172744,UNKNOWN
2024-06-27T06:33,-0.035719110339172744,UNKNOWN
2024-06-27T06:34,-0.035719110339172744,UNKNOWN
2024-06-27T06:35,-0.1357191103391706,UNKNOWN
2024-06-27T06:36,-0.1357191103391706,UNKNOWN
2024-06-27T06:37,-0.035719110339172744,UNKNOWN
2024-06-27T06:38,0.06428088966082868,UNKNOWN
2024-06-27T06:39,0.1642808896608301,UNKNOWN
2024-06-27T06:40,0.2642808896608315,UNKNOWN
2024-06-27T06:41,0.36428088966082584,UNKNOWN
2024-06-27T06:42,0.36428088966082584,UNKNOWN
2024-06-27T06:43,0.46428088966082726,UNKNOWN
2024-06-27T06:44,0.46428088966082726,UNKNOWN
2024-06-27T06:45,0.5642808896608287,UNKNOWN
2024-06-27T06:46,0.6642808896608301,UNKNOWN
2024-06-27T06:47,0.46428088966082726,UNKNOWN
2024-06-27T06:48,0.46428088966082726,UNKNOWN
2024-06-27T06:49,0.36428088966082584,UNKNOWN
2024-06-27T06:50,0.1642808896608301,UNKNOWN
2024-06-27T06:51,-0.035719110339172744,UNKNOWN
2024-06-27T06:52,-0.23571911033917203,UNKNOWN
2024-06-27T06:53,-0.3357191103391699,UNKNOWN
2024-06-27T06:54,-0.4357191103391713,UNKNOWN
2024-06-27T06:55,-0.4357191103391713,UNKNOWN
2024-06-27T06:56,-0.4357191103391713,UNKNOWN
2024-06-27T06:57,-0.3357191103391699,UNKNOWN
2024-06-27T06:58,-0.1357191103391706,UNKNOWN
2024-06-27T06:59,0.06428088966082868,UNKNOWN
2024-06-27T07:00,0.2642808896608315,UNKNOWN
2024-06-27T07:01,0.36428088966082584,UNKNOWN
2024-06-27T07:02,0.5642808896608287,UNKNOWN
2024-06-27T07:03,0.5642808896608287,UNKNOWN
2024-06-27T07:04,0.5642808896608287,UNKNOWN
2024-06-27T07:05,0.7642808896608315,UNKNOWN
2024-06-27T07:06,0.7642808896608315,UNKNOWN
2024-06-27T07:07,0.6642808896608301,UNKNOWN
2024-06-27T07:08,0.6642808896608301,UNKNOWN
2024-06-27T07:09,0.46428088966082726,UNKNOWN
2024-06-27T07:10,0.36428088966082584,UNKNOWN
2024-06-27T07:11,0.46428088966082726,UNKNOWN
2024-06-27T07:12,0.5642808896608287,UNKNOWN
2024-06-27T07:13,0.5642808896608287,UNKNOWN
2024-06-27T07:14,0.5642808896608287,UNKNOWN
2024-06-27T07:15,0.5642808896608287,UNKNOWN
2024-06-27T07:16,0.6642808896608301,UNKNOWN
2024-06-27T07:17,0.5642808896608287,UNKNOWN
2024-06-27T07:18,0.7642808896608315,UNKNOWN
2024-06-27T07:19,0.9642808896608273,UNKNOWN
2024-06-27T07:20,1.0642808896608287,UNKNOWN
2024-06-27T07:21,1.3642808896608258,UNKNOWN
2024-06-27T07:22,1.7642808896608315,UNKNOWN
2024-06-27T07:23,1.5642808896608287,UNKNOWN
2024-06-27T07:24,1.16428088966083,UNKNOWN
2024-06-27T07:25,0.8642808896608258,UNKNOWN
2024-06-27T07:26,0.5642808896608287,UNKNOWN
2024-06-27T07:27,0.36428088966082584,UNKNOWN
2024-06-27T07:28,0.1642808896608301,UNKNOWN
2024-06-27T07:29,-0.035719110339172744,UNKNOWN
2024-06-27T07:30,-0.035719110339172744,UNKNOWN
2024-06-27T07:31,-0.035719110339172744,UNKNOWN
2024-06-27T07:32,-0.035719110339172744,UNKNOWN
2024-06-27T07:33,-0.23571911033917203,UNKNOWN
2024-06-27T07:34,-0.23571911033917203,UNKNOWN
2024-06-27T07:35,-0.23571911033917203,UNKNOWN
2024-06-27T07:36,-0.1357191103391706,UNKNOWN
2024-06-27T07:37,-0.035719110339172744,UNKNOWN
2024-06-27T07:38,0.06428088966082868,UNKNOWN
2024-06-27T07:39,0.06428088966082868,UNKNOWN
2024-06-27T07:40,0.06428088966082868,UNKNOWN
2024-06-27T07:41,-0.035719110339172744,UNKNOWN
2024-06-27T07:42,-0.1357191103391706,UNKNOWN
2024-06-27T07:43,-0.1357191103391706,UNKNOWN
2024-06-27T07:44,-0.4357191103391713,UNKNOWN
2024-06-27T07:45,-0.6357191103391706,UNKNOWN
2024-06-27T07:46,-0.735719110339172,UNKNOWN
2024-06-27T07:47,-0.9357191103391713,UNKNOWN
2024-06-27T07:48,-1.0357191103391727,UNKNOWN
2024-06-27T07:49,-1.0357191103391727,UNKNOWN
2024-06-27T07:50,-1.1357191103391706,UNKNOWN
2024-06-27T07:51,-1.1357191103391706,UNKNOWN
2024-06-27T07:52,-1.235719110339172,UNKNOWN
2024-06-27T07:53,-1.33571911033917,UNKNOWN
2024-06-27T07:54,-1.235719110339172,UNKNOWN
2024-06-27T07:55,-1.1357191103391706,UNKNOWN
2024-06-27T07:56,-0.9357191103391713,UNKNOWN
2024-06-27T07:57,-0.9357191103391713,UNKNOWN
2024-06-27T07:58,-1.235719110339172,UNKNOWN
2024-06-27T07:59,-1.33571911033917,UNKNOWN
2024-06-27T08:00,-1.235719110339172,UNKNOWN
2024-06-27T08:01,-1.0357191103391727,UNKNOWN
2024-06-27T08:02,-1.1357191103391706,UNKNOWN
2024-06-27T08:03,-1.33571911033917,UNKNOWN
2024-06-27T08:04,-1.235719110339172,UNKNOWN
2024-06-27T08:05,-0.9357191103391713,UNKNOWN
2024-06-27T08:06,-0.4357191103391713,UNKNOWN
2024-06-27T08:07,-0.23571911033917203,UNKNOWN
2024-06-27T08:08,-0.1357191103391706,UNKNOWN
2024-06-27T08:09,-0.23571911033917203,UNKNOWN
2024-06-27T08:10,-0.23571911033917203,UNKNOWN
2024-06-27T08:11,-0.4357191103391713,UNKNOWN
2024-06-27T08:12,-0.6357191103391706,UNKNOWN
2024-06-27T08:13,-0.6357191103391706,UNKNOWN
2024-06-27T08:14,-0.735719110339172,UNKNOWN
2024-06-27T08:15,-0.8357191103391699,UNKNOWN
2024-06-27T08:16,-0.9357191103391713,UNKNOWN
2024-06-27T08:17,-1.1357191103391706,UNKNOWN
2024-06-27T08:18,-1.235719110339172,UNKNOWN
2024-06-27T08:19,-1.4357191103391713,UNKNOWN
2024-06-27T08:20,-1.4357191103391713,UNKNOWN
2024-06-27T08:21,-1.33571911033917,UNKNOWN
2024-06-27T08:22,-1.1357191103391706,UNKNOWN
2024-06-27T08:23,-0.9357191103391713,UNKNOWN
2024-06-27T08:24,-0.8357191103391699,UNKNOWN
2024-06-27T08:25,-0.735719110339172,UNKNOWN
2024-06-27T08:26,-0.9357191103391713,UNKNOWN
2024-06-27T08:27,-1.1357191103391706,UNKNOWN
2024-06-27T08:28,-1.235719110339172,UNKNOWN
2024-06-27T08:29,-1.235719110339172,UNKNOWN
2024-06-27T08:30,-1.1357191103391706,UNKNOWN
2024-06-27T08:31,-1.0357191103391727,UNKNOWN
2024-06-27T08:32,-0.9357191103391713,UNKNOWN
2024-06-27T08:33,-0.8357191103391699,UNKNOWN
2024-06-27T08:34,-0.735719110339172,UNKNOWN
2024-06-27T08:35,-0.8357191103391699,UNKNOWN
2024-06-27T08:36,-0.8357191103391699,UNKNOWN
2024-06-27T08:37,-0.735719110339172,UNKNOWN
2024-06-27T08:38,-0.735719110339172,UNKNOWN
2024-06-27T08:39,-0.735719110339172,UNKNOWN
2024-06-27T08:40,-0.8357191103391699,UNKNOWN
2024-06-27T08:41,-0.8357191103391699,UNKNOWN
2024-06-27T08:42,-0.9357191103391713,UNKNOWN
2024-06-27T08:43,-1.1357191103391706,UNKNOWN
2024-06-27T08:44,-1.33571911033917,UNKNOWN
2024-06-27T08:45,-1.5357191103391727,UNKNOWN
2024-06-27T08:46,-1.6357191103391706,UNKNOWN
2024-06-27T08:47,-1.735719110339172,UNKNOWN
2024-06-27T08:48,-1.6357191103391706,UNKNOWN
2024-06-27T08:49,-1.6357191103391706,UNKNOWN
2024-06-27T08:50,-1.735719110339172,UNKNOWN
2024-06-27T08:51,-1.6357191103391706,UNKNOWN
2024-06-27T08:52,-1.735719110339172,UNKNOWN
2024-06-27T08:53,-1.6357191103391706,UNKNOWN
2024-06-27T08:54,-1.735719110339172,UNKNOWN
2024-06-27T08:55,-1.6357191103391706,UNKNOWN
2024-06-27T08:56,-1.5357191103391727,UNKNOWN
2024-06-27T08:57,-1.4357191103391713,UNKNOWN
2024-06-27T08:58,-1.5357191103391727,UNKNOWN
2024-06-27T08:59,-1.4357191103391713,UNKNOWN
2024-06-27T09:00,-1.4357191103391713,UNKNOWN
2024-06-27T09:01,-1.4357191103391713,UNKNOWN
2024-06-27T09:02,-1.5357191103391727,UNKNOWN
2024-06-27T09:03,-1.5357191103391727,UNKNOWN
2024-06-27T09:04,-1.5357191103391727,UNKNOWN
2024-06-27T09:05,-1.5357191103391727,UNKNOWN
2024-06-27T09:06,-1.5357191103391727,UNKNOWN
2024-06-27T09:07,-0.6357191103391706,UNKNOWN
2024-06-27T09:08,0.06428088966082868,UNKNOWN
2024-06-27T09:09,0.06428088966082868,UNKNOWN
2024-06-27T09:10,-0.035719110339172744,UNKNOWN
2024-06-27T09:11,-0.23571911033917203,UNKNOWN
2024-06-27T09:12,-0.6357191103391706,UNKNOWN
2024-06-27T09:13,-0.6357191103391706,UNKNOWN
2024-06-27T09:14,-0.8357191103391699,UNKNOWN
2024-06-27T09:15,-1.0357191103391727,UNKNOWN
2024-06-27T09:16,-1.235719110339172,UNKNOWN
2024-06-27T09:17,-1.33571911033917,UNKNOWN
2024-06-27T09:18,-1.33571911033917,UNKNOWN
2024-06-27T09:19,-1.5357191103391727,UNKNOWN
2024-06-27T09:20,-1.5357191103391727,UNKNOWN
2024-06-27T09:21,-1.6357191103391706,UNKNOWN
2024-06-27T09:22,-1.735719110339172,UNKNOWN
2024-06-27T09:23,-2.0357191103391727,UNKNOWN
2024-06-27T09:24,-2.0357191103391727,UNKNOWN
2024-06-27T09:25,-1.9357191103391713,UNKNOWN
2024-06-27T09:26,-1.83571911033917,UNKNOWN
2024-06-27T09:27,-1.83571911033917,UNKNOWN
2024-06-27T09:28,-1.83571911033917,UNKNOWN
2024-06-27T09:29,-1.735719110339172,UNKNOWN
2024-06-27T09:30,-1.5357191103391727,UNKNOWN
2024-06-27T09:31,-1.5357191103391727,UNKNOWN
2024-06-27T09:32,-1.5357191103391727,UNKNOWN
2024-06-27T09:33,-1.5357191103391727,UNKNOWN
2024-06-27T09:34,-1.5357191103391727,UNKNOWN
2024-06-27T09:35,-1.5357191103391727,UNKNOWN
2024-06-27T09:36,-1.33571911033917,UNKNOWN
2024-06-27T09:37,-0.9357191103391713,UNKNOWN
2024-06-27T09:38,-0.23571911033917203,UNKNOWN
2024-06-27T09:39,0.1642808896608301,UNKNOWN
2024-06-27T09:40,0.06428088966082868,UNKNOWN
2024-06-27T09:41,-0.1357191103391706,UNKNOWN
2024-06-27T09:42,-0.3357191103391699,UNKNOWN
2024-06-27T09:43,-0.4357191103391713,UNKNOWN
2024-06-27T09:44,-0.6357191103391706,UNKNOWN
2024-06-27T09:45,-0.8357191103391699,UNKNOWN
2024-06-27T09:46,-1.0357191103391727,UNKNOWN
2024-06-27T09:47,-1.1357191103391706,UNKNOWN
2024-06-27T09:48,-1.235719110339172,UNKNOWN
2024-06-27T09:49,-1.235719110339172,UNKNOWN
2024-06-27T09:50,-1.0357191103391727,UNKNOWN
2024-06-27T09:51,-0.8357191103391699,UNKNOWN
2024-06-27T09:52,-0.735719110339172,UNKNOWN
2024-06-27T09:53,-0.9357191103391713,UNKNOWN
2024-06-27T09:54,-0.9357191103391713,UNKNOWN
2024-06-27T09:55,-0.9357191103391713,UNKNOWN
2024-06-27T09:56,-0.9357191103391713,UNKNOWN
2024-06-27T09:57,-1.0357191103391727,UNKNOWN
2024-06-27T09:58,-1.1357191103391706,UNKNOWN
2024-06-27T09:59,-1.235719110339172,UNKNOWN
2024-06-27T10:00,-1.4357191103391713,UNKNOWN
2024-06-27T10:01,-1.33571911033917,UNKNOWN
2024-06-27T10:02,-1.0357191103391727,UNKNOWN
2024-06-27T10:03,-0.3357191103391699,UNKNOWN
2024-06-27T10:04,-0.1357191103391706,UNKNOWN
2024-06-27T10:05,-0.1357191103391706,UNKNOWN
2024-06-27T10:06,-0.4357191103391713,UNKNOWN
2024-06-27T10:07,-0.4357191103391713,UNKNOWN
2024-06-27T10:08,-1.4357191103391713,UNKNOWN
2024-06-27T10:09,-4.535719110339173,UNKNOWN
2024-06-27T10:10,-5.935719110339171,UNKNOWN
2024-06-27T10:11,-6.535719110339173,UNKNOWN
2024-06-27T10:12,-6.33571911033917,UNKNOWN
2024-06-27T10:13,-5.83571911033917,UNKNOWN
2024-06-27T10:14,-5.235719110339172,UNKNOWN
2024-06-27T10:15,-4.535719110339173,UNKNOWN
2024-06-27T10:16,-3.83571911033917,UNKNOWN
2024-06-27T10:17,-3.0357191103391727,UNKNOWN
2024-06-27T10:18,-2.6357191103391706,UNKNOWN
2024-06-27T10:19,-2.33571911033917,UNKNOWN
2024-06-27T10:20,-1.83571911033917,UNKNOWN
2024-06-27T10:21,-1.5357191103391727,UNKNOWN
2024-06-27T10:22,-1.1357191103391706,UNKNOWN
2024-06-27T10:23,-0.735719110339172,UNKNOWN
2024-06-27T10:24,-0.5357191103391727,UNKNOWN
2024-06-27T10:25,-0.4357191103391713,UNKNOWN
2024-06-27T10:26,0.36428088966082584,UNKNOWN
2024-06-27T10:27,0.6642808896608301,UNKNOWN
2024-06-27T10:28,0.1642808896608301,UNKNOWN
2024-06-27T10:29,0.5642808896608287,UNKNOWN
2024-06-27T10:30,1.0642808896608287,UNKNOWN
2024-06-27T10:31,1.5642808896608287,UNKNOWN
2024-06-27T10:32,2.2642808896608315,UNKNOWN
2024-06-27T10:33,2.9642808896608273,UNKNOWN
2024-06-27T10:34,3.4642808896608273,UNKNOWN
2024-06-27T10:35,3.7642808896608315,UNKNOWN
2024-06-27T10:36,3.9642808896608273,UNKNOWN
2024-06-27T10:37,3.5642808896608287,UNKNOWN
2024-06-27T10:38,3.0642808896608287,UNKNOWN
2024-06-27T10:39,2.16428088966083,UNKNOWN
2024-06-27T10:40,1.4642808896608273,UNKNOWN
2024-06-27T10:41,1.16428088966083,UNKNOWN
2024-06-27T10:42,0.8642808896608258,UNKNOWN
2024-06-27T10:43,0.6642808896608301,UNKNOWN
2024-06-27T10:44,0.46428088966082726,UNKNOWN
2024-06-27T10:45,0.2642808896608315,UNKNOWN
2024-06-27T10:46,0.1642808896608301,UNKNOWN
2024-06-27T10:47,0.5642808896608287,UNKNOWN
2024-06-27T10:48,1.0642808896608287,UNKNOWN
2024-06-27T10:49,1.5642808896608287,UNKNOWN
2024-06-27T10:50,2.0642808896608287,UNKNOWN
2024-06-27T10:51,2.364280889660826,UNKNOWN
2024-06-27T10:52,2.364280889660826,UNKNOWN
2024-06-27T10:53,2.66428088966083,UNKNOWN
2024-06-27T10:54,2.5642808896608287,UNKNOWN
2024-06-27T10:55,2.16428088966083,UNKNOWN
2024-06-27T10:56,1.7642808896608315,UNKNOWN
2024-06-27T10:57,1.3642808896608258,UNKNOWN
2024-06-27T10:58,1.2642808896608315,UNKNOWN
2024-06-27T10:59,1.0642808896608287,UNKNOWN
2024-06-27T11:00,0.8642808896608258,UNKNOWN
2024-06-27T11:01,0.8642808896608258,UNKNOWN
2024-06-27T11:02,0.6642808896608301,UNKNOWN
2024-06-27T11:03,0.7642808896608315,UNKNOWN
2024-06-27T11:04,0.5642808896608287,UNKNOWN
2024-06-27T11:05,0.9642808896608273,UNKNOWN
2024-06-27T11:06,1.16428088966083,UNKNOWN
2024-06-27T11:07,0.9642808896608273,UNKNOWN
2024-06-27T11:08,0.9642808896608273,UNKNOWN
2024-06-27T11:09,0.9642808896608273,UNKNOWN
2024-06-27T11:10,1.0642808896608287,UNKNOWN
2024-06-27T11:11,1.16428088966083,UNKNOWN
2024-06-27T11:12,1.16428088966083,UNKNOWN
2024-06-27T11:13,1.16428088966083,UNKNOWN
2024-06-27T11:14,1.16428088966083,UNKNOWN
2024-06-27T11:15,1.16428088966083,UNKNOWN
2024-06-27T11:16,1.16428088966083,UNKNOWN
2024-06-27T11:17,1.2642808896608315,UNKNOWN
2024-06-27T11:18,1.4642808896608273,UNKNOWN
2024-06-27T11:19,1.4642808896608273,UNKNOWN
2024-06-27T11:20,1.5642808896608287,UNKNOWN
2024-06-27T11:21,1.66428088966083,UNKNOWN
2024-06-27T11:22,1.7642808896608315,UNKNOWN
2024-06-27T11:23,2.0642808896608287,UNKNOWN
2024-06-27T11:24,2.364280889660826,UNKNOWN
2024-06-27T11:25,2.16428088966083,UNKNOWN
2024-06-27T11:26,1.8642808896608258,UNKNOWN
2024-06-27T11:27,1.4642808896608273,UNKNOWN
2024-06-27T11:28,1.4642808896608273,UNKNOWN
2024-06-27T11:29,1.3642808896608258,UNKNOWN
2024-06-27T11:30,1.4642808896608273,UNKNOWN
2024-06-27T11:31,1.4642808896608273,UNKNOWN
2024-06-27T11:32,1.4642808896608273,UNKNOWN
2024-06-27T11:33,1.3642808896608258,UNKNOWN
2024-06-27T11:34,1.2642808896608315,UNKNOWN
2024-06-27T11:35,1.2642808896608315,UNKNOWN
2024-06-27T11:36,1.5642808896608287,UNKNOWN
2024-06-27T11:37,1.7642808896608315,UNKNOWN
2024-06-27T11:38,1.4642808896608273,UNKNOWN
2024-06-27T11:39,1.16428088966083,UNKNOWN
2024-06-27T11:40,1.2642808896608315,UNKNOWN
2024-06-27T11:41,1.16428088966083,UNKNOWN
2024-06-27T11:42,0.9642808896608273,UNKNOWN
2024-06-27T11:43,0.9642808896608273,UNKNOWN
2024-06-27T11:44,0.9642808896608273,UNKNOWN
2024-06-27T11:45,1.16428088966083,UNKNOWN
2024-06-27T11:46,0.9642808896608273,UNKNOWN
2024-06-27T11:47,0.6642808896608301,UNKNOWN
2024-06-27T11:48,0.46428088966082726,UNKNOWN
2024-06-27T11:49,0.36428088966082584,UNKNOWN
2024-06-27T11:50,0.46428088966082726,UNKNOWN
2024-06-27T11:51,0.36428088966082584,UNKNOWN
2024-06-27T11:52,0.36428088966082584,UNKNOWN
2024-06-27T11:53,0.1642808896608301,UNKNOWN
2024-06-27T11:54,0.06428088966082868,UNKNOWN
2024-06-27T11:55,-0.035719110339172744,UNKNOWN
2024-06-27T11:56,-0.1357191103391706,UNKNOWN
2024-06-27T11:57,-0.035719110339172744,UNKNOWN
2024-06-27T11:58,-0.3357191103391699,UNKNOWN
2024-06-27T11:59,-0.6357191103391706,UNKNOWN
2024-06-27T12:00,-0.8357191103391699,UNKNOWN
2024-06-27T12:01,-1.1357191103391706,UNKNOWN
2024-06-27T12:02,-1.235719110339172,UNKNOWN
2024-06-27T12:03,-1.235719110339172,UNKNOWN
2024-06-27T12:04,-1.1357191103391706,UNKNOWN
2024-06-27T12:05,-1.1357191103391706,UNKNOWN
2024-06-27T12:06,-0.8357191103391699,UNKNOWN
2024-06-27T12:07,-0.5357191103391727,UNKNOWN
2024-06-27T12:08,-0.5357191103391727,UNKNOWN
2024-06-27T12:09,-0.4357191103391713,UNKNOWN
2024-06-27T12:10,-0.4357191103391713,UNKNOWN
2024-06-27T12:11,-0.4357191103391713,UNKNOWN
2024-06-27T12:12,-0.23571911033917203,UNKNOWN
2024-06-27T12:13,-0.1357191103391706,UNKNOWN
2024-06-27T12:14,-0.23571911033917203,UNKNOWN
2024-06-27T12:15,-0.4357191103391713,UNKNOWN
2024-06-27T12:16,-0.6357191103391706,UNKNOWN
2024-06-27T12:17,-0.735719110339172,UNKNOWN
2024-06-27T12:18,-0.6357191103391706,UNKNOWN
2024-06-27T12:19,-0.4357191103391713,UNKNOWN
2024-06-27T12:20,-0.3357191103391699,UNKNOWN
2024-06-27T12:21,-0.3357191103391699,UNKNOWN
2024-06-27T12:22,-0.4357191103391713,UNKNOWN
2024-06-27T12:23,-0.23571911033917203,UNKNOWN
2024-06-27T12:24,-0.3357191103391699,UNKNOWN
2024-06-27T12:25,-0.4357191103391713,UNKNOWN
2024-06-27T12:26,-0.3357191103391699,UNKNOWN
2024-06-27T12:27,-0.23571911033917203,UNKNOWN
2024-06-27T12:28,-0.23571911033917203,UNKNOWN
2024-06-27T12:29,-0.1357191103391706,UNKNOWN
2024-06-27T12:30,-0.23571911033917203,UNKNOWN
2024-06-27T12:31,-0.23571911033917203,UNKNOWN
2024-06-27T12:32,-0.23571911033917203,UNKNOWN
2024-06-27T12:33,-0.23571911033917203,UNKNOWN
2024-06-27T12:34,-0.23571911033917203,UNKNOWN
2024-06-27T12:35,0.1642808896608301,UNKNOWN
2024-06-27T12:36,0.46428088966082726,UNKNOWN
2024-06-27T12:37,0.36428088966082584,UNKNOWN
2024-06-27T12:38,0.5642808896608287,UNKNOWN
2024-06-27T12:39,1.7642808896608315,UNKNOWN
2024-06-27T12:40,2.16428088966083,UNKNOWN
2024-06-27T12:41,1.8642808896608258,UNKNOWN
2024-06-27T12:42,2.0642808896608287,UNKNOWN
2024-06-27T12:43,1.9642808896608273,UNKNOWN
2024-06-27T12:44,1.66428088966083,UNKNOWN
2024-06-27T12:45,1.2642808896608315,UNKNOWN
2024-06-27T12:46,0.7642808896608315,UNKNOWN
2024-06-27T12:47,0.46428088966082726,UNKNOWN
2024-06-27T12:48,0.1642808896608301,UNKNOWN
2024-06-27T12:49,0.06428088966082868,UNKNOWN
2024-06-27T12:50,-0.035719110339172744,UNKNOWN
2024-06-27T12:51,-0.1357191103391706,UNKNOWN
2024-06-27T12:52,-0.23571911033917203,UNKNOWN
2024-06-27T12:53,-0.3357191103391699,UNKNOWN
2024-06-27T12:54,-0.3357191103391699,UNKNOWN
2024-06-27T12:55,-0.23571911033917203,UNKNOWN
2024-06-27T12:56,-0.1357191103391706,UNKNOWN
2024-06-27T12:57,-0.1357191103391706,UNKNOWN
2024-06-27T12:58,-0.1357191103391706,UNKNOWN
2024-06-27T12:59,-0.1357191103391706,UNKNOWN
2024-06-27T13:00,-0.3357191103391699,UNKNOWN
2024-06-27T13:01,-0.035719110339172744,UNKNOWN
2024-06-27T13:02,0.7642808896608315,UNKNOWN
2024-06-27T13:03,0.9642808896608273,UNKNOWN
2024-06-27T13:04,1.0642808896608287,UNKNOWN
2024-06-27T13:05,1.0642808896608287,UNKNOWN
2024-06-27T13:06,1.16428088966083,UNKNOWN
2024-06-27T13:07,1.0642808896608287,UNKNOWN
2024-06-27T13:08,1.0642808896608287,UNKNOWN
2024-06-27T13:09,0.9642808896608273,UNKNOWN
2024-06-27T13:10,0.9642808896608273,UNKNOWN
2024-06-27T13:11,1.0642808896608287,UNKNOWN
2024-06-27T13:12,1.0642808896608287,UNKNOWN
2024-06-27T13:13,0.9642808896608273,UNKNOWN
2024-06-27T13:14,1.0642808896608287,UNKNOWN
2024-06-27T13:15,1.2642808896608315,UNKNOWN
2024-06-27T13:16,1.4642808896608273,UNKNOWN
2024-06-27T13:17,1.5642808896608287,UNKNOWN
2024-06-27T13:18,1.7642808896608315,UNKNOWN
2024-06-27T13:19,1.7642808896608315,UNKNOWN
2024-06-27T13:20,1.5642808896608287,UNKNOWN
2024-06-27T13:21,1.3642808896608258,UNKNOWN
2024-06-27T13:22,1.2642808896608315,UNKNOWN
2024-06-27T13:23,1.0642808896608287,UNKNOWN
2024-06-27T13:24,1.5642808896608287,UNKNOWN
2024-06-27T13:25,1.8642808896608258,UNKNOWN
2024-06-27T13:26,2.0642808896608287,UNKNOWN
2024-06-27T13:27,2.16428088966083,UNKNOWN
2024-06-27T13:28,2.2642808896608315,UNKNOWN
2024-06-27T13:29,2.2642808896608315,UNKNOWN
2024-06-27T13:30,2.0642808896608287,UNKNOWN
2024-06-27T13:31,1.7642808896608315,UNKNOWN
2024-06-27T13:32,1.7642808896608315,UNKNOWN
2024-06-27T13:33,1.7642808896608315,UNKNOWN
2024-06-27T13:34,1.5642808896608287,UNKNOWN
2024-06-27T13:35,1.5642808896608287,UNKNOWN
2024-06-27T13:36,1.5642808896608287,UNKNOWN
2024-06-27T13:37,1.66428088966083,UNKNOWN
2024-06-27T13:38,1.7642808896608315,UNKNOWN
2024-06-27T13:39,1.5642808896608287,UNKNOWN
2024-06-27T13:40,1.16428088966083,UNKNOWN
2024-06-27T13:41,0.6642808896608301,UNKNOWN
2024-06-27T13:42,0.46428088966082726,UNKNOWN
2024-06-27T13:43,0.5642808896608287,UNKNOWN
2024-06-27T13:44,0.7642808896608315,UNKNOWN
2024-06-27T13:45,1.0642808896608287,UNKNOWN
2024-06-27T13:46,1.2642808896608315,UNKNOWN
2024-06-27T13:47,1.4642808896608273,UNKNOWN
2024-06-27T13:48,1.5642808896608287,UNKNOWN
2024-06-27T13:49,1.7642808896608315,UNKNOWN
2024-06-27T13:50,1.7642808896608315,UNKNOWN
2024-06-27T13:51,2.16428088966083,UNKNOWN
2024-06-27T13:52,1.66428088966083,UNKNOWN
2024-06-27T13:53,1.16428088966083,UNKNOWN
2024-06-27T13:54,0.6642808896608301,UNKNOWN
2024-06-27T13:55,0.1642808896608301,UNKNOWN
2024-06-27T13:56,-0.23571911033917203,UNKNOWN
2024-06-27T13:57,-0.5357191103391727,UNKNOWN
2024-06-27T13:58,-0.735719110339172,UNKNOWN
2024-06-27T13:59,-1.0357191103391727,UNKNOWN
2024-06-27T14:00,-1.0357191103391727,UNKNOWN
2024-06-27T14:01,-1.4357191103391713,UNKNOWN
2024-06-27T14:02,-1.9357191103391713,UNKNOWN
2024-06-27T14:03,-2.1357191103391706,UNKNOWN
2024-06-27T14:04,-2.1357191103391706,UNKNOWN
2024-06-27T14:05,-2.235719110339172,UNKNOWN
2024-06-27T14:06,-2.235719110339172,UNKNOWN
2024-06-27T14:07,-2.4357191103391713,UNKNOWN
2024-06-27T14:08,-2.5357191103391727,UNKNOWN
2024-06-27T14:09,-2.4357191103391713,UNKNOWN
2024-06-27T14:10,-2.33571911033917,UNKNOWN
2024-06-27T14:11,-2.235719110339172,UNKNOWN
2024-06-27T14:12,-2.33571911033917,UNKNOWN
2024-06-27T14:13,-2.5357191103391727,UNKNOWN
2024-06-27T14:14,-2.4357191103391713,UNKNOWN
2024-06-27T14:15,-2.4357191103391713,UNKNOWN
2024-06-27T14:16,-2.5357191103391727,UNKNOWN
2024-06-27T14:17,-2.5357191103391727,UNKNOWN
2024-06-27T14:18,-2.4357191103391713,UNKNOWN
2024-06-27T14:19,-2.4357191103391713,UNKNOWN
2024-06-27T14:20,-2.33571911033917,UNKNOWN
2024-06-27T14:21,-2.235719110339172,UNKNOWN
2024-06-27T14:22,-2.0357191103391727,UNKNOWN
2024-06-27T14:23,-1.6357191103391706,UNKNOWN
2024-06-27T14:24,-0.8357191103391699,UNKNOWN
2024-06-27T14:25,-0.1357191103391706,UNKNOWN
2024-06-27T14:26,0.46428088966082726,UNKNOWN
2024-06-27T14:27,0.7642808896608315,UNKNOWN
2024-06-27T14:28,1.0642808896608287,UNKNOWN
2024-06-27T14:29,1.2642808896608315,UNKNOWN
2024-06-27T14:30,1.3642808896608258,UNKNOWN
2024-06-27T14:31,1.5642808896608287,UNKNOWN
2024-06-27T14:32,1.8642808896608258,UNKNOWN
2024-06-27T14:33,1.9642808896608273,UNKNOWN
2024-06-27T14:34,2.0642808896608287,UNKNOWN
2024-06-27T14:35,2.2642808896608315,UNKNOWN
2024-06-27T14:36,2.364280889660826,UNKNOWN
2024-06-27T14:37,2.364280889660826,UNKNOWN
2024-06-27T14:38,2.364280889660826,UNKNOWN
2024-06-27T14:39,2.0642808896608287,UNKNOWN
2024-06-27T14:40,1.7642808896608315,UNKNOWN
2024-06-27T14:41,1.2642808896608315,UNKNOWN
2024-06-27T14:42,0.8642808896608258,UNKNOWN
2024-06-27T14:43,0.46428088966082726,UNKNOWN
2024-06-27T14:44,0.1642808896608301,UNKNOWN
2024-06-27T14:45,0.06428088966082868,UNKNOWN
2024-06-27T14:46,0.06428088966082868,UNKNOWN
2024-06-27T14:47,0.1642808896608301,UNKNOWN
2024-06-27T14:48,0.1642808896608301,UNKNOWN
2024-06-27T14:49,0.36428088966082584,UNKNOWN
2024-06-27T14:50,0.46428088966082726,UNKNOWN
2024-06-27T14:51,0.6642808896608301,UNKNOWN
2024-06-27T14:52,0.8642808896608258,UNKNOWN
2024-06-27T14:53,0.9642808896608273,UNKNOWN
2024-06-27T14:54,1.0642808896608287,UNKNOWN
2024-06-27T14:55,1.0642808896608287,UNKNOWN
2024-06-27T14:56,1.2642808896608315,UNKNOWN
2024-06-27T14:57,1.3642808896608258,UNKNOWN
2024-06-27T14:58,1.4642808896608273,UNKNOWN
2024-06-27T14:59,1.5642808896608287,UNKNOWN
2024-06-27T15:00,1.7642808896608315,UNKNOWN
2024-06-27T15:01,1.7642808896608315,UNKNOWN
2024-06-27T15:02,1.8642808896608258,UNKNOWN
2024-06-27T15:03,1.8642808896608258,UNKNOWN
2024-06-27T15:04,1.8642808896608258,UNKNOWN
2024-06-27T15:05,1.7642808896608315,UNKNOWN
2024-06-27T15:06,1.7642808896608315,UNKNOWN
2024-06-27T15:07,1.7642808896608315,UNKNOWN
2024-06-27T15:08,1.7642808896608315,UNKNOWN
2024-06-27T15:09,1.9642808896608273,UNKNOWN
2024-06-27T15:10,2.2642808896608315,UNKNOWN
2024-06-27T15:11,2.5642808896608287,UNKNOWN
2024-06-27T15:12,2.7642808896608315,UNKNOWN
2024-06-27T15:13,2.864280889660826,UNKNOWN
2024-06-27T15:14,3.0642808896608287,UNKNOWN
2024-06-27T15:15,2.864280889660826,UNKNOWN
2024-06-27T15:16,2.66428088966083,UNKNOWN
2024-06-27T15:17,2.364280889660826,UNKNOWN
2024-06-27T15:18,1.9642808896608273,UNKNOWN
2024-06-27T15:19,1.66428088966083,UNKNOWN
2024-06-27T15:20,1.5642808896608287,UNKNOWN
2024-06-27T15:21,1.3642808896608258,UNKNOWN
2024-06-27T15:22,1.16428088966083,UNKNOWN
2024-06-27T15:23,0.7642808896608315,UNKNOWN
2024-06-27T15:24,0.5642808896608287,UNKNOWN
2024-06-27T15:25,0.5642808896608287,UNKNOWN
2024-06-27T15:26,0.36428088966082584,UNKNOWN
2024-06-27T15:27,0.2642808896608315,UNKNOWN
2024-06-27T15:28,0.1642808896608301,UNKNOWN
2024-06-27T15:29,0.2642808896608315,UNKNOWN
2024-06-27T15:30,0.2642808896608315,UNKNOWN
2024-06-27T15:31,0.2642808896608315,UNKNOWN
2024-06-27T15:32,0.36428088966082584,UNKNOWN
2024-06-27T15:33,0.2642808896608315,UNKNOWN
2024-06-27T15:34,0.1642808896608301,UNKNOWN
2024-06-27T15:35,0.1642808896608301,UNKNOWN
2024-06-27T15:36,0.06428088966082868,UNKNOWN
2024-06-27T15:37,0.06428088966082868,UNKNOWN
2024-06-27T15:38,0.46428088966082726,UNKNOWN
2024-06-27T15:39,0.5642808896608287,UNKNOWN
2024-06-27T15:40,0.6642808896608301,UNKNOWN
2024-06-27T15:41,0.6642808896608301,UNKNOWN
2024-06-27T15:42,0.5642808896608287,UNKNOWN
2024-06-27T15:43,0.5642808896608287,UNKNOWN
2024-06-27T15:44,0.46428088966082726,UNKNOWN
2024-06-27T15:45,0.36428088966082584,UNKNOWN
2024-06-27T15:46,0.1642808896608301,UNKNOWN
2024-06-27T15:47,0.06428088966082868,UNKNOWN
2024-06-27T15:48,0.5642808896608287,UNKNOWN
2024-06-27T15:49,0.8642808896608258,UNKNOWN
2024-06-27T15:50,0.6642808896608301,UNKNOWN
2024-06-27T15:51,0.6642808896608301,UNKNOWN
2024-06-27T15:52,0.46428088966082726,UNKNOWN
2024-06-27T15:53,0.1642808896608301,UNKNOWN
2024-06-27T15:54,0.06428088966082868,UNKNOWN
2024-06-27T15:55,0.06428088966082868,UNKNOWN
2024-06-27T15:56,-0.035719110339172744,UNKNOWN
2024-06-27T15:57,-0.035719110339172744,UNKNOWN
2024-06-27T15:58,0.06428088966082868,UNKNOWN
2024-06-27T15:59,0.1642808896608301,UNKNOWN
2024-06-27T16:00,0.1642808896608301,UNKNOWN
2024-06-27T16:01,0.2642808896608315,UNKNOWN
2024-06-27T16:02,0.46428088966082726,UNKNOWN
2024-06-27T16:03,0.5642808896608287,UNKNOWN
2024-06-27T16:04,0.6642808896608301,UNKNOWN
2024-06-27T16:05,0.6642808896608301,UNKNOWN
2024-06-27T16:06,0.5642808896608287,UNKNOWN
2024-06-27T16:07,0.6642808896608301,UNKNOWN
2024-06-27T16:08,0.7642808896608315,UNKNOWN
2024-06-27T16:09,0.9642808896608273,UNKNOWN
2024-06-27T16:10,0.9642808896608273,UNKNOWN
2024-06-27T16:11,1.0642808896608287,UNKNOWN
2024-06-27T16:12,1.16428088966083,UNKNOWN
2024-06-27T16:13,1.16428088966083,UNKNOWN
2024-06-27T16:14,1.2642808896608315,UNKNOWN
2024-06-27T16:15,1.2642808896608315,UNKNOWN
2024-06-27T16:16,1.2642808896608315,UNKNOWN
2024-06-27T16:17,1.2642808896608315,UNKNOWN
2024-06-27T16:18,1.2642808896608315,UNKNOWN
2024-06-27T16:19,1.2642808896608315,UNKNOWN
2024-06-27T16:20,1.16428088966083,UNKNOWN
2024-06-27T16:21,1.16428088966083,UNKNOWN
2024-06-27T16:22,1.16428088966083,UNKNOWN
2024-06-27T16:23,0.9642808896608273,UNKNOWN
2024-06-27T16:24,0.7642808896608315,UNKNOWN
2024-06-27T16:25,0.7642808896608315,UNKNOWN
2024-06-27T16:26,0.5642808896608287,UNKNOWN
2024-06-27T16:27,0.46428088966082726,UNKNOWN
2024-06-27T16:28,0.46428088966082726,UNKNOWN
2024-06-27T16:29,0.5642808896608287,UNKNOWN
2024-06-27T16:30,0.46428088966082726,UNKNOWN
2024-06-27T16:31,0.5642808896608287,UNKNOWN
2024-06-27T16:32,0.5642808896608287,UNKNOWN
2024-06-27T16:33,0.5642808896608287,UNKNOWN
2024-06-27T16:34,0.7642808896608315,UNKNOWN
2024-06-27T16:35,0.7642808896608315,UNKNOWN
2024-06-27T16:36,0.6642808896608301,UNKNOWN
2024-06-27T16:37,0.6642808896608301,UNKNOWN
2024-06-27T16:38,0.36428088966082584,UNKNOWN
2024-06-27T16:39,0.06428088966082868,UNKNOWN
2024-06-27T16:40,-0.1357191103391706,UNKNOWN
2024-06-27T16:41,-0.035719110339172744,UNKNOWN
2024-06-27T16:42,-0.035719110339172744,UNKNOWN
2024-06-27T16:43,-1.0357191103391727,UNKNOWN
2024-06-27T16:44,-5.535719110339173,UNKNOWN
2024-06-27T16:45,-6.535719110339173,UNKNOWN
2024-06-27T16:46,-6.435719110339171,UNKNOWN
2024-06-27T16:47,-6.33571911033917,UNKNOWN
2024-06-27T16:48,-6.235719110339172,UNKNOWN
2024-06-27T16:49,-6.635719110339171,UNKNOWN
2024-06-27T16:50,-6.535719110339173,UNKNOWN
2024-06-27T16:51,-6.735719110339172,UNKNOWN
2024-06-27T16:52,-6.535719110339173,UNKNOWN
2024-06-27T16:53,-6.435719110339171,UNKNOWN
2024-06-27T16:54,-6.435719110339171,UNKNOWN
2024-06-27T16:55,-6.435719110339171,UNKNOWN
2024-06-27T16:56,-6.33571911033917,UNKNOWN
2024-06-27T16:57,-6.33571911033917,UNKNOWN
2024-06-27T16:58,-6.435719110339171,UNKNOWN
2024-06-27T16:59,-6.535719110339173,UNKNOWN
2024-06-27T17:00,-6.435719110339171,UNKNOWN
2024-06-27T17:01,-6.435719110339171,UNKNOWN
2024-06-27T17:02,-6.235719110339172,UNKNOWN
2024-06-27T17:03,-6.435719110339171,UNKNOWN
2024-06-27T17:04,-6.535719110339173,UNKNOWN
2024-06-27T17:05,-6.535719110339173,UNKNOWN
2024-06-27T17:06,-6.83571911033917,UNKNOWN
2024-06-27T17:07,-6.635719110339171,UNKNOWN
2024-06-27T17:08,-6.635719110339171,UNKNOWN
2024-06-27T17:09,-6.535719110339173,UNKNOWN
2024-06-27T17:10,-6.535719110339173,UNKNOWN
2024-06-27T17:11,-6.435719110339171,UNKNOWN
2024-06-27T17:12,-6.435719110339171,UNKNOWN
2024-06-27T17:13,-6.33571911033917,UNKNOWN
2024-06-27T17:14,-6.33571911033917,UNKNOWN
2024-06-27T17:15,-6.435719110339171,UNKNOWN
2024-06-27T17:16,-6.435719110339171,UNKNOWN
2024-06-27T17:17,-6.635719110339171,UNKNOWN
2024-06-27T17:18,-6.735719110339172,UNKNOWN
2024-06-27T17:19,-6.635719110339171,UNKNOWN
2024-06-27T17:20,-6.635719110339171,UNKNOWN
2024-06-27T17:21,-6.535719110339173,UNKNOWN
2024-06-27T17:22,-6.535719110339173,UNKNOWN
2024-06-27T17:23,-6.235719110339172,UNKNOWN
2024-06-27T17:24,-5.935719110339171,UNKNOWN
2024-06-27T17:25,-5.535719110339173,UNKNOWN
2024-06-27T17:26,-5.235719110339172,UNKNOWN
2024-06-27T17:27,-4.935719110339171,UNKNOWN
2024-06-27T17:28,-4.535719110339173,UNKNOWN
2024-06-27T17:29,-4.235719110339172,UNKNOWN
2024-06-27T17:30,-4.135719110339171,UNKNOWN
2024-06-27T17:31,-4.035719110339173,UNKNOWN
2024-06-27T17:32,-3.83571911033917,UNKNOWN
2024-06-27T17:33,-3.83571911033917,UNKNOWN
2024-06-27T17:34,-3.83571911033917,UNKNOWN
2024-06-27T17:35,-3.83571911033917,UNKNOWN
2024-06-27T17:36,-3.83571911033917,UNKNOWN
2024-06-27T17:37,-3.83571911033917,UNKNOWN
2024-06-27T17:38,-3.83571911033917,UNKNOWN
2024-06-27T17:39,-3.83571911033917,UNKNOWN
2024-06-27T17:40,-3.735719110339172,UNKNOWN
2024-06-27T17:41,-3.4357191103391713,UNKNOWN
2024-06-27T17:42,-3.33571911033917,UNKNOWN
2024-06-27T17:43,-3.1357191103391706,UNKNOWN
2024-06-27T17:44,-2.9357191103391713,UNKNOWN
2024-06-27T17:45,-2.6357191103391706,UNKNOWN
2024-06-27T17:46,-2.4357191103391713,UNKNOWN
2024-06-27T17:47,-2.1357191103391706,UNKNOWN
2024-06-27T17:48,-1.83571911033917,UNKNOWN
2024-06-27T17:49,-1.5357191103391727,UNKNOWN
2024-06-27T17:50,-1.4357191103391713,UNKNOWN
2024-06-27T17:51,-1.235719110339172,UNKNOWN
2024-06-27T17:52,-1.0357191103391727,UNKNOWN
2024-06-27T17:53,-0.9357191103391713,UNKNOWN
2024-06-27T17:54,-0.6357191103391706,UNKNOWN
2024-06-27T17:55,-0.5357191103391727,UNKNOWN
2024-06-27T17:56,-0.3357191103391699,UNKNOWN
2024-06-27T17:57,-0.1357191103391706,UNKNOWN
2024-06-27T17:58,-0.035719110339172744,UNKNOWN
2024-06-27T18:05,-4.135719110339171,UNKNOWN
2024-06-27T18:06,-3.6357191103391706,UNKNOWN
2024-06-27T18:07,-2.33571911033917,UNKNOWN
2024-06-27T18:08,-2.9357191103391713,UNKNOWN
2024-06-27T18:09,-1.9357191103391713,UNKNOWN
2024-06-27T18:10,-1.5357191103391727,UNKNOWN
2024-06-27T18:11,-1.4357191103391713,UNKNOWN
2024-06-27T18:12,-1.235719110339172,UNKNOWN
2024-06-27T18:13,-1.0357191103391727,UNKNOWN
2024-06-27T18:14,-0.9357191103391713,UNKNOWN
2024-06-27T18:15,-0.735719110339172,UNKNOWN
2024-06-27T18:16,-0.5357191103391727,UNKNOWN
2024-06-27T18:17,-0.3357191103391699,UNKNOWN
2024-06-27T18:18,-0.23571911033917203,UNKNOWN
2024-06-27T18:19,-0.3357191103391699,UNKNOWN
2024-06-27T18:20,-0.4357191103391713,UNKNOWN
2024-06-27T18:21,-0.6357191103391706,UNKNOWN
2024-06-27T18:22,-0.735719110339172,UNKNOWN
2024-06-27T18:23,-0.8357191103391699,UNKNOWN
2024-06-27T18:24,-0.8357191103391699,UNKNOWN
2024-06-27T18:25,-0.9357191103391713,UNKNOWN
2024-06-27T18:26,-1.0357191103391727,UNKNOWN
2024-06-27T18:27,-1.0357191103391727,UNKNOWN
2024-06-27T18:28,-0.9357191103391713,UNKNOWN
2024-06-27T18:29,-0.9357191103391713,UNKNOWN
2024-06-27T18:30,-0.8357191103391699,UNKNOWN
2024-06-27T18:31,-0.9357191103391713,UNKNOWN
2024-06-27T18:32,-0.9357191103391713,UNKNOWN
2024-06-27T18:33,-0.9357191103391713,UNKNOWN
2024-06-27T18:34,-0.8357191103391699,UNKNOWN
2024-06-27T18:35,-0.9357191103391713,UNKNOWN
2024-06-27T18:36,-0.9357191103391713,UNKNOWN
2024-06-27T18:37,-0.9357191103391713,UNKNOWN
2024-06-27T18:38,-0.735719110339172,UNKNOWN
2024-06-27T18:39,-0.5357191103391727,UNKNOWN
2024-06-27T18:40,-0.3357191103391699,UNKNOWN
2024-06-27T18:41,-0.1357191103391706,UNKNOWN
2024-06-27T18:42,0.06428088966082868,UNKNOWN
2024-06-27T18:43,0.36428088966082584,UNKNOWN
2024-06-27T18:44,0.5642808896608287,UNKNOWN
2024-06-27T18:45,0.7642808896608315,UNKNOWN
2024-06-27T18:46,0.8642808896608258,UNKNOWN
2024-06-27T18:47,0.9642808896608273,UNKNOWN
2024-06-27T18:48,1.0642808896608287,UNKNOWN
2024-06-27T18:49,1.2642808896608315,UNKNOWN
2024-06-27T18:50,1.2642808896608315,UNKNOWN
2024-06-27T18:51,1.4642808896608273,UNKNOWN
2024-06-27T18:52,1.4642808896608273,UNKNOWN
2024-06-27T18:53,1.5642808896608287,UNKNOWN
2024-06-27T18:54,1.66428088966083,UNKNOWN
2024-06-27T18:55,1.8642808896608258,UNKNOWN
2024-06-27T18:56,2.0642808896608287,UNKNOWN
2024-06-27T18:57,2.2642808896608315,UNKNOWN
2024-06-27T18:58,2.364280889660826,UNKNOWN
2024-06-27T18:59,2.364280889660826,UNKNOWN
2024-06-27T19:00,2.4642808896608273,UNKNOWN
2024-06-27T19:01,2.4642808896608273,UNKNOWN
2024-06-27T19:02,2.5642808896608287,UNKNOWN
2024-06-27T19:03,2.66428088966083,UNKNOWN
2024-06-27T19:04,2.5642808896608287,UNKNOWN
2024-06-27T19:05,2.4642808896608273,UNKNOWN
2024-06-27T19:06,2.4642808896608273,UNKNOWN
2024-06-27T19:07,2.16428088966083,UNKNOWN
2024-06-27T19:08,2.16428088966083,UNKNOWN
2024-06-27T19:09,1.9642808896608273,UNKNOWN
2024-06-27T19:10,1.7642808896608315,UNKNOWN
2024-06-27T19:11,1.66428088966083,UNKNOWN
2024-06-27T19:12,1.4642808896608273,UNKNOWN
2024-06-27T19:13,1.3642808896608258,UNKNOWN
2024-06-27T19:14,1.2642808896608315,UNKNOWN
2024-06-27T19:15,1.16428088966083,UNKNOWN
2024-06-27T19:16,1.0642808896608287,UNKNOWN
2024-06-27T19:17,0.9642808896608273,UNKNOWN
2024-06-27T19:18,0.46428088966082726,UNKNOWN
2024-06-27T19:19,-0.8357191103391699,UNKNOWN
2024-06-27T21:41,-5.935719110339171,UNKNOWN
2024-06-27T21:42,-3.0357191103391727,UNKNOWN
2024-06-27T21:43,-2.1357191103391706,UNKNOWN
2024-06-27T21:44,-1.4357191103391713,UNKNOWN
2024-06-27T21:45,-1.0357191103391727,UNKNOWN
2024-06-27T21:46,-0.735719110339172,UNKNOWN
2024-06-27T21:47,-0.5357191103391727,UNKNOWN
2024-06-27T21:48,-0.3357191103391699,UNKNOWN
2024-06-27T21:49,-0.1357191103391706,UNKNOWN
2024-06-27T21:50,-0.035719110339172744,UNKNOWN
2024-06-27T21:51,0.06428088966082868,UNKNOWN
2024-06-27T21:52,0.06428088966082868,UNKNOWN
2024-06-27T21:53,0.06428088966082868,UNKNOWN
2024-06-27T21:54,0.1642808896608301,UNKNOWN
2024-06-27T21:55,0.2642808896608315,UNKNOWN
2024-06-27T21:56,0.1642808896608301,UNKNOWN
2024-06-27T21:57,0.2642808896608315,UNKNOWN
2024-06-27T21:58,0.2642808896608315,UNKNOWN
2024-06-27T21:59,0.36428088966082584,UNKNOWN
2024-06-27T22:00,0.2642808896608315,UNKNOWN
2024-06-27T22:01,0.1642808896608301,UNKNOWN
2024-06-27T22:02,0.2642808896608315,UNKNOWN
2024-06-27T22:03,0.2642808896608315,UNKNOWN
2024-06-27T22:04,0.1642808896608301,UNKNOWN
2024-06-27T22:05,0.1642808896608301,UNKNOWN
2024-06-27T22:06,0.06428088966082868,UNKNOWN
2024-06-27T22:07,0.06428088966082868,UNKNOWN
2024-06-27T22:08,0.36428088966082584,UNKNOWN
2024-06-27T22:09,0.46428088966082726,UNKNOWN
2024-06-27T22:10,0.6642808896608301,UNKNOWN
2024-06-27T22:12,0.8642808896608258,UNKNOWN
2024-06-27T22:13,0.9642808896608273,UNKNOWN
2024-06-27T22:14,1.16428088966083,UNKNOWN
2024-06-27T22:15,1.2642808896608315,UNKNOWN
2024-06-27T22:16,1.4642808896608273,UNKNOWN
2024-06-27T22:17,1.5642808896608287,UNKNOWN
2024-06-27T22:18,1.5642808896608287,UNKNOWN
2024-06-27T22:19,1.5642808896608287,UNKNOWN
2024-06-27T22:20,1.66428088966083,UNKNOWN
2024-06-27T22:21,1.8642808896608258,UNKNOWN
2024-06-27T22:22,1.9642808896608273,UNKNOWN
2024-06-27T22:23,2.0642808896608287,UNKNOWN
2024-06-27T22:24,2.16428088966083,UNKNOWN
2024-06-27T22:25,2.2642808896608315,UNKNOWN
2024-06-27T22:26,2.364280889660826,UNKNOWN
2024-06-27T22:27,2.364280889660826,UNKNOWN
2024-06-27T22:28,2.4642808896608273,UNKNOWN
2024-06-27T22:29,2.5642808896608287,UNKNOWN
2024-06-27T22:30,2.66428088966083,UNKNOWN
2024-06-27T22:31,2.7642808896608315,UNKNOWN
2024-06-27T22:32,2.7642808896608315,UNKNOWN
2024-06-27T22:33,2.864280889660826,UNKNOWN
2024-06-27T22:34,2.864280889660826,UNKNOWN
2024-06-27T22:35,2.9642808896608273,UNKNOWN
2024-06-27T22:36,3.0642808896608287,UNKNOWN
2024-06-27T22:37,3.16428088966083,UNKNOWN
2024-06-27T22:38,3.2642808896608315,UNKNOWN
2024-06-27T22:39,3.0642808896608287,UNKNOWN
2024-06-27T22:40,2.864280889660826,UNKNOWN
2024-06-27T22:41,2.66428088966083,UNKNOWN
2024-06-27T22:42,2.5642808896608287,UNKNOWN
2024-06-27T22:43,2.364280889660826,UNKNOWN
2024-06-27T22:44,2.5642808896608287,UNKNOWN
2024-06-27T22:45,2.864280889660826,UNKNOWN
2024-06-27T22:46,3.16428088966083,UNKNOWN
2024-06-27T22:47,3.4642808896608273,UNKNOWN
2024-06-27T22:48,3.5642808896608287,UNKNOWN
2024-06-27T22:49,3.7642808896608315,UNKNOWN
2024-06-27T22:50,3.7642808896608315,UNKNOWN
2024-06-27T22:51,3.7642808896608315,UNKNOWN
2024-06-27T22:52,3.864280889660826,UNKNOWN
2024-06-27T22:53,3.7642808896608315,UNKNOWN
2024-06-27T22:54,3.7642808896608315,UNKNOWN
2024-06-27T22:55,3.66428088966083,UNKNOWN
2024-06-27T22:56,3.66428088966083,UNKNOWN
2024-06-27T22:57,3.66428088966083,UNKNOWN
2024-06-27T22:58,3.7642808896608315,UNKNOWN
2024-06-27T22:59,3.5642808896608287,UNKNOWN
2024-06-27T23:00,3.2642808896608315,UNKNOWN
2024-06-27T23:01,3.0642808896608287,UNKNOWN
2024-06-27T23:02,2.9642808896608273,UNKNOWN
2024-06-27T23:03,2.864280889660826,UNKNOWN
2024-06-27T23:04,2.7642808896608315,UNKNOWN
2024-06-27T23:05,2.66428088966083,UNKNOWN
2024-06-27T23:06,2.5642808896608287,UNKNOWN
2024-06-27T23:07,2.4642808896608273,UNKNOWN
2024-06-27T23:08,2.364280889660826,UNKNOWN
2024-06-27T23:09,2.2642808896608315,UNKNOWN
2024-06-27T23:10,2.2642808896608315,UNKNOWN
2024-06-27T23:11,2.2642808896608315,UNKNOWN
2024-06-27T23:12,2.16428088966083,UNKNOWN
2024-06-27T23:13,2.16428088966083,UNKNOWN
2024-06-27T23:14,2.16428088966083,UNKNOWN
2024-06-27T23:15,2.2642808896608315,UNKNOWN
2024-06-27T23:16,2.2642808896608315,UNKNOWN
2024-06-27T23:17,2.2642808896608315,UNKNOWN
2024-06-27T23:18,2.2642808896608315,UNKNOWN
2024-06-27T23:19,2.2642808896608315,UNKNOWN
2024-06-27T23:20,2.2642808896608315,UNKNOWN
2024-06-27T23:21,2.16428088966083,UNKNOWN
2024-06-27T23:22,2.16428088966083,UNKNOWN
2024-06-27T23:23,2.2642808896608315,UNKNOWN
2024-06-27T23:24,2.2642808896608315,UNKNOWN
2024-06-27T23:25,2.2642808896608315,UNKNOWN
2024-06-27T23:26,2.2642808896608315,UNKNOWN
2024-06-27T23:27,2.364280889660826,UNKNOWN
2024-06-27T23:28,2.364280889660826,UNKNOWN
2024-06-27T23:29,2.2642808896608315,UNKNOWN
2024-06-27T23:30,2.2642808896608315,UNKNOWN
2024-06-27T23:31,2.16428088966083,UNKNOWN
2024-06-27T23:32,2.16428088966083,UNKNOWN
2024-06-27T23:33,2.0642808896608287,UNKNOWN
2024-06-27T23:34,1.9642808896608273,UNKNOWN
2024-06-27T23:35,1.9642808896608273,UNKNOWN
2024-06-27T23:36,2.0642808896608287,UNKNOWN
2024-06-27T23:37,1.9642808896608273,UNKNOWN
2024-06-27T23:38,1.9642808896608273,UNKNOWN
2024-06-27T23:39,2.0642808896608287,UNKNOWN
2024-06-27T23:40,2.16428088966083,UNKNOWN
2024-06-27T23:41,2.16428088966083,UNKNOWN
2024-06-27T23:42,2.16428088966083,UNKNOWN
2024-06-27T23:43,2.16428088966083,UNKNOWN
2024-06-27T23:44,2.2642808896608315,UNKNOWN
2024-06-27T23:45,2.2642808896608315,UNKNOWN
2024-06-27T23:46,2.2642808896608315,UNKNOWN
2024-06-27T23:47,2.0642808896608287,UNKNOWN
2024-06-27T23:48,2.0642808896608287,UNKNOWN
2024-06-27T23:49,1.9642808896608273,UNKNOWN
2024-06-27T23:50,1.9642808896608273,UNKNOWN
2024-06-27T23:51,2.0642808896608287,UNKNOWN
2024-06-27T23:52,2.16428088966083,UNKNOWN
2024-06-27T23:53,2.16428088966083,UNKNOWN
2024-06-27T23:54,2.2642808896608315,UNKNOWN
2024-06-27T23:55,2.2642808896608315,UNKNOWN
2024-06-27T23:56,2.16428088966083,UNKNOWN
2024-06-27T23:57,2.2642808896608315,UNKNOWN
2024-06-27T23:58,2.2642808896608315,UNKNOWN
2024-06-27T23:59,2.16428088966083,UNKNOWN